sample_id,file_size_kb,entropy,num_sections,has_digital_signature,suspicious_imports,tls_callbacks_count,debug_size,shadow_copies_deleted,registry_run_modified,file_rename_rate_per_sec,file_modification_entropy_avg,suspicious_extension_changed,cpu_spike_ratio,memory_consumption_mb,network_c2_connections,label,family
BENIGN_01502,967.39,5.3314,5,1,0,0,112,0,0,0.07,4.3334,0,0.2596,145.25,0,0,Benign
MALWARE_00087,839.18,7.3407,9,0,8,0,0,1,1,19.54,7.7081,24,0.8065,58.92,2,1,Maze
MALWARE_00154,530.84,6.7,5,0,3,2,0,1,1,44.45,7.6957,22,0.9225,27.81,2,1,Cerber
BENIGN_01056,1524.7,5.1623,4,1,0,0,56,0,0,0.01,4.0403,0,0.2187,162.62,0,0,Benign
BENIGN_00706,2722.67,4.8059,4,0,0,0,56,0,0,0.3,4.7525,0,0.2046,167.33,0,0,Benign
BENIGN_00107,2142.32,4.3516,4,1,0,0,56,0,0,0.04,4.5803,0,0.1831,110.74,0,0,Benign
BENIGN_00590,1429.4,6.3936,5,1,0,0,112,0,0,0.14,5.3003,0,0.0809,98.85,0,0,Benign
BENIGN_02469,1662.69,4.7748,5,1,1,0,0,0,0,0.04,4.9331,0,0.1252,134.08,0,0,Benign
BENIGN_02414,405.89,5.3097,5,1,1,0,56,0,0,0.1,3.9442,0,0.1219,65.03,0,0,Benign
BENIGN_01601,763.87,4.8329,6,1,0,0,0,0,0,0.53,4.0214,0,0.2081,214.57,0,0,Benign
BENIGN_02465,2515.24,5.4163,5,0,0,0,56,0,0,0.03,4.9596,0,0.146,140.99,0,0,Benign
BENIGN_00229,773.8,6.0154,5,1,1,0,0,0,0,0.2,3.4946,0,0.0784,149.86,0,0,Benign
BENIGN_00916,2948.42,4.4317,4,1,0,0,56,0,0,0.01,4.5579,0,0.1719,89.97,0,0,Benign
BENIGN_00795,2251.17,3.5762,5,1,0,0,56,0,0,0.59,3.7827,0,0.1454,75.3,0,0,Benign
MALWARE_00522,614.07,7.637,9,0,2,1,0,1,1,49.15,7.6817,21,0.8218,25.72,1,1,Cerber
MALWARE_01044,719.8,7.3386,2,1,3,1,0,1,1,37.3,7.6855,18,0.8452,36.82,2,1,Ryuk
BENIGN_01074,1270.3,6.021,4,1,1,0,0,0,0,0.4,4.6605,0,0.1781,188.81,0,0,Benign
MALWARE_00852,850.98,7.2301,9,0,4,2,0,1,1,50.01,7.7888,19,0.9114,84.15,3,1,REvil
BENIGN_01745,1503.37,5.2323,4,1,1,0,84,0,0,0.01,4.2909,0,0.2621,159.73,0,0,Benign
BENIGN_01085,1516.01,5.4029,5,0,0,0,0,0,0,0.21,4.4325,0,0.3248,176.83,0,0,Benign
BENIGN_00927,695.63,6.5837,4,1,0,0,112,0,0,0.03,4.4449,0,0.0777,166.71,0,0,Benign
MALWARE_00550,440.26,7.875,7,0,3,0,0,1,1,13.63,7.9594,16,0.7537,30.58,1,1,REvil
BENIGN_01118,887.78,5.4516,4,1,1,0,56,0,0,0.16,3.0584,0,0.2489,92.79,0,0,Benign
BENIGN_00643,1975.62,4.0643,4,1,0,0,0,0,0,0.25,3.8299,0,0.05,89.72,1,0,Benign
MALWARE_02268,1045.79,7.3148,2,0,6,0,0,1,1,59.38,7.8588,24,0.8465,23.5,1,1,WannaCry
BENIGN_00502,20.0,5.6826,3,1,0,0,56,0,0,0.18,5.0652,0,0.1387,77.85,0,0,Benign
MALWARE_01567,889.6,7.2927,9,0,3,0,28,1,1,48.16,7.3486,16,0.9256,54.45,2,1,Cerber
BENIGN_00334,2417.65,3.6834,4,1,0,0,0,0,0,0.0,4.5548,0,0.0651,117.73,0,0,Benign
MALWARE_02185,223.49,7.4433,9,0,4,0,28,1,1,24.32,7.7102,11,0.8479,24.66,1,1,WannaCry
BENIGN_00487,1621.12,5.0388,5,1,0,0,84,0,0,0.66,4.0083,0,0.1934,123.74,0,0,Benign
BENIGN_01963,2770.15,4.4926,5,1,1,0,56,0,0,0.24,4.2045,0,0.1439,39.12,0,0,Benign
BENIGN_00394,526.67,4.0829,3,0,0,0,112,0,0,0.06,4.3316,0,0.1678,123.89,1,0,Benign
MALWARE_02343,849.07,7.1754,7,0,3,0,0,1,1,43.11,7.4383,22,0.8034,15.92,2,1,REvil
MALWARE_02367,654.8,7.7487,7,0,3,0,28,1,0,40.21,7.6462,15,0.7351,19.89,3,1,Maze
BENIGN_01756,174.43,4.3563,4,1,0,0,84,0,0,0.0,5.0302,0,0.1005,97.25,0,0,Benign
MALWARE_00016,763.53,7.3115,7,0,6,0,56,1,1,61.29,7.5497,17,0.809,47.68,1,1,REvil
MALWARE_01086,802.31,7.6877,7,0,3,1,0,1,1,74.67,7.6104,23,0.9274,47.99,4,1,REvil
MALWARE_01816,380.54,7.6782,5,0,7,1,0,1,1,62.02,7.5945,11,0.806,83.24,3,1,WannaCry
MALWARE_02467,466.3,7.382,7,0,1,0,0,1,0,63.83,7.5231,22,0.9488,34.35,1,1,Cerber
BENIGN_02100,697.37,6.0983,5,1,1,1,56,0,0,0.32,4.6177,0,0.0896,15.0,1,0,Benign
MALWARE_01100,685.41,7.1721,5,0,5,2,0,1,1,49.28,7.3619,14,0.7314,24.48,2,1,Cerber
MALWARE_01622,742.43,7.2181,9,0,3,0,0,1,0,52.55,7.5217,13,0.936,57.57,1,1,REvil
BENIGN_00030,2002.68,4.2407,5,1,1,0,0,0,0,0.19,4.1947,0,0.1153,130.19,0,0,Benign
BENIGN_00066,2756.4,3.3273,5,1,0,0,0,0,0,0.06,3.4323,0,0.05,80.08,0,0,Benign
BENIGN_00839,899.5,4.5604,4,1,1,0,56,0,0,0.22,5.0146,0,0.1385,140.93,0,0,Benign
MALWARE_01407,345.26,7.29,2,0,4,1,0,1,0,49.73,7.5945,21,0.8207,57.83,2,1,Ryuk
MALWARE_01274,10.0,7.4246,7,0,3,0,0,1,1,43.9,7.5541,14,0.9421,59.86,2,1,REvil
MALWARE_02136,395.75,7.4931,5,0,4,2,56,1,1,56.84,7.5678,18,0.9137,11.09,3,1,Cerber
MALWARE_00662,762.77,7.778,9,0,2,0,0,1,0,47.76,7.845,26,0.8465,39.37,3,1,Cerber
MALWARE_00160,529.55,7.093,9,0,8,1,28,1,0,77.38,7.7255,10,0.8918,39.3,1,1,Maze
MALWARE_02116,314.43,7.3289,2,0,7,0,28,1,1,32.9,7.7422,28,1.0,59.11,2,1,Cerber
MALWARE_02129,584.26,7.3127,9,0,2,0,0,1,0,42.18,7.5479,18,0.939,73.5,1,1,LockBit
BENIGN_02452,1792.3,5.3403,3,1,1,0,84,0,0,0.44,4.1208,0,0.1549,91.17,1,0,Benign
MALWARE_00347,459.21,7.703,2,0,2,0,0,1,1,58.7,7.7159,14,0.8344,58.47,1,1,Cerber
BENIGN_01145,1064.87,5.4607,4,1,0,0,56,0,0,0.34,3.6174,0,0.0949,181.46,1,0,Benign
MALWARE_00579,414.64,7.5917,5,0,3,0,0,1,1,61.51,7.4852,21,0.9142,8.88,3,1,Cerber
BENIGN_01104,2081.5,6.2057,4,1,2,0,0,0,0,0.15,4.6647,0,0.1867,64.99,0,0,Benign
BENIGN_00169,1475.88,4.3458,5,1,2,0,84,0,0,0.31,4.3615,0,0.1225,151.08,1,0,Benign
BENIGN_01671,1370.84,4.7439,5,1,0,0,112,0,0,0.04,4.2085,0,0.2897,118.12,0,0,Benign
MALWARE_00071,681.81,7.1312,5,0,6,0,0,1,0,49.4,7.6279,19,0.8604,54.07,3,1,LockBit
BENIGN_02378,130.12,4.6325,6,0,0,0,0,0,0,0.05,3.7048,0,0.1696,90.61,0,0,Benign
MALWARE_01896,1190.44,7.7123,7,0,9,0,28,1,1,35.92,7.8703,22,0.7551,40.49,1,1,LockBit
MALWARE_01758,443.82,7.99,9,0,4,1,0,1,1,25.67,7.6319,23,0.9675,52.84,2,1,WannaCry
MALWARE_01363,388.65,7.1642,7,0,9,0,0,1,1,34.9,7.9862,17,1.0,60.51,3,1,Maze
BENIGN_00024,476.06,5.1551,4,1,0,0,0,0,0,0.1,4.6648,0,0.2734,186.16,0,0,Benign
MALWARE_00134,270.7,7.7774,7,0,4,0,0,1,1,57.29,7.5449,14,0.7215,38.8,1,1,REvil
MALWARE_00841,371.94,7.6277,7,0,2,0,56,1,1,40.84,7.99,17,0.9845,59.08,3,1,Ryuk
BENIGN_02216,1564.95,4.3387,4,1,1,0,56,0,0,0.22,5.203,0,0.2236,138.38,0,0,Benign
MALWARE_01183,388.89,7.2022,7,0,4,1,28,1,1,14.9,7.5167,17,0.5765,81.63,1,1,Cerber
MALWARE_02225,768.0,7.4802,9,0,5,2,56,1,0,31.79,7.5235,12,0.7094,20.24,1,1,LockBit
BENIGN_01908,1656.97,4.9227,4,1,0,0,0,0,0,0.1,3.4802,0,0.1109,134.43,0,0,Benign
BENIGN_00085,2218.31,4.6347,4,1,0,0,56,0,0,0.13,4.4056,0,0.1865,148.49,0,0,Benign
BENIGN_00228,1748.47,3.974,4,1,0,0,56,0,0,0.05,4.4388,0,0.2181,112.16,0,0,Benign
BENIGN_00297,1760.67,5.7667,4,1,0,0,56,0,0,0.18,4.5134,0,0.1422,233.62,0,0,Benign
BENIGN_01002,2388.95,5.1821,5,1,0,0,84,0,0,0.44,3.6496,0,0.2522,139.57,0,0,Benign
BENIGN_02139,1408.76,3.8708,4,1,1,0,112,0,0,0.06,4.8283,0,0.1289,165.91,0,0,Benign
BENIGN_00712,1467.51,6.8,6,0,0,0,56,0,0,0.32,4.6059,0,0.3583,163.41,0,0,Benign
MALWARE_00302,528.92,7.99,7,0,4,0,0,1,1,68.43,7.6539,19,0.9054,36.57,1,1,REvil
MALWARE_00028,1008.63,7.4539,5,0,7,0,28,0,1,59.08,7.6316,17,0.8096,47.47,1,1,Maze
MALWARE_01253,720.75,7.4338,2,0,4,0,0,1,1,24.77,7.9785,17,0.9113,37.6,4,1,Maze
MALWARE_00822,902.23,7.7353,7,0,4,1,0,1,1,40.17,7.7377,18,1.0,58.24,1,1,Maze
MALWARE_00682,690.64,7.8493,9,0,4,0,28,1,1,32.73,7.4204,12,0.8169,53.45,1,1,REvil
MALWARE_01684,491.03,7.3184,9,0,4,0,0,1,0,51.27,7.9839,24,0.7589,50.18,1,1,Cerber
BENIGN_01616,526.43,3.2665,5,1,1,0,84,0,0,0.07,3.3117,0,0.05,74.84,0,0,Benign
MALWARE_00525,1238.65,7.8589,9,0,6,0,28,1,1,40.51,7.5419,21,0.7837,43.42,2,1,Cerber
BENIGN_01414,434.2,5.7696,5,1,1,1,112,0,0,0.33,3.7645,0,0.1641,44.67,0,0,Benign
BENIGN_00764,969.47,4.6676,4,1,1,0,84,0,0,0.02,4.6767,0,0.0574,143.6,0,0,Benign
BENIGN_00656,1986.36,4.6605,5,1,0,0,84,0,0,0.1,3.7937,0,0.1888,77.54,0,0,Benign
MALWARE_02298,525.95,7.9096,7,0,2,0,0,1,1,30.12,7.4394,29,0.8826,55.66,2,1,Cerber
MALWARE_01350,624.79,7.4585,9,1,3,0,28,1,0,60.25,7.6681,20,0.9948,45.43,4,1,REvil
MALWARE_01654,531.58,7.595,2,0,4,1,0,1,1,60.26,7.6743,21,0.8395,27.25,3,1,Maze
BENIGN_00469,992.63,3.9631,4,0,1,0,0,0,0,0.12,4.0976,0,0.05,47.17,0,0,Benign
BENIGN_00158,3684.69,4.6719,3,1,0,0,56,0,0,0.14,4.6028,0,0.1181,87.36,0,0,Benign
BENIGN_01296,1108.96,4.1543,5,1,1,0,0,0,0,0.17,4.3665,0,0.2179,58.2,0,0,Benign
BENIGN_00498,958.93,4.8235,4,1,0,1,0,0,0,0.12,4.51,0,0.05,261.67,0,0,Benign
MALWARE_02241,827.37,7.5764,9,0,5,2,28,1,1,47.55,7.5672,23,0.6906,49.26,1,1,REvil
MALWARE_00441,853.26,7.2761,5,0,3,2,0,1,1,58.07,7.6062,23,0.8274,31.72,2,1,Maze
MALWARE_00957,922.18,7.1419,5,0,4,0,0,1,0,52.92,7.643,21,0.8044,8.0,1,1,Ryuk
BENIGN_00374,638.66,5.5497,4,1,1,1,0,0,0,0.19,3.8465,0,0.1838,197.84,0,0,Benign
BENIGN_00080,2185.96,5.9057,4,0,1,0,0,0,0,0.27,4.5892,0,0.1795,100.33,0,0,Benign
BENIGN_01554,865.23,3.8806,3,1,0,0,112,0,0,0.05,4.8188,0,0.1078,175.66,1,0,Benign
BENIGN_01670,1302.54,6.4508,5,1,1,0,56,0,0,0.1,3.5852,0,0.1296,139.53,0,0,Benign
BENIGN_02132,1378.23,4.5297,3,1,1,0,112,0,0,0.36,4.9959,0,0.0755,125.67,0,0,Benign
MALWARE_01940,791.76,7.8471,7,0,5,0,0,1,1,61.01,7.99,17,0.8681,64.81,2,1,Maze
BENIGN_00466,1004.18,5.3493,3,1,2,0,56,0,0,0.69,4.1093,0,0.05,15.0,0,0,Benign
BENIGN_00249,1079.0,5.9107,5,1,0,0,56,0,0,0.19,4.2128,0,0.2209,87.46,0,0,Benign
BENIGN_00932,1490.48,5.1431,3,0,0,0,0,0,0,0.25,3.5514,0,0.1497,205.27,0,0,Benign
BENIGN_01336,2377.94,6.078,4,1,1,0,56,0,0,0.08,3.8013,0,0.1691,122.98,0,0,Benign
MALWARE_02025,503.58,7.2241,9,0,5,0,0,1,0,50.57,7.8568,16,0.7883,51.18,1,1,LockBit
BENIGN_01339,2386.83,5.6058,4,1,0,0,56,0,0,0.24,4.3806,0,0.1959,123.9,1,0,Benign
BENIGN_01407,2013.45,4.8026,5,1,0,0,56,0,0,0.01,3.7031,0,0.0947,133.58,0,0,Benign
BENIGN_01091,1392.15,4.7472,5,1,0,0,0,0,0,0.17,4.132,0,0.1605,104.47,0,0,Benign
MALWARE_01710,30.24,7.7483,2,0,6,0,28,1,0,55.44,7.6779,24,0.742,57.95,2,1,Cerber
BENIGN_00743,3470.85,4.7129,4,1,0,0,0,0,0,0.05,4.0298,0,0.2452,171.1,0,0,Benign
BENIGN_02324,1208.46,4.4641,4,1,0,0,84,0,0,0.0,3.7076,0,0.05,90.65,0,0,Benign
MALWARE_01102,796.21,7.8363,5,1,5,0,0,1,1,31.96,7.99,20,0.7579,58.13,2,1,LockBit
BENIGN_02124,1152.3,5.5237,5,0,0,0,0,0,0,0.24,3.9184,0,0.0851,153.41,0,0,Benign
BENIGN_02095,987.24,3.5694,4,1,1,0,56,0,0,0.05,4.6785,0,0.334,95.35,0,0,Benign
BENIGN_00241,1196.48,5.0657,4,0,0,0,56,0,0,0.17,3.9842,0,0.1741,129.19,0,0,Benign
BENIGN_02352,2863.09,3.9357,3,1,0,0,84,0,0,0.02,3.0231,0,0.0958,57.29,0,0,Benign
BENIGN_01371,492.56,5.1208,4,1,0,0,84,0,0,0.28,5.0629,0,0.1255,136.51,0,0,Benign
BENIGN_01058,1009.45,4.0917,5,1,0,0,84,0,0,0.42,3.7364,0,0.1121,98.34,0,0,Benign
MALWARE_02317,370.06,7.4685,7,0,4,1,0,0,1,54.87,7.5951,18,0.7085,79.47,1,1,Maze
BENIGN_00200,1682.86,4.1356,5,1,1,0,56,0,0,0.25,4.5135,0,0.1193,132.51,0,0,Benign
BENIGN_02281,3178.85,4.0274,5,1,0,0,56,0,0,0.05,4.1902,0,0.1756,45.14,0,0,Benign
MALWARE_02250,318.54,7.298,5,0,4,1,0,1,1,52.7,7.8482,19,0.8674,51.07,1,1,Maze
BENIGN_02221,1368.42,4.8288,4,1,1,0,84,0,0,0.09,4.8084,0,0.112,108.35,0,0,Benign
MALWARE_02272,888.87,7.6978,7,0,6,0,0,1,1,23.47,7.7316,29,0.8607,28.95,2,1,Ryuk
MALWARE_00320,387.67,7.4804,5,0,3,0,0,1,1,43.27,7.8281,13,0.7959,32.96,1,1,WannaCry
MALWARE_00651,731.39,7.7751,2,0,4,1,0,1,0,39.31,7.8003,25,0.8927,43.77,2,1,Maze
MALWARE_01757,803.05,7.4269,5,0,1,1,0,1,1,30.73,7.9533,16,0.8492,36.69,4,1,Cerber
MALWARE_00608,1196.35,7.3666,2,0,5,1,0,1,0,38.2,7.593,17,0.7097,59.87,1,1,REvil
BENIGN_01974,949.98,5.6179,5,1,0,0,0,0,0,0.33,3.5086,0,0.0562,112.74,0,0,Benign
BENIGN_01376,2094.51,5.1716,5,1,0,0,84,0,0,0.15,3.9841,0,0.1291,150.88,0,0,Benign
MALWARE_01469,1038.45,7.6664,7,0,1,0,0,1,0,53.84,7.7296,20,0.9098,32.02,2,1,LockBit
MALWARE_01563,345.72,7.2857,5,0,3,2,0,0,1,29.72,7.9122,18,0.869,27.5,2,1,WannaCry
MALWARE_01946,404.89,7.9707,5,0,7,1,0,1,1,37.81,7.5659,16,0.7665,30.22,1,1,Cerber
MALWARE_01058,298.73,7.6662,9,0,5,1,28,1,1,36.38,7.3991,17,0.8352,20.05,3,1,LockBit
BENIGN_00965,1205.8,5.4129,5,1,0,0,56,0,0,0.09,3.0523,0,0.2922,144.19,0,0,Benign
BENIGN_00180,1554.7,4.8709,4,1,1,0,56,0,0,0.14,4.3184,0,0.05,15.0,0,0,Benign
MALWARE_01199,564.01,7.8357,7,0,2,0,56,0,1,58.47,7.7287,19,0.8697,30.24,2,1,WannaCry
MALWARE_01322,582.51,7.9272,7,0,6,0,0,1,0,56.17,7.767,17,0.9242,38.93,2,1,REvil
MALWARE_02379,530.74,7.7818,5,0,5,0,0,1,0,26.49,7.7615,15,0.9537,20.48,1,1,LockBit
MALWARE_01400,740.15,7.8644,9,0,4,0,0,1,1,40.88,7.6789,18,0.8984,35.71,2,1,LockBit
MALWARE_01988,1081.39,7.7243,5,0,2,0,0,1,0,62.48,7.6383,23,0.7389,75.41,3,1,Ryuk
MALWARE_00739,851.84,7.3673,2,0,9,0,0,1,1,64.83,7.5208,13,0.8024,72.15,1,1,Ryuk
MALWARE_00475,879.48,7.4838,9,0,7,0,0,1,1,41.33,7.7379,12,0.8033,51.58,2,1,LockBit
MALWARE_01081,10.0,7.99,5,0,4,0,0,1,1,9.44,7.6377,14,0.7734,11.63,1,1,REvil
MALWARE_00388,64.87,7.9777,5,0,3,1,56,1,1,57.93,7.9101,18,0.9493,26.53,2,1,WannaCry
MALWARE_00076,1398.56,7.6895,7,1,3,0,0,0,1,50.3,7.5006,19,0.723,8.0,2,1,REvil
BENIGN_01420,2414.21,3.9965,3,1,1,0,56,0,0,0.06,3.9547,0,0.0943,72.95,1,0,Benign
MALWARE_01408,661.45,7.0166,9,0,6,1,28,1,1,43.39,7.7907,17,0.8533,19.79,2,1,LockBit
MALWARE_02174,614.63,7.7514,5,0,3,1,28,1,1,22.06,7.6988,14,1.0,23.96,1,1,Maze
MALWARE_02403,603.95,7.2353,9,1,8,0,0,0,0,56.89,7.59,19,0.9576,51.89,1,1,Ryuk
BENIGN_01861,1310.76,4.9246,4,1,0,0,0,0,0,0.38,4.5871,0,0.2478,139.76,0,0,Benign
BENIGN_00009,2597.49,4.9404,5,1,0,0,56,0,0,0.39,4.2031,0,0.1312,49.23,0,0,Benign
MALWARE_00395,368.0,7.63,2,0,2,2,0,1,1,50.73,7.412,25,0.871,47.8,1,1,Cerber
MALWARE_00348,810.58,7.4208,7,0,4,0,28,1,1,27.66,7.673,18,0.7065,24.93,2,1,Cerber
MALWARE_01165,599.87,7.2182,7,0,9,1,0,1,1,41.17,7.8458,20,0.8289,61.48,1,1,LockBit
BENIGN_00145,3150.02,3.946,3,0,1,1,56,0,1,0.22,3.5626,0,0.1843,110.64,0,0,Benign
BENIGN_02105,1661.15,4.931,6,1,1,0,112,0,0,0.01,4.4506,0,0.27,51.35,1,0,Benign
MALWARE_00644,564.58,7.1747,9,0,11,0,28,1,1,79.33,7.6943,16,0.9031,8.0,3,1,Maze
BENIGN_00842,814.05,4.9847,6,1,0,0,56,0,0,0.05,5.2893,0,0.1258,199.37,1,0,Benign
BENIGN_01129,1751.81,3.9589,4,1,0,0,84,0,0,0.09,4.4933,0,0.235,159.4,0,0,Benign
BENIGN_00152,1190.82,5.0938,3,1,0,0,56,0,0,0.07,5.3029,0,0.234,76.8,0,0,Benign
MALWARE_01092,742.75,7.6303,9,0,8,0,28,0,1,39.43,7.7739,19,0.977,68.83,1,1,WannaCry
BENIGN_01053,1321.08,4.3174,5,1,0,0,56,0,0,0.33,3.9775,0,0.1442,122.6,0,0,Benign
BENIGN_01591,1493.95,5.5548,5,1,0,0,0,0,0,0.01,4.3189,0,0.1551,126.75,0,0,Benign
MALWARE_00509,1110.75,7.3789,2,0,1,1,0,0,1,59.77,7.8361,16,1.0,51.14,1,1,Ryuk
BENIGN_02030,888.03,5.947,4,0,0,0,84,0,0,0.3,4.1281,0,0.085,72.35,0,0,Benign
MALWARE_00919,1405.33,7.7845,9,0,3,0,0,1,1,47.73,7.7408,19,0.8307,80.98,1,1,REvil
BENIGN_01808,1950.17,4.6423,4,0,1,0,0,0,0,0.2,3.7015,0,0.1865,128.45,1,0,Benign
MALWARE_00197,687.6,7.4771,2,0,5,1,28,1,0,33.7,7.834,23,0.7502,29.14,2,1,WannaCry
MALWARE_00540,689.8,7.5776,9,0,5,0,0,1,1,44.83,7.3466,22,1.0,23.18,2,1,REvil
BENIGN_00473,1568.77,4.3303,5,1,0,0,0,0,0,0.13,4.09,0,0.1484,95.88,0,0,Benign
MALWARE_00790,754.28,7.8337,9,0,5,0,28,1,1,21.29,7.7138,23,0.9628,42.67,2,1,LockBit
MALWARE_01575,365.85,7.1572,5,0,10,1,0,1,1,18.0,7.793,16,0.9182,29.96,3,1,WannaCry
MALWARE_00997,434.04,7.6939,5,0,4,0,0,1,1,47.94,7.99,17,0.7312,66.99,1,1,Ryuk
BENIGN_00280,1468.78,4.5466,3,1,0,0,56,0,0,0.04,4.1865,0,0.2306,57.25,1,0,Benign
BENIGN_01742,3294.82,4.7512,4,1,0,0,56,0,0,1.04,4.906,0,0.0775,122.0,0,0,Benign
MALWARE_02125,504.15,7.5273,7,0,3,1,0,1,0,49.43,7.4909,20,1.0,62.68,3,1,REvil
MALWARE_00387,916.99,6.9164,9,0,3,0,0,1,1,41.23,7.4745,24,0.9485,52.99,1,1,Ryuk
BENIGN_01942,1828.89,4.072,3,1,2,0,56,0,0,0.16,4.437,0,0.1003,162.46,0,0,Benign
BENIGN_00101,152.17,4.053,5,1,1,0,84,0,0,0.16,3.4332,0,0.05,75.74,0,0,Benign
MALWARE_00305,444.17,7.305,7,0,5,0,0,1,1,62.87,7.8633,16,0.848,79.6,1,1,WannaCry
MALWARE_01071,1015.52,7.3524,7,0,2,0,0,1,1,40.02,7.9884,22,0.8734,28.47,1,1,REvil
MALWARE_01185,55.96,7.4765,7,0,6,0,56,1,1,48.32,7.4105,19,0.7555,36.63,1,1,Ryuk
MALWARE_01162,569.38,7.4843,7,0,4,0,0,0,1,56.12,7.7241,21,1.0,16.8,1,1,WannaCry
BENIGN_00531,1486.75,5.3467,4,0,0,0,56,0,0,0.11,4.9743,0,0.2192,95.55,0,0,Benign
BENIGN_01887,3569.83,4.7284,5,1,0,0,84,0,0,0.21,4.5102,0,0.2187,128.07,0,0,Benign
BENIGN_00682,2049.37,5.068,6,1,0,0,0,0,0,0.02,4.5389,0,0.0901,92.2,0,0,Benign
MALWARE_01295,1251.98,7.99,7,1,5,0,0,1,1,72.67,7.3592,12,1.0,34.54,1,1,WannaCry
MALWARE_01445,760.48,7.5733,7,0,6,0,0,1,1,75.53,7.7528,19,0.9126,59.7,1,1,WannaCry
MALWARE_02167,1286.63,6.9754,2,0,6,0,0,1,1,37.07,7.5836,17,0.9155,37.87,1,1,Ryuk
BENIGN_02019,1858.44,6.7801,4,1,0,0,84,0,0,0.31,4.2937,0,0.1513,56.63,0,0,Benign
BENIGN_01097,334.16,6.4323,4,1,0,0,56,0,0,0.19,3.4132,0,0.05,115.51,1,0,Benign
BENIGN_00830,2136.57,4.4397,4,1,0,0,0,0,0,0.01,4.4441,0,0.05,170.11,0,0,Benign
MALWARE_00306,349.88,7.7648,2,0,3,2,28,1,1,64.08,7.5507,23,0.9376,52.82,1,1,Maze
MALWARE_01330,194.47,7.2563,2,0,3,0,56,1,1,47.68,7.5512,17,0.6742,33.26,2,1,Ryuk
MALWARE_01882,1528.36,7.9297,9,1,2,1,0,1,1,66.36,7.6031,23,0.8147,69.1,3,1,Maze
MALWARE_01392,647.57,7.8879,9,0,5,1,0,1,1,48.88,7.7986,23,0.8974,37.92,1,1,Ryuk
BENIGN_00765,2346.37,4.8655,4,1,0,0,0,0,0,0.04,4.1132,0,0.2734,55.33,0,0,Benign
MALWARE_00268,483.07,7.1277,2,0,1,1,0,1,1,30.54,7.9502,11,0.9038,33.14,2,1,REvil
MALWARE_01829,641.63,7.4038,7,0,2,0,0,1,1,55.57,7.99,14,0.7993,57.53,2,1,Cerber
MALWARE_00796,470.49,7.7977,5,0,4,1,0,1,1,46.81,7.9035,14,0.9153,26.89,1,1,Cerber
BENIGN_02195,1399.45,5.8541,4,0,1,0,56,0,0,0.02,4.4539,0,0.1006,124.61,0,0,Benign
BENIGN_02358,1162.14,4.2168,3,1,0,0,56,0,0,0.27,4.3765,0,0.05,52.14,0,0,Benign
MALWARE_00926,592.95,7.5353,9,0,4,2,0,1,1,32.82,7.5309,19,0.6941,55.99,1,1,Ryuk
MALWARE_01480,278.73,7.4652,7,0,5,1,0,0,1,64.55,7.99,21,0.767,70.66,1,1,Maze
BENIGN_00912,2642.59,4.1263,5,0,0,0,0,0,0,0.01,3.4396,0,0.0855,116.13,1,0,Benign
MALWARE_00646,700.64,7.5625,5,0,2,1,0,1,1,35.59,7.5548,13,0.8683,63.13,1,1,WannaCry
BENIGN_01000,570.6,4.8193,5,0,0,0,56,0,0,0.01,4.0275,0,0.1028,113.98,0,0,Benign
MALWARE_01154,311.21,7.7491,5,0,6,0,0,1,1,53.94,7.7501,24,0.8664,49.02,2,1,Ryuk
BENIGN_02484,480.35,3.5437,6,1,0,0,84,0,0,0.78,3.9478,0,0.05,103.37,0,0,Benign
MALWARE_01577,856.64,7.671,7,0,4,2,0,1,1,40.09,7.4746,15,0.9809,47.67,1,1,REvil
BENIGN_02371,2358.04,5.8321,4,1,0,0,56,0,0,0.07,5.2265,0,0.1344,116.71,0,0,Benign
MALWARE_02339,515.87,7.5773,9,0,5,0,0,1,0,33.3,7.9256,18,0.8352,30.24,2,1,WannaCry
BENIGN_00034,1824.98,6.5225,5,0,0,0,112,0,0,0.12,3.7396,0,0.05,159.2,0,0,Benign
MALWARE_01290,821.44,6.9913,9,0,5,0,0,1,1,42.79,7.3768,21,0.8119,26.85,1,1,WannaCry
BENIGN_01021,928.26,4.1373,5,1,0,0,0,0,1,0.13,5.3251,0,0.1584,149.91,0,0,Benign
BENIGN_01648,1568.16,5.922,3,0,0,0,56,0,0,0.19,4.9498,0,0.1427,164.02,1,0,Benign
BENIGN_00734,1883.7,5.7192,4,1,0,0,56,0,0,0.09,3.8259,0,0.1241,130.59,0,0,Benign
MALWARE_02083,754.13,7.2716,9,0,5,0,0,1,1,52.43,7.5721,21,0.8461,32.1,3,1,REvil
MALWARE_00775,581.03,7.99,2,0,4,0,0,1,1,37.35,7.99,17,0.7695,46.97,1,1,WannaCry
BENIGN_01621,965.48,5.575,4,1,0,0,56,0,0,0.31,5.2197,0,0.1153,25.49,0,0,Benign
MALWARE_00636,569.25,7.8529,7,0,5,0,28,1,1,16.53,7.5901,20,0.8144,40.78,1,1,LockBit
MALWARE_00190,305.31,7.8551,5,0,3,0,0,1,1,42.68,7.6778,18,1.0,56.65,1,1,Cerber
MALWARE_00208,419.38,7.0217,7,0,1,0,0,0,1,30.13,7.5933,20,0.7016,43.31,1,1,WannaCry
BENIGN_00298,2211.23,5.6823,4,1,0,0,56,0,0,0.22,5.3612,0,0.1411,79.75,0,0,Benign
BENIGN_02340,1699.32,4.2867,4,1,2,0,56,0,0,0.07,2.697,0,0.2182,37.05,0,0,Benign
BENIGN_00654,1523.84,3.6084,4,1,0,0,56,0,0,0.3,3.8113,0,0.2451,153.36,0,0,Benign
MALWARE_01275,237.86,7.3225,9,0,4,0,0,1,0,49.09,7.7036,22,0.8634,22.36,1,1,Cerber
BENIGN_01256,201.13,3.2964,6,1,0,0,56,0,0,0.1,3.1218,0,0.1696,201.78,0,0,Benign
MALWARE_02021,879.83,7.3715,5,0,7,0,0,1,1,52.65,7.5672,15,0.7417,36.4,3,1,Cerber
BENIGN_00231,1779.72,3.5482,3,1,0,0,84,0,0,0.46,3.9185,0,0.2016,84.64,0,0,Benign
MALWARE_00777,402.98,7.99,5,0,4,0,0,1,1,52.45,7.9,17,0.8127,41.64,1,1,Cerber
MALWARE_00731,351.07,7.5494,5,0,5,0,0,1,1,46.33,7.885,17,0.861,30.12,1,1,LockBit
BENIGN_00692,1844.82,3.6469,4,0,1,0,56,0,0,0.49,3.9352,0,0.1324,69.59,0,0,Benign
MALWARE_00255,819.06,7.5668,5,0,2,0,0,1,1,63.02,7.744,29,0.904,8.0,3,1,Cerber
MALWARE_02364,514.28,7.7008,5,0,4,0,0,1,1,49.89,7.9521,11,0.7572,63.03,1,1,WannaCry
BENIGN_00970,2430.3,4.9716,4,1,0,0,56,0,0,0.26,4.1422,0,0.1501,23.11,0,0,Benign
BENIGN_00634,1829.56,4.205,4,1,0,0,56,0,0,0.02,4.5085,0,0.1098,178.94,0,0,Benign
MALWARE_01593,708.11,7.4758,5,0,6,1,0,0,1,43.27,7.4781,26,0.7543,25.21,1,1,Cerber
MALWARE_01578,382.06,7.99,7,1,4,1,0,1,1,50.45,7.8508,22,0.9229,42.6,2,1,REvil
BENIGN_01322,788.86,4.4973,4,1,1,0,112,0,0,0.14,4.7185,0,0.0809,37.14,0,0,Benign
BENIGN_01832,2328.85,5.4665,3,1,0,0,0,0,0,0.21,3.9973,0,0.1814,164.05,0,0,Benign
BENIGN_02179,1336.61,4.7241,5,1,0,0,84,0,0,0.13,2.9549,0,0.1044,40.59,0,0,Benign
BENIGN_01418,274.22,4.9251,5,0,2,0,0,0,0,0.99,3.5061,0,0.344,116.04,0,0,Benign
BENIGN_01783,1555.34,4.9671,4,1,1,0,56,0,0,0.4,4.9591,0,0.05,33.22,0,0,Benign
MALWARE_02216,853.35,7.4165,2,0,10,1,0,1,1,37.23,7.9298,20,1.0,8.29,2,1,Ryuk
MALWARE_02202,500.17,7.4076,2,0,6,0,0,1,1,54.57,7.7751,19,0.9449,48.7,2,1,Ryuk
MALWARE_01619,704.27,7.3398,5,1,4,0,0,1,1,23.57,7.559,16,0.8302,20.47,2,1,Ryuk
BENIGN_01653,580.07,4.6153,4,1,1,0,56,0,0,0.08,4.5579,0,0.0974,179.8,0,0,Benign
BENIGN_01484,1720.36,3.7321,5,1,0,0,56,0,0,0.23,4.1256,0,0.1587,61.17,0,0,Benign
BENIGN_02276,1381.3,4.7272,4,1,0,0,56,0,0,0.17,3.2966,0,0.2345,230.11,0,0,Benign
BENIGN_00878,2412.78,4.131,4,0,1,0,0,0,0,0.38,4.0405,0,0.1718,171.52,0,0,Benign
MALWARE_01026,819.88,7.146,5,0,5,0,0,0,1,37.81,7.6563,16,0.9869,8.0,2,1,WannaCry
BENIGN_02017,1518.36,5.5144,5,0,0,0,84,0,0,0.17,3.9071,0,0.2156,132.52,0,0,Benign
BENIGN_00427,1132.19,5.2347,4,0,0,1,84,0,0,0.8,4.0256,0,0.1025,50.37,1,0,Benign
BENIGN_00627,3184.13,3.8322,4,0,0,0,56,0,0,0.17,4.1117,0,0.0975,163.7,0,0,Benign
BENIGN_01590,1858.54,6.8,4,1,0,0,84,0,0,0.01,3.9194,0,0.0719,123.38,0,0,Benign
BENIGN_02224,1739.13,5.069,6,1,0,1,56,0,0,0.09,4.5103,0,0.2604,162.72,0,0,Benign
BENIGN_02218,1936.14,5.36,5,1,0,0,84,0,0,0.52,3.7423,0,0.0662,200.62,0,0,Benign
MALWARE_01984,29.02,7.1069,7,0,4,0,28,1,0,72.25,7.6116,22,0.921,47.98,1,1,LockBit
BENIGN_01486,1621.87,3.6295,5,1,1,0,0,0,0,0.32,4.3462,0,0.05,146.63,0,0,Benign
BENIGN_01740,1486.09,4.0158,4,1,1,0,56,0,0,0.04,4.1608,0,0.18,97.27,0,0,Benign
BENIGN_02481,1801.34,3.7309,5,1,0,0,0,0,0,0.49,3.5408,0,0.1369,73.57,0,0,Benign
MALWARE_00085,733.02,7.4048,9,0,5,0,28,1,1,53.21,7.8647,26,1.0,46.66,1,1,Maze
MALWARE_00394,638.97,7.4029,5,0,6,0,56,1,0,29.65,7.9582,19,0.7579,48.64,1,1,WannaCry
BENIGN_00150,2033.97,5.1279,5,1,0,0,56,0,0,0.16,4.0552,0,0.1702,116.83,0,0,Benign
BENIGN_00677,2127.24,5.0967,5,0,0,0,56,0,0,0.06,3.4764,0,0.0791,15.0,0,0,Benign
BENIGN_01262,1651.47,4.1298,4,1,1,0,56,0,0,0.03,4.3887,0,0.082,100.06,0,0,Benign
MALWARE_02418,605.17,7.6744,5,0,5,0,0,1,1,56.74,7.8559,23,1.0,50.8,1,1,Ryuk
BENIGN_00013,650.16,5.1789,5,1,1,0,0,0,0,0.42,4.6881,0,0.0515,131.37,0,0,Benign
BENIGN_01834,1601.39,4.3418,4,1,1,0,112,0,0,0.4,3.6349,0,0.2777,92.77,0,0,Benign
MALWARE_00749,451.31,7.939,2,0,3,1,28,1,0,59.81,7.6562,21,0.8222,71.86,1,1,WannaCry
BENIGN_01492,63.74,4.6025,5,1,1,0,0,0,0,0.32,3.2637,0,0.1139,232.98,0,0,Benign
MALWARE_00228,755.93,7.4797,2,0,2,0,0,1,1,51.83,7.99,17,0.8016,14.64,3,1,Maze
MALWARE_01187,809.87,7.8205,7,0,6,0,0,1,1,57.42,7.7377,25,0.8472,38.34,2,1,REvil
BENIGN_01425,2240.54,3.6315,5,1,1,0,56,0,0,0.37,3.9641,0,0.2463,43.58,0,0,Benign
MALWARE_02106,649.61,7.3345,9,0,2,2,0,1,0,29.88,7.99,12,0.8046,63.01,2,1,WannaCry
MALWARE_02096,622.59,7.8176,7,0,5,0,28,1,1,49.52,7.5219,20,0.6824,46.81,1,1,Cerber
BENIGN_00732,1901.31,5.8133,3,1,1,0,56,0,0,0.09,3.6174,0,0.3504,97.42,0,0,Benign
BENIGN_01232,739.37,6.2106,4,1,0,0,56,0,0,0.41,4.0456,0,0.1269,140.33,0,0,Benign
BENIGN_01635,2530.57,5.4705,3,1,0,0,112,0,0,0.68,4.1712,0,0.0796,128.6,0,0,Benign
MALWARE_01437,195.96,7.8885,5,0,4,2,0,1,0,30.27,7.488,23,0.7361,42.01,3,1,Cerber
BENIGN_01211,1052.95,5.3352,5,1,0,0,0,0,0,0.09,3.4739,0,0.2058,15.0,0,0,Benign
MALWARE_00769,687.54,7.2701,9,0,5,2,0,1,1,42.49,7.7633,19,1.0,53.71,3,1,REvil
BENIGN_01935,3481.12,3.8585,4,0,0,0,0,0,0,0.27,4.4752,0,0.05,221.14,0,0,Benign
BENIGN_00554,955.86,5.1948,3,1,1,0,56,0,0,0.02,4.1172,0,0.1958,76.97,0,0,Benign
BENIGN_00492,102.83,5.7434,5,0,2,0,56,0,0,0.72,5.4016,0,0.1416,150.64,0,0,Benign
MALWARE_00463,777.67,7.4951,2,0,6,2,0,1,1,63.27,7.878,13,0.9087,39.24,1,1,WannaCry
BENIGN_02330,1372.92,3.8373,5,1,0,0,84,0,0,0.05,5.2721,0,0.05,62.57,0,0,Benign
BENIGN_02196,20.0,4.2561,3,1,1,0,84,0,0,0.12,4.5077,0,0.1362,105.03,0,0,Benign
MALWARE_00565,320.57,7.9495,7,0,7,1,0,1,1,49.47,7.99,13,0.8796,42.34,2,1,Cerber
BENIGN_00658,636.0,6.7511,4,1,0,0,0,0,0,0.17,4.7009,0,0.2381,144.6,0,0,Benign
BENIGN_02375,1139.5,4.8855,5,1,1,0,112,0,0,0.12,3.4209,0,0.1809,114.1,0,0,Benign
BENIGN_02226,1349.08,4.2825,4,1,0,0,56,0,0,0.04,2.8345,0,0.1072,110.57,0,0,Benign
MALWARE_01765,850.71,7.9529,9,0,6,1,0,1,0,46.89,7.6223,26,0.7924,20.78,1,1,Ryuk
BENIGN_01171,1789.53,3.8221,4,1,0,0,0,0,0,0.33,4.6913,0,0.2132,190.75,0,0,Benign
BENIGN_00133,845.44,4.7973,3,1,1,0,56,0,0,0.03,3.7699,0,0.05,115.87,0,0,Benign
BENIGN_00472,2619.59,4.6765,4,0,0,0,84,0,0,0.07,3.6835,0,0.1735,132.47,0,0,Benign
MALWARE_00726,806.54,7.7131,7,0,3,0,0,1,1,42.37,7.8553,15,0.8159,57.39,1,1,Cerber
BENIGN_01406,1529.93,4.6233,5,1,1,1,0,0,0,0.41,3.6556,0,0.0855,157.94,1,0,Benign
MALWARE_00377,913.77,7.6048,2,0,4,0,0,1,0,21.97,7.8201,21,0.6361,46.58,3,1,Maze
MALWARE_02005,675.82,7.8398,5,0,8,0,28,0,1,19.26,7.6127,19,0.8897,59.01,1,1,Cerber
MALWARE_02193,622.63,7.5206,7,0,6,0,0,1,0,54.6,7.9229,17,0.823,75.76,1,1,REvil
MALWARE_00327,137.83,7.2454,9,1,4,0,56,0,1,48.0,7.5239,18,0.9688,107.78,2,1,Maze
BENIGN_00288,986.24,4.9569,5,1,0,0,0,0,0,0.23,3.6576,0,0.083,66.03,0,0,Benign
BENIGN_01870,1740.33,2.7282,5,1,0,0,84,0,0,0.06,4.8716,0,0.3369,137.89,0,0,Benign
MALWARE_00615,414.74,7.3722,7,0,4,0,0,1,0,34.66,7.99,21,0.8541,14.75,1,1,Maze
MALWARE_01126,439.38,7.5422,2,1,2,1,0,1,1,49.85,7.4783,21,0.9934,35.47,1,1,Ryuk
BENIGN_02313,20.0,4.8363,4,0,0,0,0,0,0,0.32,3.9378,0,0.2479,247.59,0,0,Benign
MALWARE_02424,384.97,7.6808,5,0,3,0,0,0,1,49.81,7.594,19,0.9041,29.03,1,1,Maze
BENIGN_01619,1011.88,4.7579,4,1,0,0,84,0,0,0.46,3.8916,0,0.2259,67.06,0,0,Benign
BENIGN_00995,992.83,5.2579,5,1,0,0,56,0,0,0.2,5.1343,0,0.165,151.3,0,0,Benign
BENIGN_01804,1237.73,4.5366,5,0,0,0,84,0,0,0.14,3.4151,0,0.1706,138.67,0,0,Benign
MALWARE_00143,571.93,7.3494,7,0,3,1,0,1,1,48.75,7.8582,17,0.9183,43.87,3,1,WannaCry
MALWARE_02303,773.06,7.99,5,0,4,0,0,1,1,38.59,7.99,14,0.7082,54.95,1,1,Ryuk
MALWARE_01036,10.0,7.99,5,0,4,1,28,1,1,59.52,7.8287,18,0.7607,22.9,2,1,Maze
MALWARE_02332,474.67,7.383,7,0,3,0,28,1,0,58.32,7.3661,15,1.0,36.84,3,1,Maze
MALWARE_01412,855.11,7.4841,5,0,4,1,0,1,1,25.8,7.4643,31,0.7673,56.66,3,1,Maze
BENIGN_02108,2307.1,4.8455,4,1,0,0,56,0,0,0.04,4.3,0,0.1871,112.11,0,0,Benign
MALWARE_00545,902.53,7.7736,5,0,5,1,0,1,1,40.38,7.486,17,0.8871,32.8,2,1,Cerber
BENIGN_00417,2195.02,3.8509,3,1,0,1,84,0,0,0.14,3.7137,0,0.1128,78.26,0,0,Benign
BENIGN_00978,2040.53,5.0136,5,1,0,0,56,0,0,0.36,4.0294,0,0.1684,83.78,0,0,Benign
BENIGN_02418,1433.62,5.7201,5,1,0,0,0,0,0,0.1,5.0919,0,0.0528,270.33,0,0,Benign
BENIGN_00506,20.0,4.5592,5,1,0,0,0,0,0,0.0,3.8211,0,0.1373,130.88,0,0,Benign
MALWARE_01653,306.15,6.9064,7,0,2,0,0,1,1,42.85,7.8199,20,0.9564,48.82,2,1,Ryuk
MALWARE_01756,348.75,7.7898,5,0,2,1,0,1,1,54.09,7.892,18,0.8573,69.2,2,1,REvil
MALWARE_01442,689.06,7.8643,9,1,4,0,28,1,1,25.71,7.7381,22,0.9042,39.29,1,1,Maze
BENIGN_00415,2641.84,4.4645,4,1,0,0,0,0,0,0.04,3.9951,0,0.2194,73.01,1,0,Benign
MALWARE_01649,424.58,7.8352,5,0,1,1,0,1,1,23.37,7.5844,17,0.6315,20.67,2,1,Ryuk
BENIGN_01184,1064.94,4.8319,4,1,1,0,0,0,0,0.15,3.5143,0,0.139,148.17,0,0,Benign
BENIGN_00486,1376.88,6.3951,4,1,1,0,56,0,0,0.58,3.9267,0,0.1781,96.5,0,0,Benign
BENIGN_00894,1047.72,6.0106,5,1,0,0,56,0,0,0.01,4.6658,0,0.1363,112.67,1,0,Benign
BENIGN_00806,2272.94,5.2874,5,1,0,0,56,0,0,0.31,4.0009,0,0.1736,129.29,0,0,Benign
BENIGN_00556,1100.31,3.2803,5,1,0,0,0,0,0,0.0,4.123,0,0.1148,90.23,1,0,Benign
MALWARE_01326,480.64,7.6337,2,0,4,1,0,1,0,70.43,7.751,18,0.6687,39.12,1,1,Ryuk
BENIGN_01198,1476.16,5.8575,4,1,0,0,112,0,0,0.02,4.1718,0,0.0779,185.0,1,0,Benign
MALWARE_01754,682.76,7.652,5,0,0,1,0,1,1,40.94,7.6318,19,0.8683,23.91,2,1,WannaCry
MALWARE_01559,835.88,7.7436,9,0,4,1,0,1,1,45.51,7.935,17,0.7634,36.19,3,1,REvil
BENIGN_01294,822.62,4.7796,6,1,0,0,112,0,0,0.37,4.6141,0,0.1403,166.4,0,0,Benign
BENIGN_02222,239.82,4.6587,4,1,0,0,56,0,0,0.08,4.6756,0,0.1892,140.22,0,0,Benign
MALWARE_01005,460.65,7.99,5,0,6,1,56,0,1,66.01,7.7732,21,0.9559,15.38,1,1,Cerber
MALWARE_01155,892.97,7.7296,9,0,3,0,0,1,1,26.08,7.5921,27,0.8053,39.34,1,1,Cerber
MALWARE_02259,489.33,7.2886,2,0,7,1,0,0,1,45.94,7.5434,22,0.7232,35.13,1,1,Maze
MALWARE_00507,288.98,7.2601,9,0,4,0,0,1,1,53.37,7.3608,15,0.9362,36.01,2,1,REvil
BENIGN_02094,1567.6,4.4469,5,0,0,0,84,0,0,0.28,4.7577,0,0.1944,37.94,0,0,Benign
BENIGN_02188,1031.65,5.1786,5,1,0,0,112,0,0,0.22,3.4245,0,0.1705,146.78,0,0,Benign
MALWARE_00537,608.99,7.4138,5,0,2,2,0,1,1,45.58,7.6624,22,0.6973,15.33,1,1,Ryuk
MALWARE_01419,978.05,7.99,7,0,1,0,28,1,1,71.42,7.4936,17,0.775,17.88,3,1,Maze
BENIGN_01273,1397.9,4.6526,5,1,1,0,56,0,0,0.12,4.4528,0,0.132,123.71,0,0,Benign
BENIGN_00291,1562.86,3.097,4,1,1,0,56,0,0,0.43,3.1237,0,0.05,84.55,0,0,Benign
MALWARE_02328,856.59,7.6014,7,0,2,0,0,1,1,5.85,7.906,19,0.8698,26.66,3,1,Ryuk
BENIGN_00253,1765.07,5.2267,4,1,1,0,84,0,0,0.92,3.547,0,0.05,114.57,0,0,Benign
MALWARE_00746,537.46,7.9035,5,1,3,0,56,1,1,35.04,7.6184,24,0.6721,20.97,3,1,LockBit
BENIGN_00351,1868.22,4.9559,5,1,0,0,56,0,0,0.21,4.3502,0,0.2147,100.19,0,0,Benign
BENIGN_01188,1471.75,5.1019,3,1,1,0,0,0,0,0.03,4.0784,0,0.0924,111.6,0,0,Benign
BENIGN_01962,975.93,6.3583,4,1,0,0,84,0,0,0.31,4.2419,0,0.1956,103.46,0,0,Benign
BENIGN_00423,945.35,5.0035,6,1,0,0,0,0,0,0.03,3.1869,0,0.0604,153.55,0,0,Benign
BENIGN_00091,978.87,4.4129,5,1,1,0,84,0,0,0.14,5.2365,0,0.1849,121.9,0,0,Benign
MALWARE_01230,519.86,7.937,7,0,4,0,0,1,0,14.04,7.6585,22,0.9396,64.87,2,1,REvil
BENIGN_02237,2097.65,5.5328,5,1,2,0,112,0,0,0.17,2.9804,0,0.1757,124.13,0,0,Benign
BENIGN_00671,1774.02,5.0374,6,1,1,0,84,0,0,0.18,5.531,0,0.1546,173.65,0,0,Benign
MALWARE_00541,473.24,7.4694,9,0,5,0,0,1,1,35.78,7.5048,24,0.8704,26.59,2,1,Cerber
BENIGN_00027,1028.51,5.4797,4,1,0,0,84,0,0,0.07,4.531,0,0.0932,30.62,0,0,Benign
BENIGN_00430,2395.4,4.2184,5,1,0,0,56,0,0,0.33,2.5023,0,0.1812,15.0,0,0,Benign
BENIGN_00684,1260.24,4.075,6,1,0,0,84,0,0,0.05,4.2852,0,0.2228,115.52,0,0,Benign
MALWARE_01964,555.68,7.9023,5,0,3,1,0,1,0,34.63,7.6992,13,0.8522,73.93,3,1,LockBit
MALWARE_01446,542.44,7.5284,9,0,5,0,56,1,1,60.5,7.6075,17,0.8558,23.8,3,1,Cerber
MALWARE_01024,217.58,7.6533,5,0,3,0,0,1,1,46.35,7.99,20,0.8898,40.79,3,1,Ryuk
BENIGN_01542,3334.94,5.4869,4,1,0,0,56,0,0,0.12,4.5258,0,0.2078,77.78,0,0,Benign
BENIGN_02032,1041.91,6.2685,4,1,0,0,0,0,0,0.08,4.7935,0,0.1706,129.55,0,0,Benign
BENIGN_02233,2005.72,3.8955,4,1,0,0,56,0,0,0.24,3.5922,0,0.1418,91.67,0,0,Benign
MALWARE_01621,596.52,7.6022,5,0,7,0,0,1,1,10.14,7.9223,16,0.8407,77.54,1,1,REvil
MALWARE_00736,847.56,7.99,7,0,2,2,0,1,1,28.73,7.6963,18,0.9978,50.21,3,1,REvil
BENIGN_00255,1568.17,2.4071,4,1,0,0,84,0,0,0.47,4.5397,0,0.2059,151.77,0,0,Benign
BENIGN_01030,1042.48,6.1593,6,1,2,0,84,0,0,0.05,3.7811,0,0.3114,122.2,0,0,Benign
MALWARE_01893,639.93,7.6158,7,0,4,0,0,0,1,48.62,7.792,21,0.8218,36.26,1,1,REvil
MALWARE_01301,434.99,7.8959,2,0,3,0,0,1,1,37.11,7.99,21,0.8567,40.31,2,1,Ryuk
MALWARE_01811,526.23,7.048,9,0,5,2,0,1,1,59.15,7.99,28,0.9818,21.3,1,1,LockBit
MALWARE_00010,527.39,7.6426,5,0,2,0,0,0,1,50.27,7.9391,25,0.9017,67.59,2,1,WannaCry
BENIGN_02293,691.66,4.5242,4,1,0,0,84,0,0,0.12,3.8834,0,0.0575,148.76,0,0,Benign
BENIGN_01324,2175.92,5.3347,5,1,0,0,84,0,0,0.19,3.5223,0,0.1835,109.73,0,0,Benign
BENIGN_01551,2137.8,3.5688,4,1,0,0,0,0,0,0.12,3.8994,0,0.0736,87.65,0,0,Benign
MALWARE_02148,1125.98,7.4834,9,0,5,0,56,1,1,38.87,7.8606,20,0.9364,32.1,2,1,Maze
BENIGN_00316,608.76,4.4981,5,0,1,0,112,0,0,0.08,4.6304,0,0.3277,120.44,0,0,Benign
BENIGN_01243,1185.56,4.6201,4,0,0,0,112,0,0,0.03,4.1437,0,0.2142,86.61,0,0,Benign
BENIGN_02451,1918.59,4.2571,4,0,0,0,0,0,0,0.23,3.3961,0,0.2147,112.71,0,0,Benign
BENIGN_01579,1401.78,5.5219,3,0,0,0,0,0,0,0.76,4.1418,0,0.0708,148.34,0,0,Benign
MALWARE_02126,558.42,7.99,9,0,8,0,0,1,1,12.85,7.9398,27,1.0,26.49,2,1,WannaCry
MALWARE_00617,756.69,7.268,7,0,5,1,28,0,1,60.0,7.7689,15,0.9398,39.61,2,1,Cerber
BENIGN_00070,2364.62,4.437,4,1,2,0,112,0,0,0.17,4.5798,0,0.0635,172.66,1,0,Benign
BENIGN_00860,779.63,6.0123,4,1,2,0,0,0,0,0.24,3.8749,0,0.1348,157.61,0,0,Benign
MALWARE_00254,970.23,7.8565,2,0,11,0,0,1,1,51.13,7.808,19,0.846,48.83,2,1,WannaCry
BENIGN_01633,1012.42,4.9788,3,1,1,0,112,0,0,0.09,3.4642,0,0.1133,15.0,0,0,Benign
BENIGN_01651,20.0,4.8445,5,1,0,0,84,0,0,0.2,3.3108,0,0.1626,123.56,0,0,Benign
MALWARE_01361,802.09,7.2766,9,0,4,0,0,1,1,22.23,7.6969,19,0.9635,71.85,3,1,WannaCry
MALWARE_00607,1023.73,7.9057,9,0,2,1,0,1,0,73.19,7.6275,21,0.9827,52.59,2,1,Cerber
BENIGN_01075,748.11,3.9574,5,1,0,0,0,0,0,0.03,4.3759,0,0.2583,119.47,1,0,Benign
MALWARE_01502,703.98,7.5305,9,1,4,0,0,1,1,10.36,7.8009,21,0.6477,8.0,3,1,Ryuk
BENIGN_00788,1491.41,4.4568,3,1,1,0,112,0,0,0.33,3.1771,0,0.1264,96.86,0,0,Benign
MALWARE_00106,838.31,7.2117,7,1,4,0,0,1,1,70.98,7.8067,14,0.7986,44.15,1,1,Ryuk
MALWARE_01131,268.1,7.3323,9,0,8,1,0,1,1,56.44,7.99,16,0.7877,8.0,1,1,REvil
BENIGN_02122,1931.29,4.4337,4,1,0,0,0,0,0,0.04,3.823,0,0.1008,109.96,0,0,Benign
BENIGN_01875,2822.75,4.2902,3,1,0,0,112,0,0,0.15,4.592,0,0.1093,102.96,0,0,Benign
BENIGN_00812,1042.17,4.772,3,1,0,0,112,0,0,0.08,3.6556,0,0.1795,34.54,0,0,Benign
BENIGN_00388,1501.06,3.8108,4,1,0,0,56,0,0,0.1,4.6053,0,0.0733,52.37,0,0,Benign
MALWARE_00383,555.19,7.4478,7,0,5,2,0,0,1,72.17,7.7564,25,0.7548,41.34,2,1,Maze
BENIGN_01176,2597.9,4.243,5,1,0,0,0,0,1,0.0,4.7192,0,0.0848,87.91,0,0,Benign
MALWARE_00698,494.72,7.8649,2,0,2,0,0,1,1,15.32,7.6258,17,1.0,26.85,2,1,LockBit
MALWARE_00124,1008.31,7.3154,5,0,3,0,0,1,1,79.67,7.5011,20,0.7773,47.78,1,1,LockBit
BENIGN_01352,1934.22,5.2385,4,0,1,0,0,0,0,0.32,4.2678,0,0.2164,71.41,0,0,Benign
BENIGN_00411,1072.19,5.036,5,1,1,0,0,0,0,0.41,3.6033,0,0.17,60.85,0,0,Benign
MALWARE_01713,915.77,7.2219,5,0,3,0,0,1,1,59.38,7.5297,17,0.8198,29.43,2,1,REvil
BENIGN_00110,520.85,4.1928,5,1,0,0,56,0,0,0.08,4.2201,0,0.2482,59.52,1,0,Benign
MALWARE_02496,511.29,7.2037,5,0,5,0,0,1,1,34.88,7.5876,23,0.8219,68.42,2,1,REvil
MALWARE_00930,850.65,7.8385,5,0,3,0,0,1,1,41.56,7.5445,17,0.8386,28.5,4,1,Ryuk
MALWARE_00310,701.06,7.6736,9,0,6,1,56,1,1,34.09,7.5757,21,0.8473,44.96,2,1,LockBit
MALWARE_00095,540.81,7.6818,5,0,7,0,0,0,1,44.49,7.8634,18,0.7763,25.03,1,1,Maze
MALWARE_00337,407.9,7.5214,2,0,2,0,0,1,0,50.93,7.99,15,0.7204,43.02,1,1,Cerber
BENIGN_02373,20.0,3.692,4,1,2,0,112,0,0,0.05,3.6935,0,0.1954,40.85,0,0,Benign
BENIGN_01236,2456.91,4.2611,4,1,1,0,56,0,0,0.05,3.6492,0,0.1847,44.61,0,0,Benign
BENIGN_02147,345.27,4.6855,4,1,0,1,56,0,0,0.5,3.547,0,0.1171,84.8,0,0,Benign
MALWARE_02476,798.85,6.895,7,0,3,1,0,1,1,43.21,7.7227,21,0.8871,62.01,1,1,LockBit
BENIGN_00600,459.11,5.8336,5,1,0,0,56,0,0,0.99,3.4292,0,0.1206,155.13,0,0,Benign
BENIGN_01435,291.13,5.6443,4,1,1,0,56,0,0,0.04,4.2513,0,0.1349,35.67,0,0,Benign
MALWARE_02497,176.49,7.4245,7,0,4,1,0,1,1,53.03,7.8167,22,0.7911,51.52,1,1,WannaCry
BENIGN_00539,1322.57,5.5755,5,1,0,0,56,0,0,0.02,5.2602,0,0.0649,77.36,0,0,Benign
BENIGN_00722,1806.34,4.3284,4,1,0,0,84,0,0,0.04,4.4475,0,0.05,73.59,0,0,Benign
MALWARE_01911,367.64,7.1061,5,0,3,1,28,1,1,27.52,7.4786,17,0.8893,8.0,2,1,WannaCry
BENIGN_01873,386.49,4.4177,3,1,1,0,56,0,0,0.06,5.2162,0,0.194,111.38,0,0,Benign
MALWARE_00346,596.62,7.3483,5,0,10,0,0,0,1,67.81,7.8843,15,0.9338,36.23,2,1,REvil
BENIGN_02054,2124.17,5.8331,5,1,0,0,0,0,0,0.01,4.2954,0,0.1404,137.89,0,0,Benign
MALWARE_00408,676.43,7.6754,2,1,6,0,0,1,1,45.71,7.5348,21,0.96,76.02,3,1,Maze
BENIGN_02255,2265.3,5.3284,6,1,0,0,56,0,0,0.33,5.2668,0,0.1551,183.02,0,0,Benign
MALWARE_01413,648.39,7.5771,9,0,2,0,0,1,1,52.96,7.4134,24,0.6989,16.94,1,1,Ryuk
BENIGN_00178,673.7,5.4601,4,1,0,0,84,0,0,0.31,3.6797,0,0.1372,167.25,1,0,Benign
MALWARE_00391,750.31,7.5507,2,0,1,0,0,1,0,63.65,7.8353,23,0.9333,66.28,2,1,Cerber
MALWARE_01174,537.05,6.9803,5,0,5,0,56,0,0,63.12,7.7512,17,1.0,55.67,1,1,LockBit
BENIGN_00081,1319.43,4.8027,4,1,1,0,56,0,0,0.3,4.3599,0,0.1179,146.9,0,0,Benign
MALWARE_00062,10.0,7.5294,9,0,7,1,28,1,1,61.12,7.4603,26,0.926,41.91,4,1,Maze
BENIGN_01724,2378.73,6.1708,3,0,2,0,0,0,0,0.1,3.228,0,0.1842,38.06,0,0,Benign
BENIGN_01618,1853.39,5.5933,4,1,2,0,84,0,0,0.29,4.5606,0,0.1459,137.65,0,0,Benign
BENIGN_01655,1206.2,4.479,6,1,0,0,56,0,0,0.26,3.9175,0,0.1933,101.01,0,0,Benign
BENIGN_02329,1134.05,6.2035,4,1,2,0,0,0,0,0.13,5.4297,0,0.0725,128.83,0,0,Benign
MALWARE_02114,646.56,7.6372,5,0,2,0,0,0,1,74.14,7.7404,22,0.8259,21.39,2,1,REvil
BENIGN_00222,868.44,4.0033,4,0,0,0,56,0,0,0.31,4.5907,0,0.1463,81.75,0,0,Benign
BENIGN_00094,1816.64,5.059,4,1,1,0,56,0,0,0.04,4.0251,0,0.1799,115.66,0,0,Benign
MALWARE_00110,503.65,7.6043,9,0,7,0,0,1,1,34.21,7.9321,14,0.9382,56.54,3,1,Ryuk
MALWARE_00883,320.17,7.5689,9,0,2,0,28,1,1,10.72,7.7364,21,0.6985,38.23,3,1,LockBit
MALWARE_01916,617.59,7.3712,2,0,6,2,28,1,1,39.53,7.7496,12,0.7511,56.05,1,1,Cerber
BENIGN_01398,1588.7,4.3364,4,1,0,1,112,0,0,0.08,4.3523,0,0.2751,78.49,0,0,Benign
MALWARE_02187,454.71,7.88,2,0,1,0,0,1,1,54.92,7.99,25,0.8257,41.04,1,1,WannaCry
BENIGN_01293,1945.62,6.1952,6,1,1,0,56,0,0,0.03,3.9573,0,0.05,35.3,0,0,Benign
BENIGN_02165,1520.6,4.4232,3,0,1,0,56,0,0,0.13,4.3698,0,0.0533,151.49,1,0,Benign
MALWARE_00440,457.23,7.5964,5,0,8,1,0,1,1,50.62,7.7795,14,0.7082,61.09,1,1,WannaCry
MALWARE_01169,515.67,7.7393,5,0,2,1,0,0,1,64.8,7.99,18,0.8954,20.7,1,1,Cerber
BENIGN_00813,1586.21,4.6001,5,1,1,0,112,0,0,0.38,3.6132,0,0.101,21.05,0,0,Benign
BENIGN_01259,390.58,4.3656,4,1,0,0,112,0,0,0.47,3.8009,0,0.1033,222.25,0,0,Benign
BENIGN_00890,1725.1,4.9109,5,1,2,0,56,0,0,0.05,4.4989,0,0.05,99.79,0,0,Benign
BENIGN_01452,1702.32,5.1488,6,1,1,0,84,0,0,0.09,4.6004,0,0.1594,68.0,0,0,Benign
MALWARE_00817,894.11,6.9684,5,0,2,1,0,1,1,20.58,7.5745,15,0.7548,74.06,3,1,REvil
MALWARE_00060,1293.08,7.4381,5,0,4,1,0,1,1,61.69,7.3545,21,0.8131,52.0,3,1,Cerber
MALWARE_01075,323.75,7.6912,2,0,6,1,0,1,1,70.83,7.4282,14,0.9292,18.98,3,1,Ryuk
MALWARE_00181,353.28,7.7791,5,0,4,0,0,1,0,59.99,7.99,11,0.7752,39.76,1,1,Maze
MALWARE_02152,566.95,7.4211,2,0,4,0,0,1,1,59.05,7.4145,17,0.9006,62.01,1,1,Maze
MALWARE_02312,719.72,7.99,9,0,2,2,0,0,1,22.02,7.7368,21,0.6543,63.44,1,1,WannaCry
MALWARE_02180,1064.62,7.6247,7,0,4,0,0,1,1,58.19,7.6157,18,0.8444,46.7,3,1,Maze
MALWARE_00465,474.69,7.8252,9,0,5,2,28,1,1,49.76,7.6969,20,1.0,43.62,1,1,Cerber
MALWARE_00173,647.87,7.3033,9,0,4,0,0,1,1,38.99,7.6851,14,0.7384,49.64,2,1,WannaCry
BENIGN_00562,1893.13,5.2545,3,1,0,0,56,0,0,0.24,3.7824,0,0.0891,104.7,0,0,Benign
MALWARE_00279,613.04,7.7386,9,0,2,0,0,1,1,61.89,7.652,14,0.9162,50.22,1,1,Maze
MALWARE_00449,644.52,7.99,2,0,4,0,0,1,1,48.28,7.5634,19,0.806,52.69,3,1,Ryuk
MALWARE_00318,488.72,7.0008,5,0,4,0,0,1,0,52.77,7.7741,10,0.9622,19.09,1,1,LockBit
MALWARE_00259,448.96,7.325,2,0,2,0,0,1,1,28.92,7.8532,14,0.9733,45.0,1,1,REvil
BENIGN_01757,1777.89,5.8587,6,1,0,1,84,0,0,0.04,3.7908,0,0.2464,237.32,0,0,Benign
BENIGN_00725,1687.09,5.732,4,0,0,0,56,0,0,0.13,5.4715,0,0.05,160.85,0,0,Benign
BENIGN_00220,1269.69,6.7414,4,1,0,0,0,0,0,0.19,4.4598,0,0.05,190.64,0,0,Benign
MALWARE_01640,543.48,7.052,2,0,1,1,0,1,0,55.97,7.4851,17,0.891,15.39,3,1,Maze
MALWARE_01458,148.89,7.9224,9,0,2,0,0,1,1,50.76,7.693,19,0.7974,80.82,3,1,REvil
BENIGN_01589,1557.76,5.8659,4,1,1,0,0,0,0,0.48,4.2914,0,0.2165,159.2,1,0,Benign
MALWARE_00848,359.62,7.5988,5,0,4,0,28,1,1,34.47,7.5169,17,0.6119,30.08,2,1,Maze
MALWARE_01471,534.12,7.0203,9,0,3,0,0,1,1,43.47,7.616,14,0.7384,32.62,4,1,REvil
MALWARE_02208,891.69,7.2101,7,0,7,0,0,0,1,69.59,7.6651,19,0.838,41.43,2,1,Maze
BENIGN_00044,2395.66,6.019,4,1,0,0,56,0,0,0.08,2.726,0,0.285,164.08,0,0,Benign
MALWARE_00502,519.2,7.8844,5,0,2,2,0,1,1,13.45,7.8011,28,0.9427,24.09,3,1,REvil
BENIGN_00211,808.49,4.6873,5,0,0,0,56,0,0,0.0,5.2498,0,0.2605,55.39,0,0,Benign
BENIGN_00678,1935.67,3.9765,4,1,0,0,84,0,0,0.05,5.1451,0,0.2721,215.13,0,0,Benign
BENIGN_00355,1976.39,4.3281,5,1,0,0,56,0,1,0.21,4.9273,0,0.1105,172.74,0,0,Benign
BENIGN_01434,2776.78,5.1332,5,1,0,0,56,0,0,1.15,4.3184,0,0.163,105.93,0,0,Benign
BENIGN_00950,591.82,5.2437,6,1,1,1,112,0,0,0.15,3.2256,0,0.1673,49.16,0,0,Benign
MALWARE_00344,936.2,7.5093,9,0,4,0,0,1,1,16.49,7.4013,26,0.9151,76.76,4,1,WannaCry
BENIGN_00578,782.2,5.1815,4,1,1,1,112,0,0,0.04,3.9061,0,0.0916,31.16,0,0,Benign
MALWARE_01429,886.76,7.1368,5,0,8,0,0,1,1,16.18,7.7632,15,0.924,39.32,2,1,Cerber
BENIGN_00545,1600.85,5.4224,4,1,0,0,0,0,0,0.12,3.4562,0,0.1986,175.07,0,0,Benign
BENIGN_00368,1668.53,5.6456,5,1,0,0,56,0,0,0.4,4.3193,0,0.2108,105.41,1,0,Benign
BENIGN_01613,1089.08,4.4803,4,1,2,0,0,0,0,0.14,4.0868,0,0.1437,101.28,0,0,Benign
MALWARE_01051,678.49,7.99,7,0,3,1,0,1,0,22.66,7.6742,15,0.7733,64.83,1,1,Maze
MALWARE_01217,719.13,7.5884,5,0,9,2,0,1,1,33.92,7.7674,22,0.721,48.08,1,1,Ryuk
MALWARE_01280,917.93,7.4522,9,0,2,1,0,1,1,48.55,7.8441,16,1.0,33.86,1,1,Maze
BENIGN_00136,1458.68,4.778,4,1,1,0,0,0,0,0.21,5.2634,0,0.142,109.82,0,0,Benign
MALWARE_01981,1211.96,7.2413,9,0,6,2,0,1,1,51.75,7.5985,13,0.8067,23.07,2,1,Ryuk
BENIGN_01438,2269.09,4.7393,5,1,1,0,56,0,1,0.47,3.9659,0,0.1188,156.6,0,0,Benign
BENIGN_00048,1538.47,3.5806,5,1,0,0,0,0,0,0.03,4.6786,0,0.2305,91.16,0,0,Benign
BENIGN_01361,2160.76,5.3944,6,1,0,0,56,0,0,0.11,4.1367,0,0.0542,169.34,0,0,Benign
BENIGN_00735,1294.68,4.3953,4,1,0,0,84,0,0,0.36,4.5831,0,0.2858,136.6,0,0,Benign
BENIGN_01535,3295.25,4.8585,4,1,0,0,84,0,1,0.55,3.4957,0,0.05,90.57,0,0,Benign
BENIGN_02005,2101.6,4.4349,5,1,0,0,84,0,0,0.13,4.2249,0,0.1792,59.82,0,0,Benign
MALWARE_01296,891.5,7.6866,2,0,6,0,28,1,1,65.61,7.8146,22,0.7173,41.11,4,1,WannaCry
MALWARE_00020,640.66,7.3402,5,0,4,0,0,1,1,36.03,7.7073,24,0.9029,41.31,1,1,LockBit
BENIGN_01973,2254.9,6.5696,4,1,0,0,56,0,0,0.73,4.0962,0,0.1315,61.2,0,0,Benign
BENIGN_00997,660.62,5.3477,6,1,1,0,0,0,0,0.03,5.4135,0,0.2077,118.37,0,0,Benign
BENIGN_00062,2427.46,4.2742,5,1,0,0,0,0,0,0.17,3.6376,0,0.2239,110.75,0,0,Benign
BENIGN_01109,1975.61,3.1406,4,1,1,0,56,0,0,0.09,4.224,0,0.1252,120.97,1,0,Benign
BENIGN_02406,20.0,5.2597,5,1,0,0,56,0,0,0.11,4.4583,0,0.1022,158.56,0,0,Benign
BENIGN_00096,1157.51,4.1293,4,1,1,0,84,0,0,0.18,4.5124,0,0.1257,138.99,0,0,Benign
BENIGN_00479,655.49,4.5171,5,1,0,0,56,0,0,0.06,5.219,0,0.05,176.31,0,0,Benign
MALWARE_01860,502.53,7.3149,7,0,6,0,0,1,1,32.37,7.4296,32,0.922,11.14,1,1,Ryuk
MALWARE_01613,520.45,7.798,7,0,2,0,0,1,1,46.15,7.708,22,0.7246,52.82,1,1,Maze
MALWARE_01208,966.11,7.4793,2,0,3,0,0,1,1,34.68,7.3302,27,0.7614,60.16,1,1,Ryuk
BENIGN_01102,2898.51,4.7344,5,1,0,0,0,0,0,0.12,4.646,0,0.2776,69.22,0,0,Benign
MALWARE_00247,516.39,7.3511,7,0,5,0,0,1,1,35.88,7.6796,13,0.8475,32.59,1,1,Maze
BENIGN_02171,1590.39,4.0543,5,1,0,0,56,0,0,0.27,4.8242,0,0.193,124.0,0,0,Benign
BENIGN_00323,1497.8,4.8168,6,1,0,0,56,0,0,0.0,3.7712,0,0.1917,136.08,0,0,Benign
MALWARE_01755,815.95,7.9607,9,0,5,1,0,1,1,45.75,7.99,16,0.9171,42.4,3,1,LockBit
MALWARE_00643,774.66,7.381,9,0,3,0,0,1,1,24.54,7.8604,21,0.8185,35.4,1,1,LockBit
MALWARE_01038,220.72,7.6109,7,0,5,0,0,1,1,43.41,7.5231,18,0.8242,73.52,1,1,REvil
MALWARE_02426,140.58,7.639,5,0,7,1,0,1,1,37.87,7.4764,21,0.8219,31.71,1,1,Ryuk
MALWARE_00425,501.42,7.2473,5,0,5,0,56,1,1,58.96,7.7034,17,0.9732,55.24,4,1,LockBit
BENIGN_01150,2489.78,4.6602,4,1,1,0,0,0,0,0.13,3.4522,0,0.1349,112.19,0,0,Benign
MALWARE_01118,56.89,7.7937,7,0,2,2,56,1,1,54.82,7.99,21,0.9284,28.89,2,1,Ryuk
BENIGN_00292,3062.61,4.938,6,1,0,0,56,0,0,0.08,4.5065,0,0.1276,71.77,0,0,Benign
MALWARE_01250,136.3,7.4089,5,0,2,0,0,1,1,35.92,7.6259,12,0.9341,73.24,2,1,Cerber
MALWARE_01087,853.85,7.5304,5,0,4,1,28,1,1,48.64,7.928,22,0.7497,25.08,3,1,Maze
BENIGN_00534,1183.52,4.6744,5,1,0,0,56,0,0,0.01,3.4739,0,0.2553,112.76,0,0,Benign
MALWARE_01108,695.27,7.527,7,0,3,0,0,1,1,5.0,7.5784,18,0.7581,38.48,1,1,LockBit
MALWARE_00149,793.77,7.99,2,0,8,0,0,1,1,47.7,7.6379,18,0.7382,42.62,2,1,REvil
MALWARE_02311,823.56,7.5732,5,0,7,0,28,1,1,50.76,7.6219,20,0.8918,66.46,1,1,LockBit
BENIGN_01984,1368.66,4.2528,5,1,1,0,0,0,0,0.07,3.6264,0,0.1418,86.4,1,0,Benign
MALWARE_00433,583.87,7.1303,5,0,6,1,28,1,1,67.0,7.6801,16,0.758,89.97,1,1,Maze
BENIGN_01537,2865.4,2.5339,5,1,0,0,56,0,0,0.12,4.2064,0,0.1784,162.65,0,0,Benign
MALWARE_02035,690.27,7.3196,7,0,6,0,0,0,1,21.25,7.756,13,0.8856,41.4,1,1,REvil
MALWARE_01673,791.22,7.7719,7,0,4,0,28,1,0,33.34,7.7733,17,0.7279,58.6,1,1,Ryuk
MALWARE_00861,990.73,7.7223,5,1,7,1,0,1,1,45.32,7.7169,14,0.7961,41.89,1,1,REvil
MALWARE_01166,441.88,7.855,7,0,6,0,28,1,0,35.79,7.637,12,0.7418,27.21,1,1,Maze
MALWARE_01506,540.32,7.5201,5,0,4,0,56,1,1,38.29,7.7605,22,0.7029,30.72,1,1,LockBit
MALWARE_01127,1173.08,6.7663,7,0,4,0,0,1,1,22.13,7.8982,22,0.8127,45.8,2,1,Maze
BENIGN_00587,1546.29,4.5875,4,0,0,0,56,0,0,0.01,3.2274,0,0.0942,146.88,0,0,Benign
MALWARE_00757,166.4,7.7085,5,0,6,0,0,1,1,29.39,7.7715,7,0.8002,22.22,2,1,REvil
BENIGN_02299,2616.69,6.5688,4,1,1,0,56,0,0,0.0,5.3544,0,0.223,96.81,0,0,Benign
MALWARE_01489,209.88,7.3625,7,1,6,0,0,1,0,50.78,7.6501,12,1.0,39.81,2,1,WannaCry
BENIGN_00585,1498.16,4.7907,6,1,0,0,56,0,0,0.21,5.1903,0,0.0997,118.4,0,0,Benign
BENIGN_02424,2168.87,5.7023,4,1,0,0,56,0,0,0.17,3.7646,0,0.2221,149.52,0,0,Benign
BENIGN_01392,1031.64,4.378,4,1,0,1,56,0,0,0.11,3.861,0,0.1964,106.79,1,0,Benign
MALWARE_02026,555.21,7.2996,2,1,4,0,0,1,0,50.27,7.8588,24,0.9537,28.76,2,1,Ryuk
MALWARE_02421,388.96,7.2988,5,1,3,0,0,1,1,43.25,7.7538,14,0.7412,67.22,1,1,WannaCry
MALWARE_02301,644.78,7.474,7,0,3,1,0,0,1,52.58,7.5829,20,0.8651,54.06,1,1,WannaCry
MALWARE_00741,667.77,7.7466,9,1,3,0,0,0,1,43.82,7.5216,10,0.7808,23.83,3,1,Maze
MALWARE_01782,587.91,7.5577,5,0,8,1,0,1,1,49.51,7.5279,25,0.9158,70.66,1,1,WannaCry
MALWARE_00839,101.88,7.3412,5,0,3,0,56,1,1,86.95,7.6621,13,0.8361,70.61,4,1,Cerber
MALWARE_00721,369.21,7.8434,9,0,4,1,0,0,1,41.37,7.8408,16,0.7046,34.94,1,1,WannaCry
BENIGN_02112,1011.81,5.5323,5,0,1,0,84,0,0,0.4,4.1691,0,0.2757,152.02,0,0,Benign
BENIGN_01175,1526.27,6.0285,5,1,0,0,84,0,0,0.1,4.2026,0,0.1104,131.26,0,0,Benign
MALWARE_02363,300.2,7.4655,9,0,6,0,0,1,0,76.36,7.5307,23,0.8988,39.07,3,1,Cerber
MALWARE_01312,343.6,7.3097,5,0,4,0,0,1,1,51.95,7.8792,21,0.7336,59.22,2,1,WannaCry
BENIGN_01868,1932.12,3.2722,4,1,1,0,0,0,0,0.09,3.7188,0,0.0945,15.0,0,0,Benign
MALWARE_00115,738.35,7.9314,7,0,5,0,28,1,1,36.57,7.5465,13,0.9771,44.42,2,1,Cerber
MALWARE_01367,875.82,6.9991,9,0,3,1,0,1,1,64.26,7.9052,17,1.0,8.0,2,1,Maze
MALWARE_02386,382.84,7.975,7,0,1,0,0,1,1,69.41,7.4703,9,0.9168,43.33,2,1,Ryuk
MALWARE_01279,897.57,7.57,5,0,4,0,0,0,1,42.04,7.2688,20,0.7689,10.67,1,1,LockBit
MALWARE_01347,534.7,7.2596,5,1,2,1,0,1,1,39.64,7.514,23,0.7858,36.08,4,1,REvil
BENIGN_02417,1463.55,4.6327,5,1,0,0,56,0,0,0.06,3.9506,0,0.1796,214.26,0,0,Benign
BENIGN_00071,2403.26,4.7357,5,1,1,0,0,0,0,0.02,3.5745,0,0.2522,106.95,0,0,Benign
MALWARE_02381,1257.06,7.83,5,0,2,0,0,1,1,51.83,7.4182,22,0.8409,49.64,1,1,Cerber
BENIGN_01127,2255.37,5.7137,6,1,0,0,112,0,0,0.15,4.415,0,0.05,27.42,0,0,Benign
MALWARE_01525,468.42,7.2602,2,1,10,0,0,1,1,58.37,7.7448,14,0.7679,77.11,3,1,Cerber
MALWARE_00751,377.86,7.5795,5,0,5,0,0,1,1,44.56,7.5335,26,0.89,73.08,3,1,Cerber
MALWARE_01402,868.93,7.5202,2,0,5,1,0,1,1,51.57,7.9353,18,0.9777,58.06,3,1,LockBit
BENIGN_01096,746.77,4.702,4,0,1,0,84,0,0,0.09,3.6082,0,0.3085,207.21,0,0,Benign
MALWARE_02046,343.97,7.2979,5,0,7,1,0,1,0,34.9,7.99,19,0.8603,40.82,1,1,WannaCry
BENIGN_01213,1885.64,5.3357,6,1,0,0,112,0,0,0.24,4.8833,0,0.05,80.62,0,0,Benign
MALWARE_01422,985.14,7.2162,9,0,6,0,56,1,1,57.78,7.6684,20,0.8929,79.33,3,1,REvil
BENIGN_01426,1947.36,5.4846,4,1,0,0,56,0,0,0.29,3.915,0,0.2141,69.9,0,0,Benign
MALWARE_00567,629.66,7.0672,7,0,2,0,0,1,1,48.57,7.6777,25,0.7304,26.16,1,1,Maze
MALWARE_02020,854.39,7.7034,9,0,5,0,0,1,1,72.0,7.99,13,0.9427,8.0,2,1,LockBit
BENIGN_02101,1451.55,4.6624,4,1,1,0,84,0,0,0.21,4.5023,0,0.1943,115.81,0,0,Benign
BENIGN_00808,669.84,3.5953,4,1,1,0,0,0,0,0.1,4.1701,0,0.118,127.86,0,0,Benign
MALWARE_02244,588.77,7.0954,9,0,1,0,0,1,1,31.34,7.5396,23,0.8553,41.24,1,1,WannaCry
MALWARE_01251,1207.55,7.2805,9,0,3,0,0,1,1,46.94,7.9672,17,1.0,58.57,2,1,REvil
BENIGN_01363,2191.49,5.543,4,1,0,0,56,0,0,0.04,3.5341,0,0.0697,72.8,0,0,Benign
BENIGN_02318,3012.31,4.2888,4,1,0,0,56,0,0,0.28,3.7354,0,0.1447,56.56,0,0,Benign
MALWARE_02082,899.6,7.7766,7,0,4,1,0,0,1,16.25,7.5318,15,0.9325,50.75,2,1,Ryuk
MALWARE_02242,338.58,7.2687,5,1,10,0,0,1,1,48.49,7.99,21,0.8716,29.49,1,1,Ryuk
BENIGN_01026,928.27,2.9503,4,1,0,0,0,0,0,0.08,3.8408,0,0.2006,57.86,0,0,Benign
MALWARE_00610,779.52,7.6469,7,0,2,1,0,1,1,16.38,7.6064,28,0.8441,50.72,2,1,LockBit
BENIGN_02111,1939.91,4.2754,6,1,0,0,0,0,0,0.19,5.0565,0,0.05,108.77,0,0,Benign
BENIGN_01042,1863.9,4.241,6,1,1,0,0,0,0,0.13,4.1888,0,0.1672,97.94,0,0,Benign
BENIGN_01877,555.2,4.3992,6,1,0,0,56,0,0,0.05,3.9171,0,0.162,76.68,0,0,Benign
BENIGN_00882,1617.13,4.7102,5,1,0,0,84,0,0,0.45,3.6978,0,0.1117,145.78,0,0,Benign
MALWARE_01800,329.44,7.99,9,0,2,0,0,1,1,73.07,7.7169,22,1.0,41.47,1,1,REvil
BENIGN_01193,1521.53,4.9298,4,1,1,0,0,0,0,0.14,3.7104,0,0.1283,75.4,0,0,Benign
MALWARE_02088,585.95,7.4406,5,0,7,2,0,1,0,40.52,7.9433,24,0.6938,41.41,1,1,REvil
MALWARE_02011,666.94,7.5583,9,1,5,0,56,1,1,13.35,7.673,15,0.8322,25.17,3,1,Ryuk
MALWARE_01171,863.11,7.208,5,0,3,1,0,1,0,32.91,7.4459,23,0.9607,39.2,3,1,Cerber
BENIGN_00625,702.47,4.0537,5,1,0,0,0,0,0,0.32,4.1294,0,0.1512,24.13,0,0,Benign
MALWARE_00297,676.41,7.9741,9,0,3,0,28,1,1,58.03,7.3842,23,0.8256,46.59,1,1,LockBit
MALWARE_01792,353.54,7.5516,5,0,4,0,0,1,1,18.59,7.4132,19,0.862,31.59,2,1,REvil
MALWARE_02469,669.16,7.5413,7,0,2,0,0,1,1,64.45,7.4099,16,0.7054,12.75,1,1,Ryuk
BENIGN_00234,2336.07,6.215,4,1,0,0,112,0,0,0.15,3.9047,0,0.2,164.26,0,0,Benign
MALWARE_02067,525.67,7.8208,7,0,3,0,0,1,0,27.71,7.5219,22,0.7563,37.04,4,1,Ryuk
BENIGN_01663,2061.64,6.1481,3,1,1,0,84,0,0,0.47,5.2183,0,0.1141,121.11,0,0,Benign
BENIGN_00416,2426.04,4.6734,4,1,0,0,112,0,0,0.51,4.0897,0,0.05,136.62,0,0,Benign
MALWARE_01747,576.23,7.9447,9,0,3,0,28,1,1,16.75,7.5362,17,0.8167,11.01,1,1,Maze
BENIGN_02174,2953.89,3.9699,5,1,0,0,84,0,0,0.11,3.6559,0,0.134,164.49,0,0,Benign
BENIGN_01457,1810.62,6.8,4,1,0,0,56,0,0,0.02,4.5385,0,0.1749,128.25,0,0,Benign
BENIGN_00747,2456.88,5.4708,4,0,1,0,56,0,0,0.42,3.378,0,0.0716,177.31,0,0,Benign
BENIGN_00018,2071.2,4.7007,6,0,1,0,84,0,0,0.04,4.6442,0,0.2068,124.62,0,0,Benign
BENIGN_01201,1039.73,5.0025,5,1,0,0,84,0,0,0.18,4.4711,0,0.213,82.84,0,0,Benign
BENIGN_01700,1563.34,4.2357,4,1,0,0,0,0,0,0.15,5.3813,0,0.226,192.06,1,0,Benign
MALWARE_00754,1222.12,7.99,2,0,6,0,0,1,0,57.45,7.7263,21,0.6911,42.61,1,1,WannaCry
BENIGN_00597,1837.95,4.427,5,1,0,0,0,0,0,0.16,4.5555,0,0.1406,156.67,0,0,Benign
MALWARE_00727,473.18,7.3392,9,0,3,0,0,1,1,52.75,7.4728,25,1.0,40.35,1,1,Maze
MALWARE_01906,803.6,7.3667,9,0,4,1,0,1,1,52.47,7.8884,23,0.748,50.14,3,1,Maze
MALWARE_02220,382.36,7.5622,5,0,4,0,28,1,1,73.22,7.6773,13,0.9162,44.92,4,1,Maze
BENIGN_01506,806.46,4.1636,4,1,0,0,0,0,0,0.36,4.397,0,0.1084,129.42,0,0,Benign
BENIGN_01413,20.0,4.6386,4,1,1,0,56,0,0,0.07,4.2588,0,0.2323,98.41,0,0,Benign
BENIGN_01966,593.62,4.2143,4,1,0,0,0,0,0,0.18,5.8864,0,0.3629,83.02,0,0,Benign
BENIGN_00372,3248.57,4.0123,4,1,1,0,56,0,0,0.62,3.7245,0,0.0996,156.6,0,0,Benign
BENIGN_01341,434.58,3.5021,4,1,0,0,112,0,0,0.89,4.3077,0,0.2979,140.22,0,0,Benign
BENIGN_00599,1516.87,3.8951,4,1,1,0,112,0,0,0.37,5.0679,0,0.1132,98.52,0,0,Benign
BENIGN_00239,1730.92,4.8598,4,1,0,0,0,0,0,0.34,4.0765,0,0.0903,111.16,0,0,Benign
MALWARE_00901,768.55,7.8938,7,0,2,0,28,0,1,55.99,7.7583,21,0.9493,60.09,2,1,LockBit
BENIGN_02068,2267.14,4.9654,4,1,2,0,0,0,0,0.2,4.0292,0,0.0633,87.03,1,0,Benign
BENIGN_00811,2072.19,4.4853,3,1,0,0,56,0,0,0.02,3.9792,0,0.0613,146.6,0,0,Benign
BENIGN_01095,2296.5,4.8577,4,0,0,0,112,0,0,0.01,4.1319,0,0.05,216.9,1,0,Benign
MALWARE_01825,610.01,7.99,7,0,3,2,56,1,1,57.38,7.6476,16,0.8948,36.29,3,1,Cerber
MALWARE_02261,382.71,7.2186,5,0,9,1,0,1,1,79.03,7.3332,17,0.9544,34.93,1,1,WannaCry
MALWARE_01177,530.3,7.1343,7,0,2,1,0,1,1,48.37,7.765,22,0.8525,68.05,2,1,WannaCry
MALWARE_00965,420.71,7.4471,5,0,5,2,28,1,1,25.84,7.7214,16,0.9556,31.23,1,1,WannaCry
MALWARE_00604,823.26,7.6017,7,1,4,0,0,1,1,68.23,7.5619,20,0.8668,32.61,1,1,REvil
MALWARE_00250,992.53,7.2037,7,0,2,0,0,1,1,48.44,7.4908,17,0.7872,44.18,1,1,LockBit
BENIGN_02296,2898.43,4.6265,5,1,0,0,0,0,0,0.02,4.0418,0,0.2352,131.25,0,0,Benign
MALWARE_01693,548.1,7.0679,7,0,3,0,0,1,1,69.76,7.7301,19,0.8778,36.4,2,1,Maze
MALWARE_01209,582.96,7.2962,7,0,5,1,0,1,1,21.2,7.6564,12,0.6759,68.71,1,1,Cerber
MALWARE_00519,215.02,6.8817,5,0,1,0,0,1,1,13.26,7.7384,24,0.8235,31.07,1,1,Ryuk
MALWARE_01753,657.06,7.0685,2,0,7,0,0,1,1,44.41,7.8707,24,0.8515,60.49,1,1,Ryuk
BENIGN_00804,993.25,3.6436,5,1,1,0,84,0,0,0.07,4.4171,0,0.1908,110.63,0,0,Benign
MALWARE_01691,1012.24,7.277,2,0,4,1,0,1,1,28.33,7.99,16,0.8045,31.57,1,1,LockBit
MALWARE_01206,940.11,7.99,7,0,5,0,0,1,1,40.9,7.6272,20,0.9054,61.12,2,1,Ryuk
BENIGN_00752,795.39,5.3154,4,1,1,0,84,0,0,0.02,4.2879,0,0.1389,101.13,0,0,Benign
MALWARE_02145,1142.92,6.9839,5,0,6,0,0,1,1,55.9,7.99,26,0.8874,51.99,1,1,REvil
MALWARE_00032,837.2,7.0766,7,0,2,2,0,1,0,53.9,7.99,22,0.6845,30.91,1,1,LockBit
BENIGN_00622,1552.02,4.9132,4,1,0,0,56,0,0,0.19,5.2041,0,0.05,99.65,1,0,Benign
BENIGN_02298,671.55,5.4432,4,1,0,0,0,0,0,0.19,3.093,0,0.1044,89.18,0,0,Benign
MALWARE_01329,373.63,7.837,5,0,2,0,0,1,1,54.04,7.4077,19,0.9626,28.73,1,1,REvil
BENIGN_00567,2474.34,5.184,4,1,0,0,56,0,0,0.31,4.331,0,0.2531,113.35,1,0,Benign
BENIGN_01136,1794.16,6.8,5,1,0,0,84,0,0,0.05,4.2171,0,0.2478,124.35,0,0,Benign
BENIGN_01205,1432.03,3.7343,5,1,1,0,56,0,0,0.0,4.7539,0,0.1861,99.18,1,0,Benign
BENIGN_01048,2060.78,4.2996,4,1,0,0,56,0,0,0.25,4.4724,0,0.1585,155.39,0,0,Benign
BENIGN_00052,2116.69,4.9322,4,1,1,0,84,0,0,0.03,4.5414,0,0.0627,79.15,0,0,Benign
MALWARE_01152,400.79,7.99,2,0,2,1,28,0,0,45.42,7.9062,20,0.9172,66.66,2,1,WannaCry
BENIGN_01045,1870.98,3.866,5,1,0,0,84,0,0,0.35,4.3292,0,0.1367,60.24,0,0,Benign
BENIGN_02182,1853.35,5.1848,4,1,0,0,56,0,0,0.11,4.1842,0,0.2,121.71,0,0,Benign
MALWARE_00189,389.14,7.3227,9,1,5,1,0,1,1,45.05,7.8601,20,0.7419,30.21,1,1,LockBit
BENIGN_00535,1481.56,5.8229,4,1,0,0,84,0,0,0.14,3.1224,0,0.05,94.48,0,0,Benign
MALWARE_00685,887.48,7.4105,2,0,5,0,0,1,1,37.72,7.7204,19,0.8375,8.0,1,1,Ryuk
MALWARE_01358,912.78,6.7886,5,0,1,1,0,0,1,27.12,7.7155,18,0.8703,49.35,2,1,Maze
BENIGN_00444,953.09,4.7596,3,1,1,0,84,0,0,0.01,3.7023,0,0.1916,141.31,0,0,Benign
MALWARE_01105,133.8,7.8473,2,0,4,0,0,1,1,53.54,7.9788,21,0.8598,26.76,2,1,Maze
BENIGN_00196,1175.67,3.6391,5,1,0,0,0,0,0,0.01,4.1927,0,0.1509,155.48,0,0,Benign
BENIGN_01116,654.93,5.6724,5,1,0,0,0,0,0,0.02,4.827,0,0.2392,105.3,0,0,Benign
BENIGN_00766,391.16,6.1904,5,0,0,1,0,0,0,0.45,4.4574,0,0.0741,72.89,0,0,Benign
BENIGN_01946,2201.71,4.2714,5,1,0,0,0,0,0,0.32,4.604,0,0.05,121.94,0,0,Benign
MALWARE_00748,346.54,7.4244,9,0,6,1,0,1,1,26.89,7.5893,27,0.8225,45.21,1,1,Cerber
MALWARE_00503,540.04,7.3672,5,0,2,0,0,1,1,54.57,7.5505,19,0.8099,47.56,1,1,WannaCry
BENIGN_01433,794.09,5.2397,6,1,0,0,84,0,0,0.03,5.3361,0,0.2595,74.53,0,0,Benign
MALWARE_01701,759.76,7.4298,5,0,4,0,0,1,0,61.6,7.8581,15,0.778,69.01,1,1,Maze
MALWARE_00596,352.59,7.439,7,0,4,1,28,1,1,40.95,7.7598,15,0.9888,37.68,1,1,LockBit
MALWARE_00423,188.83,7.7673,7,0,4,1,0,0,0,52.21,7.6895,16,0.6428,53.43,1,1,Maze
BENIGN_00645,2531.1,3.9115,3,1,0,0,112,0,0,0.48,2.8526,0,0.1656,215.93,0,0,Benign
BENIGN_01050,3325.87,3.2541,4,1,0,0,112,0,0,0.04,4.0021,0,0.2388,116.53,0,0,Benign
MALWARE_01246,715.55,7.5876,5,0,8,0,0,1,1,51.79,7.99,16,0.8567,29.31,1,1,Ryuk
MALWARE_01594,596.46,7.472,2,0,7,0,0,1,0,62.05,7.4586,24,0.8826,21.34,1,1,Maze
MALWARE_01904,465.3,7.5512,7,0,3,0,0,1,1,40.61,7.6942,19,0.7721,10.33,1,1,WannaCry
BENIGN_00121,2457.26,4.6732,3,1,0,0,84,0,0,0.09,3.6751,0,0.05,134.24,1,0,Benign
BENIGN_02053,2091.81,6.8,3,1,0,0,0,0,0,0.17,2.9809,0,0.1364,143.16,0,0,Benign
MALWARE_01759,597.88,7.4855,7,0,4,1,28,1,1,83.92,7.7188,22,0.7972,84.63,2,1,WannaCry
MALWARE_02389,538.39,7.8626,5,0,4,0,0,1,0,39.29,7.809,14,0.6254,72.24,3,1,Ryuk
MALWARE_01835,743.01,7.8292,9,0,3,2,0,1,1,49.89,7.8316,23,0.997,62.35,1,1,LockBit
MALWARE_02192,624.23,7.99,9,0,4,0,0,1,0,53.59,7.8109,22,0.8699,25.06,1,1,Cerber
BENIGN_00135,1612.71,3.3852,4,0,0,0,84,0,0,0.04,4.0847,0,0.2612,64.43,0,0,Benign
BENIGN_02461,1738.03,5.7798,6,0,1,0,56,0,0,0.06,3.7365,0,0.2835,142.41,0,0,Benign
BENIGN_01955,2005.15,5.3989,5,1,0,0,0,0,0,0.44,4.6548,0,0.1636,188.7,0,0,Benign
BENIGN_02464,1472.97,5.5877,4,1,1,0,112,0,0,0.1,5.2541,0,0.094,85.29,0,0,Benign
BENIGN_00185,2284.68,4.2062,5,1,0,0,0,0,0,0.73,4.304,0,0.1695,108.84,0,0,Benign
BENIGN_01393,20.0,4.7771,5,1,1,0,112,0,1,0.55,3.2124,0,0.1479,35.21,0,0,Benign
BENIGN_02277,1306.76,4.924,4,1,0,0,56,0,0,0.09,4.7124,0,0.1724,166.91,0,0,Benign
BENIGN_00512,1565.59,5.5965,6,1,1,0,56,0,0,0.07,3.231,0,0.2097,86.09,0,0,Benign
MALWARE_02230,790.84,7.4261,9,0,7,0,28,1,1,51.28,7.7041,25,1.0,63.05,2,1,WannaCry
MALWARE_01555,719.37,7.0862,5,0,7,1,0,0,1,42.42,7.5468,17,0.8549,42.1,1,1,WannaCry
MALWARE_00638,353.07,7.5705,7,0,4,1,0,1,1,59.51,7.9787,21,0.9122,40.33,2,1,Maze
MALWARE_00170,299.2,7.4062,9,0,7,2,0,1,1,35.13,7.6379,20,0.8082,34.26,1,1,REvil
MALWARE_02274,361.75,6.988,5,1,4,0,0,1,1,33.7,7.8639,14,0.7092,95.93,3,1,Cerber
MALWARE_02362,293.9,7.79,5,0,6,0,0,1,0,17.34,7.7529,18,0.9016,55.65,2,1,REvil
BENIGN_02118,1742.5,5.7552,5,1,2,0,56,0,0,0.87,4.4289,0,0.1579,149.84,0,0,Benign
BENIGN_00252,2536.7,4.2378,3,0,0,0,0,0,0,0.23,3.4772,0,0.2195,97.22,1,0,Benign
MALWARE_01027,575.55,7.8284,7,0,5,0,0,1,1,40.01,7.6146,22,0.8369,56.84,1,1,LockBit
MALWARE_01060,120.56,7.99,5,0,5,0,0,1,1,65.54,7.7618,18,0.8998,31.1,1,1,LockBit
MALWARE_01512,303.67,7.4353,2,0,5,0,0,1,1,39.16,7.702,16,0.7136,58.49,1,1,Maze
BENIGN_01508,1082.34,5.2086,4,1,0,0,56,0,0,0.45,4.4268,0,0.1806,70.47,0,0,Benign
BENIGN_00123,2541.39,6.0492,3,1,0,0,56,0,0,0.01,4.3422,0,0.1136,79.88,0,0,Benign
MALWARE_01760,940.58,7.8456,9,0,4,0,0,1,1,40.73,7.7582,24,0.7417,66.33,1,1,LockBit
MALWARE_00834,545.46,7.3834,9,0,4,0,28,1,1,29.44,7.2883,17,0.9224,37.25,1,1,Cerber
BENIGN_01872,1750.44,4.6463,5,1,2,1,0,0,0,0.2,4.4711,0,0.1704,205.8,0,0,Benign
MALWARE_01193,474.89,7.48,5,0,1,2,0,1,1,19.4,7.8795,19,0.6548,68.21,1,1,REvil
BENIGN_00568,443.29,5.3831,3,1,0,0,0,0,0,0.16,4.5555,0,0.1013,69.61,0,0,Benign
BENIGN_01372,2285.81,4.054,4,1,0,1,84,0,0,0.35,5.3153,0,0.0889,167.02,0,0,Benign
MALWARE_00686,347.14,7.0587,5,0,7,1,0,1,1,74.66,7.874,15,0.6144,19.11,1,1,REvil
MALWARE_01456,571.76,7.6495,5,0,3,1,0,1,1,40.28,7.8777,14,0.9047,35.86,1,1,Ryuk
BENIGN_01057,482.21,5.3704,3,1,0,0,0,0,0,0.09,4.2359,0,0.2217,152.57,0,0,Benign
BENIGN_00857,893.2,4.6939,3,1,0,0,56,0,0,0.13,2.7942,0,0.1009,110.1,0,0,Benign
MALWARE_01339,626.89,7.57,5,0,4,0,28,1,1,35.86,7.8617,17,0.8729,28.86,2,1,Maze
MALWARE_00361,803.26,7.4028,9,0,2,0,0,1,1,15.67,7.8501,18,0.8127,40.12,1,1,Cerber
MALWARE_02270,280.18,7.701,2,1,3,0,0,0,1,31.49,7.8215,20,0.9137,43.07,4,1,Maze
BENIGN_00777,478.07,5.0993,5,1,0,0,56,0,0,0.02,3.1796,0,0.0912,110.28,0,0,Benign
BENIGN_00721,869.58,4.9689,4,1,0,0,112,0,0,0.05,4.7265,0,0.1781,148.43,0,0,Benign
MALWARE_00211,563.11,7.9614,2,0,7,0,0,1,1,43.99,7.452,22,0.9356,80.72,1,1,LockBit
MALWARE_00155,808.47,7.5412,7,0,2,0,56,0,1,67.67,7.7227,20,1.0,45.8,1,1,REvil
MALWARE_02378,434.28,7.5148,5,0,1,1,28,1,1,29.47,7.5503,8,0.8712,42.58,3,1,LockBit
BENIGN_00603,1594.65,4.2452,5,1,2,0,56,0,0,0.17,3.4107,0,0.2548,106.16,0,0,Benign
MALWARE_01323,330.37,7.4796,9,0,2,0,0,1,1,68.3,7.3034,23,1.0,33.03,3,1,Maze
BENIGN_01245,31.54,4.6566,4,0,0,0,112,0,0,0.01,3.9138,0,0.1007,171.25,0,0,Benign
MALWARE_02346,689.32,7.434,5,0,2,1,0,1,1,53.53,7.5307,15,0.9839,59.07,2,1,Cerber
MALWARE_02342,10.0,7.6014,9,0,3,1,0,1,0,77.31,7.8107,17,0.7802,84.61,2,1,LockBit
BENIGN_00319,1982.48,4.1196,5,1,0,0,84,0,0,0.02,4.4838,0,0.225,71.08,0,0,Benign
BENIGN_00829,1955.81,4.5407,5,1,0,0,84,0,0,0.14,5.3884,0,0.05,35.4,0,0,Benign
MALWARE_00764,1114.56,7.4412,7,0,3,0,0,1,1,48.6,7.6244,20,0.9255,68.3,1,1,Ryuk
BENIGN_00275,1249.99,5.288,4,1,0,0,84,0,0,0.35,3.5378,0,0.1235,80.99,0,0,Benign
MALWARE_00165,508.6,7.1874,7,0,3,1,0,1,1,55.98,7.3777,23,0.7824,17.64,1,1,Ryuk
BENIGN_00550,1131.88,5.6951,6,1,0,0,84,0,0,0.18,4.9647,0,0.1523,141.57,1,0,Benign
MALWARE_01142,592.7,7.6844,7,0,4,1,0,1,1,49.15,7.823,17,0.886,21.61,2,1,REvil
MALWARE_01554,374.62,7.8895,2,0,4,0,0,1,1,38.1,7.7266,15,0.7679,67.8,1,1,Cerber
MALWARE_02393,750.41,7.99,9,0,9,0,28,1,1,11.38,7.866,21,0.8689,8.0,1,1,Cerber
MALWARE_00435,556.66,7.0357,2,0,1,0,0,1,1,57.36,7.8054,21,0.9809,9.9,3,1,Ryuk
BENIGN_00606,2582.76,5.4964,6,1,2,0,56,0,0,0.35,5.4512,0,0.3139,38.73,0,0,Benign
BENIGN_00897,1148.36,5.2644,6,0,2,0,56,0,0,0.38,4.2018,0,0.1642,66.47,0,0,Benign
BENIGN_00528,918.91,6.6703,4,1,0,0,0,0,0,0.03,3.6835,0,0.05,97.34,0,0,Benign
MALWARE_02108,862.17,7.4814,9,0,2,0,0,1,1,26.35,7.99,18,0.7093,46.06,2,1,REvil
BENIGN_02348,596.93,4.5499,4,1,2,0,84,0,0,0.14,4.8226,0,0.1277,78.44,0,0,Benign
MALWARE_00940,615.27,7.1387,9,0,5,0,0,1,1,33.85,7.9603,26,0.6797,29.03,1,1,Cerber
MALWARE_02499,238.94,7.9077,2,0,9,1,0,1,1,50.65,7.8676,19,1.0,33.06,2,1,REvil
MALWARE_02327,711.5,6.8752,2,0,6,0,0,1,1,52.19,7.5772,17,0.8257,8.0,3,1,Cerber
MALWARE_01423,660.49,7.1214,7,1,3,0,28,1,1,57.77,7.5121,23,0.7455,33.48,1,1,Cerber
BENIGN_00299,1086.25,4.3615,4,1,0,0,56,0,0,0.37,4.2113,0,0.0563,204.79,0,0,Benign
BENIGN_02120,820.99,4.5368,6,1,1,0,56,0,0,0.11,3.5116,0,0.2194,200.62,0,0,Benign
MALWARE_00037,337.94,7.6114,2,0,6,2,0,1,0,46.86,7.7452,18,0.753,58.47,3,1,LockBit
MALWARE_01704,642.34,7.1468,7,0,4,2,0,1,1,45.89,7.5875,17,0.7773,61.29,2,1,LockBit
MALWARE_00755,1183.41,7.0013,7,0,3,2,0,1,1,65.09,7.99,12,0.9995,37.81,3,1,WannaCry
MALWARE_01226,847.94,7.4302,9,0,7,1,0,1,0,39.79,7.8841,26,0.8382,49.77,2,1,LockBit
BENIGN_01261,1176.14,6.376,4,0,0,0,84,0,0,0.13,4.3287,0,0.076,142.63,0,0,Benign
BENIGN_01559,552.13,5.179,4,1,1,0,84,0,0,0.33,4.7737,0,0.0683,159.36,0,0,Benign
MALWARE_00770,504.89,7.8748,5,0,6,1,0,1,1,69.05,7.6221,30,0.7673,67.16,3,1,Ryuk
MALWARE_01547,956.62,7.2991,5,0,4,1,0,1,1,74.88,7.4802,11,0.9203,19.99,2,1,WannaCry
BENIGN_00757,2120.78,5.2116,4,1,1,0,56,0,0,0.17,3.903,0,0.0796,134.94,1,0,Benign
BENIGN_01011,822.88,6.1953,4,1,0,0,56,0,0,0.3,4.0267,0,0.1552,129.94,0,0,Benign
MALWARE_00295,833.05,7.7238,7,0,5,0,28,1,1,75.27,7.5751,14,0.8598,23.42,1,1,LockBit
MALWARE_00406,1008.66,7.3714,5,0,6,2,0,1,1,60.9,7.5945,17,0.8716,20.48,1,1,REvil
BENIGN_01871,1552.69,5.6468,3,1,0,0,0,0,0,0.08,3.9716,0,0.1521,131.75,0,0,Benign
BENIGN_02230,887.53,3.6191,5,0,0,0,0,0,0,0.1,3.9851,0,0.2146,104.54,0,0,Benign
BENIGN_01174,2981.29,5.1784,5,1,2,0,56,0,0,0.01,4.01,0,0.2003,38.55,0,0,Benign
BENIGN_01833,1846.77,5.3339,4,1,0,0,0,0,0,0.4,4.2493,0,0.05,130.76,0,0,Benign
BENIGN_00377,2987.18,5.5857,4,1,0,0,0,0,0,0.07,3.5447,0,0.1608,169.72,0,0,Benign
MALWARE_01354,621.52,7.6664,9,1,0,0,28,1,1,30.75,7.7142,18,1.0,32.17,1,1,Ryuk
MALWARE_01117,750.0,7.6524,5,0,3,0,56,0,1,47.83,7.8319,22,0.9543,45.36,2,1,Ryuk
BENIGN_00799,753.5,5.3388,4,1,0,0,56,0,0,0.25,3.5928,0,0.0555,29.45,1,0,Benign
BENIGN_00379,1960.72,4.6805,5,1,1,0,0,0,0,0.08,4.3925,0,0.1368,158.17,1,0,Benign
BENIGN_01159,2011.79,5.162,4,1,0,0,56,0,0,0.03,5.0323,0,0.0916,115.73,0,0,Benign
MALWARE_01320,917.08,7.99,7,0,8,0,0,1,0,77.23,7.99,20,0.8489,61.69,1,1,LockBit
MALWARE_00293,534.87,7.7973,9,0,2,0,56,1,0,39.22,7.4864,18,0.9286,58.51,1,1,Cerber
BENIGN_02241,355.31,5.3465,4,1,1,0,0,0,0,0.21,4.0633,0,0.2762,152.53,0,0,Benign
MALWARE_01536,1089.56,7.1052,9,0,8,2,0,1,1,35.44,7.8733,23,0.9199,49.14,3,1,Ryuk
MALWARE_00163,357.7,7.3681,7,0,3,0,56,0,1,44.75,7.4448,19,0.6937,48.43,1,1,Maze
MALWARE_01513,403.9,7.3247,5,0,8,1,0,1,0,48.16,7.99,24,0.9674,65.89,3,1,Maze
MALWARE_00458,727.69,7.4767,5,0,2,1,0,1,1,22.84,7.9325,17,0.8824,39.08,2,1,WannaCry
MALWARE_01428,62.46,7.4258,5,0,6,1,28,1,1,35.39,7.5275,20,0.587,71.49,3,1,Ryuk
BENIGN_01039,2843.22,2.9247,5,1,1,1,56,0,0,0.24,3.5445,0,0.246,130.47,0,0,Benign
MALWARE_00760,892.33,7.6057,5,0,5,0,28,1,1,54.99,7.99,16,0.7237,52.31,1,1,LockBit
BENIGN_01345,2413.64,4.3779,4,1,1,0,56,0,0,0.08,4.3188,0,0.1883,92.72,0,0,Benign
MALWARE_00006,619.99,7.6297,2,0,5,0,0,1,1,49.98,7.8081,20,0.6949,43.31,3,1,LockBit
BENIGN_01722,2457.77,4.0951,5,1,0,0,56,0,0,0.22,3.5966,0,0.1636,183.74,0,0,Benign
MALWARE_02164,608.87,7.8585,5,0,2,0,0,1,1,80.88,7.8229,14,0.877,58.48,2,1,Ryuk
BENIGN_00176,2462.49,2.3844,5,1,0,0,0,0,0,0.35,4.3103,0,0.1689,188.49,0,0,Benign
MALWARE_02394,783.29,7.3739,9,0,8,0,28,1,1,58.77,7.6623,22,0.793,51.07,2,1,Ryuk
BENIGN_01910,2498.0,5.1848,4,1,0,0,84,0,0,0.14,4.666,0,0.0515,56.12,0,0,Benign
BENIGN_00046,1601.89,4.2795,4,1,0,0,0,0,0,0.11,3.9077,0,0.1812,115.75,0,0,Benign
MALWARE_00910,470.32,7.201,7,0,6,0,28,1,1,39.31,7.7009,16,0.815,26.92,4,1,Ryuk
MALWARE_02175,552.99,7.6216,9,0,0,2,0,1,1,50.33,7.6339,10,0.7758,18.64,2,1,REvil
BENIGN_01076,2248.92,4.9453,6,1,0,0,56,0,0,0.3,4.7587,0,0.1352,62.11,0,0,Benign
MALWARE_00330,768.51,7.99,5,0,5,0,0,1,1,57.93,7.3028,23,0.9175,64.61,3,1,Maze
BENIGN_01505,20.0,4.5736,5,0,0,0,56,0,0,0.24,3.7666,0,0.1037,81.99,0,0,Benign
BENIGN_02310,1392.57,4.7562,6,0,0,0,0,0,0,0.17,4.9593,0,0.1612,152.53,1,0,Benign
BENIGN_01437,1722.86,4.6143,5,1,0,0,56,0,0,0.18,4.1867,0,0.1488,173.41,0,0,Benign
BENIGN_02419,2232.88,4.7518,4,1,0,0,84,0,0,0.06,3.7136,0,0.1567,25.2,0,0,Benign
MALWARE_01487,807.16,7.7134,7,0,2,1,0,1,1,64.78,7.7667,18,0.7995,37.73,1,1,REvil
MALWARE_00599,998.98,7.7597,9,0,6,0,0,1,1,48.17,7.699,18,0.7493,56.14,3,1,Cerber
MALWARE_02089,518.02,7.7931,7,0,6,1,0,1,0,62.68,7.7501,22,0.8843,42.36,1,1,Cerber
BENIGN_00284,974.44,4.067,4,1,0,0,112,0,0,0.14,5.0133,0,0.1579,77.91,0,0,Benign
MALWARE_02419,865.59,7.2576,5,0,3,0,0,1,1,18.51,7.2524,17,0.6774,74.03,1,1,Cerber
BENIGN_00843,2191.96,3.8943,6,1,2,0,0,0,0,0.05,4.3158,0,0.2841,41.75,1,0,Benign
BENIGN_01514,1745.11,4.4059,5,1,0,1,0,0,0,0.17,5.2104,0,0.3107,176.74,0,0,Benign
BENIGN_01169,2143.14,4.8567,5,0,0,0,84,0,0,0.02,5.2901,0,0.2578,165.44,0,0,Benign
BENIGN_01593,2134.58,4.2035,5,1,0,0,0,0,0,0.26,4.7329,0,0.1278,104.66,0,0,Benign
MALWARE_00961,298.72,7.6934,2,0,4,1,0,1,1,54.38,7.7378,25,0.7898,19.19,3,1,Maze
MALWARE_00666,1124.43,7.4229,5,1,4,0,0,0,1,61.09,7.8235,18,0.7502,30.99,2,1,REvil
BENIGN_02285,1393.13,5.4997,4,1,0,0,112,0,0,0.16,4.8723,0,0.1485,121.69,0,0,Benign
MALWARE_01076,476.28,7.417,7,0,4,1,0,1,1,52.6,7.588,16,0.8384,58.22,2,1,Maze
MALWARE_02371,560.95,7.4377,5,0,5,1,28,1,1,20.49,7.8666,16,0.8623,69.78,1,1,Maze
BENIGN_02306,20.0,5.3137,3,1,0,0,84,0,0,0.25,4.2038,0,0.2083,160.09,0,0,Benign
BENIGN_00953,1359.54,4.8824,3,1,0,0,112,0,0,0.18,4.4323,0,0.15,161.32,0,0,Benign
MALWARE_02443,572.5,6.7819,2,0,3,0,0,1,0,61.66,7.8954,13,0.8024,42.12,3,1,REvil
MALWARE_00554,919.81,7.263,9,0,4,0,0,1,1,70.64,7.6313,21,0.7868,24.92,1,1,Maze
MALWARE_02060,155.9,7.1942,7,0,7,1,0,1,1,33.02,7.7724,20,0.8156,17.24,1,1,REvil
MALWARE_00186,331.63,7.1147,5,0,7,0,0,1,0,39.19,7.6598,21,0.8683,32.09,2,1,LockBit
BENIGN_01490,1168.95,5.9671,6,1,0,0,112,0,1,0.21,4.0611,0,0.1357,131.55,0,0,Benign
BENIGN_00928,1846.76,6.5278,5,1,0,0,56,0,0,0.19,3.6223,0,0.2203,187.43,0,0,Benign
BENIGN_01210,1336.6,4.0083,5,1,0,0,56,0,0,0.13,3.65,0,0.232,138.71,0,0,Benign
MALWARE_01474,1172.34,7.651,7,0,8,1,0,1,1,62.62,7.5129,22,0.795,18.17,3,1,Maze
MALWARE_01046,615.97,7.473,5,0,3,2,0,1,0,45.57,7.5978,15,0.9869,37.1,4,1,REvil
MALWARE_01862,355.74,7.9126,7,0,7,2,28,1,1,51.48,7.8218,29,0.8518,35.37,3,1,REvil
BENIGN_01922,2876.88,4.265,4,1,1,0,0,0,0,0.44,3.3563,0,0.1195,116.38,0,0,Benign
BENIGN_00352,885.99,4.9515,5,1,0,0,56,0,0,0.19,4.3783,0,0.1426,107.71,0,0,Benign
MALWARE_02399,540.09,7.8153,7,0,2,0,0,1,1,34.94,7.9323,17,1.0,72.45,1,1,Cerber
MALWARE_00894,87.98,7.4928,5,0,3,0,28,1,1,27.35,7.4842,24,0.8572,15.88,1,1,LockBit
MALWARE_00222,461.25,7.5232,9,0,5,1,0,1,0,60.4,7.5317,20,0.9664,39.09,1,1,Maze
MALWARE_02482,914.37,7.5641,2,0,3,0,0,1,1,45.03,7.6911,22,0.959,63.27,1,1,REvil
BENIGN_00719,2130.35,5.1691,4,0,0,0,84,0,0,0.09,4.2893,0,0.1363,124.37,0,0,Benign
MALWARE_00203,450.51,7.5802,5,0,6,0,0,1,0,86.37,7.8362,12,0.8592,20.68,2,1,Cerber
MALWARE_00223,24.04,6.7,7,0,3,2,0,1,1,58.5,7.5092,24,0.8123,38.45,1,1,Maze
MALWARE_02062,282.91,7.6207,9,0,6,0,28,1,0,58.41,7.9555,16,0.7859,19.81,1,1,WannaCry
BENIGN_00309,2266.71,4.8413,4,1,1,0,56,0,0,0.11,4.3925,0,0.1655,56.5,0,0,Benign
BENIGN_01676,1634.95,4.9734,6,1,1,0,56,0,0,0.09,3.6117,0,0.1916,15.0,0,0,Benign
BENIGN_00834,1681.62,4.4748,4,1,0,0,0,0,0,0.25,4.1319,0,0.0678,39.94,0,0,Benign
BENIGN_00367,2358.6,4.3626,4,1,0,0,0,0,0,0.14,4.4958,0,0.1454,173.77,0,0,Benign
MALWARE_02007,471.8,7.6443,7,0,8,1,56,1,1,54.56,7.9532,23,0.6791,36.69,3,1,Maze
BENIGN_02079,2194.13,4.7708,5,1,0,0,84,0,0,0.11,3.6556,0,0.091,178.35,0,0,Benign
MALWARE_01539,759.64,7.552,5,0,4,0,0,0,1,26.86,7.6432,15,0.6346,55.59,1,1,Maze
MALWARE_02347,647.83,7.4717,7,0,7,0,0,1,1,37.6,7.632,22,0.9179,49.5,1,1,Cerber
MALWARE_01980,1017.52,7.99,9,0,3,0,0,1,1,49.17,7.4223,15,0.9085,40.4,1,1,LockBit
BENIGN_01747,1036.76,4.3142,6,1,0,0,0,0,0,0.32,5.587,0,0.144,150.89,0,0,Benign
BENIGN_00020,1016.88,5.212,5,1,1,0,56,0,0,0.02,6.5,0,0.1112,124.09,0,0,Benign
BENIGN_01323,2950.33,4.0483,4,1,0,0,56,0,0,0.33,4.4332,0,0.2897,205.27,0,0,Benign
MALWARE_01068,10.0,7.4072,5,0,6,1,0,1,1,60.77,7.7797,19,0.9095,40.22,2,1,Maze
MALWARE_00022,849.17,7.0185,5,0,4,2,0,1,1,24.02,7.6973,22,0.9048,31.37,2,1,Cerber
BENIGN_00219,1944.41,4.0651,4,1,0,0,84,0,0,0.14,4.0314,0,0.184,81.02,0,0,Benign
BENIGN_01488,1388.39,5.6544,4,1,0,0,84,0,0,0.34,4.6508,0,0.096,179.87,0,0,Benign
BENIGN_00439,882.07,5.5116,5,1,2,0,56,0,0,0.02,4.2507,0,0.0645,167.81,1,0,Benign
MALWARE_01675,606.19,7.99,5,0,9,0,0,1,1,47.86,7.6558,15,0.8106,62.47,2,1,Ryuk
MALWARE_00251,590.51,7.2278,9,0,2,1,0,1,1,31.61,7.1905,16,0.7887,28.16,1,1,WannaCry
MALWARE_00789,868.52,7.7622,9,0,2,1,0,1,0,38.32,7.7376,18,0.6988,42.72,1,1,Cerber
MALWARE_00934,629.45,7.1461,7,0,4,0,0,1,0,47.56,7.8484,25,0.7774,23.4,2,1,WannaCry
MALWARE_00026,767.24,7.1758,2,0,5,2,56,1,1,10.8,7.7382,18,0.8999,34.75,1,1,LockBit
MALWARE_02151,475.74,7.6269,7,0,7,2,0,1,1,60.93,7.5795,16,0.8566,15.23,1,1,Ryuk
MALWARE_01189,1038.96,7.5146,2,0,1,1,0,1,1,58.32,7.6777,23,0.6879,16.55,3,1,LockBit
MALWARE_00264,549.61,7.6936,7,0,1,2,56,1,1,19.51,7.7085,18,0.8447,34.48,1,1,Cerber
BENIGN_00803,2362.5,4.731,4,1,0,0,0,0,0,0.09,4.4041,0,0.1036,95.71,0,0,Benign
MALWARE_00498,413.12,7.3893,7,0,2,0,0,1,0,41.92,7.6553,17,0.8173,53.77,2,1,Ryuk
BENIGN_02229,938.52,5.041,3,1,0,0,56,0,0,0.25,4.0948,0,0.1447,82.85,0,0,Benign
MALWARE_02286,1112.21,7.38,5,0,4,0,0,1,1,29.99,7.99,20,0.8876,52.57,2,1,Cerber
BENIGN_02078,1403.95,5.2409,4,1,0,0,84,0,0,0.17,4.558,0,0.1077,166.14,0,0,Benign
BENIGN_00583,3848.32,3.9777,6,0,0,0,56,0,0,0.07,4.5958,0,0.1162,130.23,0,0,Benign
BENIGN_00204,2609.41,4.4169,4,0,1,0,56,0,0,0.36,3.6823,0,0.1205,127.17,0,0,Benign
MALWARE_01847,277.35,7.8133,5,0,8,0,0,1,1,49.95,7.5742,16,0.7914,72.27,3,1,Maze
MALWARE_00979,324.62,7.424,2,0,4,2,0,1,1,15.45,7.7435,16,0.8377,21.4,3,1,REvil
MALWARE_00430,815.9,7.3074,7,0,3,1,0,1,1,29.61,7.8103,26,0.7287,14.42,1,1,Maze
MALWARE_00586,368.07,7.99,2,1,6,0,0,0,1,81.69,7.99,21,0.8729,27.35,3,1,Maze
BENIGN_01019,799.93,5.5007,4,0,0,0,56,0,0,0.29,4.7339,0,0.1837,126.03,0,0,Benign
BENIGN_01584,315.64,5.1522,4,1,1,0,56,0,0,0.23,3.706,0,0.1558,205.54,1,0,Benign
BENIGN_01033,1805.08,4.833,3,1,0,0,56,0,0,0.49,4.3221,0,0.05,137.83,0,0,Benign
BENIGN_01719,2245.24,4.7271,4,1,0,0,84,0,0,0.26,4.0423,0,0.1685,143.25,0,0,Benign
BENIGN_01282,202.84,5.1625,4,1,1,0,0,0,0,0.24,3.8125,0,0.2901,58.31,0,0,Benign
BENIGN_02499,1693.72,4.2327,5,1,1,0,112,0,0,0.06,3.3251,0,0.1029,165.86,0,0,Benign
MALWARE_00851,424.17,7.5586,2,0,5,0,28,1,1,42.7,7.2557,15,0.9039,16.95,1,1,LockBit
BENIGN_00518,1184.81,5.551,4,1,1,0,0,0,0,0.08,3.4661,0,0.0968,68.64,0,0,Benign
BENIGN_01748,20.0,5.6397,4,1,1,0,0,0,0,0.19,3.4059,0,0.0786,126.57,0,0,Benign
MALWARE_02153,247.83,7.8264,7,0,5,0,0,1,1,53.0,7.99,11,1.0,49.56,1,1,WannaCry
MALWARE_01233,797.47,7.341,7,0,5,0,0,1,1,56.97,7.7483,16,0.721,40.82,1,1,Maze
BENIGN_00669,698.7,4.8696,5,1,2,0,56,0,0,0.09,4.9885,0,0.2071,68.7,0,0,Benign
MALWARE_01560,1055.66,6.979,9,0,6,0,0,1,0,18.37,7.5737,13,0.8402,63.79,3,1,Ryuk
MALWARE_00527,662.32,6.726,7,0,3,2,0,0,0,29.7,7.8611,20,0.8837,26.31,2,1,WannaCry
MALWARE_02433,780.91,7.3906,2,0,3,0,0,0,1,64.08,7.8969,19,0.9367,44.42,2,1,WannaCry
MALWARE_00787,423.17,7.9126,5,0,4,1,0,1,1,64.72,7.596,24,0.7256,51.64,3,1,LockBit
MALWARE_00151,856.78,7.7401,2,0,7,0,28,1,1,32.3,7.7311,21,0.9437,50.67,1,1,WannaCry
MALWARE_01954,346.83,7.3902,7,0,4,0,0,1,1,72.03,7.8633,19,0.7544,50.42,1,1,REvil
MALWARE_00693,546.31,7.8564,7,0,4,0,0,0,1,57.55,7.4004,11,0.9513,8.0,3,1,Ryuk
BENIGN_02125,378.4,4.4875,5,0,2,0,0,0,0,0.1,3.7337,0,0.124,133.71,0,0,Benign
MALWARE_00876,917.42,7.7583,9,0,3,0,0,1,0,49.76,7.7724,12,0.9838,71.49,4,1,REvil
MALWARE_00893,954.72,7.5538,9,0,4,0,0,1,0,54.21,7.9713,20,0.9407,52.99,2,1,Cerber
MALWARE_00986,99.79,7.5932,2,0,6,1,0,1,1,79.98,7.8479,24,0.7659,12.02,2,1,WannaCry
BENIGN_00760,1544.33,4.1065,5,1,1,0,56,0,0,0.75,4.1822,0,0.1285,124.06,0,0,Benign
MALWARE_00880,540.76,7.99,7,0,6,0,0,1,1,40.84,7.5856,26,0.8005,47.55,2,1,Ryuk
MALWARE_01941,344.98,6.9686,5,0,2,2,0,1,1,52.93,7.5956,20,0.7516,97.49,1,1,Maze
MALWARE_00027,600.18,7.7996,5,1,4,0,0,1,1,55.96,7.99,13,0.8931,29.03,2,1,Maze
MALWARE_02359,299.28,7.583,5,0,7,1,0,1,1,21.96,7.685,22,0.9405,33.57,1,1,REvil
BENIGN_00908,2974.65,3.6849,4,1,1,0,56,0,0,0.26,4.3105,0,0.119,155.63,0,0,Benign
MALWARE_00184,800.44,7.99,5,0,3,0,0,1,0,31.56,7.8398,32,0.8415,8.0,4,1,Cerber
BENIGN_00215,1930.66,4.9474,3,1,0,0,0,0,0,0.14,4.1917,0,0.0948,95.34,0,0,Benign
MALWARE_00832,1544.75,7.8937,9,1,2,1,0,1,1,43.12,7.9541,14,0.8857,58.16,1,1,WannaCry
MALWARE_01959,478.63,7.3669,2,0,2,0,0,1,1,39.09,7.614,15,0.9356,78.26,1,1,Ryuk
BENIGN_00694,2428.32,3.5576,5,1,2,0,56,0,0,0.0,3.3579,0,0.1292,138.53,1,0,Benign
BENIGN_01504,244.51,3.9012,5,1,0,0,0,0,0,0.2,4.0227,0,0.1193,113.24,0,0,Benign
BENIGN_02415,150.02,5.7668,5,1,1,0,56,0,0,0.09,3.6622,0,0.1074,120.7,0,0,Benign
BENIGN_02119,1061.3,3.5538,4,1,0,0,56,0,0,0.01,3.3794,0,0.05,63.01,0,0,Benign
MALWARE_01359,840.78,7.99,7,0,5,0,28,1,1,58.88,7.3903,22,0.7388,8.0,3,1,REvil
BENIGN_02463,1455.09,5.3333,4,1,0,0,56,0,0,0.02,4.859,0,0.1084,153.81,0,0,Benign
MALWARE_01136,298.29,7.6747,9,0,1,1,28,1,1,63.74,7.7207,17,0.9496,47.04,2,1,WannaCry
MALWARE_01606,694.15,7.6522,5,0,3,0,0,0,1,37.41,7.948,20,0.7775,53.38,1,1,REvil
MALWARE_01979,1097.75,7.99,2,0,7,0,28,1,1,20.39,7.7528,23,0.883,92.29,3,1,LockBit
BENIGN_00197,1849.39,5.1234,4,1,1,0,84,0,0,0.07,3.8975,0,0.1435,137.38,0,0,Benign
MALWARE_02168,219.31,7.652,7,0,3,0,0,1,1,37.05,7.3648,18,0.8154,45.83,2,1,Cerber
BENIGN_01544,714.33,5.643,6,1,0,0,112,0,0,0.37,4.6965,0,0.1545,153.24,0,0,Benign
BENIGN_01331,47.25,4.9675,5,1,0,0,56,0,0,0.21,3.6726,0,0.1352,120.83,0,0,Benign
BENIGN_00880,1822.01,4.7126,4,1,0,0,84,0,0,0.34,4.6034,0,0.05,141.52,0,0,Benign
MALWARE_02003,289.28,7.6087,2,0,9,0,56,1,1,51.54,7.8168,17,0.9583,40.69,2,1,LockBit
MALWARE_01002,406.07,7.3157,5,0,7,1,0,1,1,36.43,7.4747,15,0.8287,49.62,2,1,REvil
MALWARE_01395,658.37,7.4243,2,0,4,0,0,1,1,43.15,7.8211,24,0.9584,48.51,3,1,WannaCry
MALWARE_02491,604.69,7.99,9,0,4,0,28,1,1,47.37,7.8889,16,1.0,62.29,1,1,REvil
BENIGN_00888,1607.61,6.3101,4,1,1,0,56,0,1,0.17,3.6209,0,0.1579,93.88,0,0,Benign
BENIGN_01346,2122.95,4.8319,4,1,2,0,84,0,0,0.01,3.4543,0,0.05,90.81,0,0,Benign
BENIGN_00069,89.71,5.7153,3,0,0,1,56,0,0,0.16,4.4281,0,0.1988,147.99,0,0,Benign
MALWARE_01711,10.0,7.7267,7,0,0,0,0,0,0,64.24,7.99,26,0.8094,46.07,4,1,LockBit
BENIGN_01816,743.08,4.7828,5,1,1,1,0,0,0,0.11,4.0076,0,0.05,148.71,0,0,Benign
BENIGN_00569,978.47,4.8359,4,1,0,0,56,0,0,0.29,5.0587,0,0.1292,76.0,0,0,Benign
BENIGN_02168,1685.08,4.3202,3,1,0,0,112,0,0,0.37,4.3784,0,0.1764,169.71,0,0,Benign
BENIGN_00097,1442.72,4.7702,5,0,0,0,56,0,0,0.08,3.8467,0,0.1507,126.97,0,0,Benign
MALWARE_01682,885.02,7.7492,2,0,3,1,0,1,1,44.31,7.783,17,0.8487,26.82,4,1,Maze
MALWARE_00854,429.08,7.5871,5,0,6,0,0,1,1,32.76,7.7571,24,0.8802,19.63,1,1,Maze
BENIGN_00140,1621.85,4.1379,4,1,0,0,84,0,0,0.12,4.2517,0,0.2916,68.28,0,0,Benign
MALWARE_02455,384.63,7.7715,7,0,2,0,0,1,1,39.09,7.9082,13,0.7084,65.23,1,1,Ryuk
MALWARE_00103,464.91,7.6983,7,0,6,2,0,1,0,27.57,7.7699,16,1.0,30.15,1,1,Cerber
MALWARE_01524,547.99,7.471,7,0,5,0,0,1,1,34.89,7.99,17,0.708,40.52,1,1,LockBit
MALWARE_02273,302.04,7.3097,7,0,6,1,0,1,1,31.07,7.5156,12,0.8759,56.54,2,1,REvil
BENIGN_01607,2496.69,4.3816,5,1,0,0,112,0,0,0.39,3.2566,0,0.1579,195.61,0,0,Benign
BENIGN_01630,649.84,3.768,6,1,1,0,0,0,0,0.23,3.9687,0,0.0958,117.53,1,0,Benign
BENIGN_01540,514.04,5.0817,5,1,1,0,0,0,0,0.27,4.5214,0,0.2312,15.86,0,0,Benign
BENIGN_01695,1806.92,4.7044,3,0,0,0,0,0,0,0.04,4.147,0,0.05,196.78,1,0,Benign
BENIGN_02060,981.24,3.4543,4,1,1,0,56,0,0,0.06,4.3094,0,0.1706,156.51,1,0,Benign
BENIGN_00464,1591.28,4.2481,4,1,0,0,84,0,0,0.11,4.2251,0,0.0506,63.72,0,0,Benign
BENIGN_02331,2663.04,5.3006,5,1,0,0,56,0,0,0.32,3.9899,0,0.2539,92.91,0,0,Benign
MALWARE_00544,10.0,7.99,2,1,4,1,56,1,1,46.53,7.4122,20,0.9039,8.0,1,1,REvil
MALWARE_02235,388.15,7.622,7,0,3,1,0,1,1,26.92,7.7143,17,0.7816,46.34,1,1,REvil
BENIGN_00595,1649.59,4.7646,4,1,0,0,56,0,0,0.11,4.215,0,0.0961,60.4,0,0,Benign
MALWARE_01315,740.2,7.4636,7,0,7,0,28,1,1,42.44,7.4757,23,0.8925,56.11,1,1,Cerber
BENIGN_00626,323.1,5.7523,5,1,0,1,84,0,0,0.0,4.8225,0,0.2075,210.99,1,0,Benign
BENIGN_00451,2079.48,4.8489,4,0,1,0,0,0,0,0.04,4.2184,0,0.05,91.28,0,0,Benign
BENIGN_01500,1677.04,4.8297,5,1,0,0,56,0,0,0.52,3.7622,0,0.1609,117.3,0,0,Benign
BENIGN_02457,387.92,6.7059,5,1,0,0,0,0,0,0.09,4.4279,0,0.2766,100.55,0,0,Benign
MALWARE_02223,461.04,7.7619,7,0,6,1,0,1,0,43.46,7.6762,24,0.7298,65.36,1,1,REvil
MALWARE_00485,125.18,7.9648,5,1,7,0,0,1,1,26.26,7.99,23,0.8531,60.03,3,1,LockBit
BENIGN_01570,1064.3,4.2386,4,1,2,0,0,0,0,0.16,4.0456,0,0.1812,101.84,0,0,Benign
BENIGN_01035,1081.98,3.6391,5,0,2,0,0,0,0,0.35,4.6334,0,0.1666,72.46,0,0,Benign
MALWARE_01019,927.11,7.7836,9,0,8,2,0,1,1,61.59,7.6566,19,0.8006,51.67,1,1,Maze
BENIGN_01558,20.0,3.7475,4,1,0,0,56,0,0,0.65,3.6169,0,0.2588,141.23,0,0,Benign
MALWARE_01125,295.8,7.8513,2,0,4,1,0,1,1,29.35,7.5216,22,0.9315,45.4,1,1,REvil
MALWARE_02165,755.16,7.2586,9,0,0,1,0,1,1,9.73,7.691,12,0.9799,42.43,4,1,LockBit
BENIGN_00151,1071.74,4.7276,5,0,0,0,0,0,0,0.28,4.7332,0,0.1079,152.97,0,0,Benign
BENIGN_01421,1784.76,6.6318,6,1,1,0,84,0,0,0.58,4.6785,0,0.1511,182.49,0,0,Benign
BENIGN_02012,2081.93,5.7218,3,1,0,0,56,0,0,0.07,4.007,0,0.2463,153.22,0,0,Benign
MALWARE_00187,585.16,7.3779,5,0,7,0,28,1,1,39.15,7.4826,16,0.8087,12.48,2,1,LockBit
BENIGN_01787,149.13,5.4276,5,1,0,0,56,0,0,0.39,3.1064,0,0.079,52.74,0,0,Benign
BENIGN_00089,698.7,4.5751,5,1,1,0,0,0,0,0.25,4.2358,0,0.0982,154.91,0,0,Benign
BENIGN_00458,1364.7,6.411,6,1,0,0,84,0,0,0.11,4.5374,0,0.1397,77.42,0,0,Benign
BENIGN_01306,1482.78,3.9003,4,1,1,0,0,0,0,0.53,3.9026,0,0.3263,151.61,1,0,Benign
MALWARE_00426,86.57,7.4122,9,0,4,1,0,1,1,53.8,7.7908,16,0.9664,45.66,1,1,Ryuk
MALWARE_00771,90.39,6.9199,7,0,6,0,0,1,1,37.75,7.7429,23,0.7812,25.47,3,1,REvil
MALWARE_00728,611.34,7.4712,9,0,5,1,0,1,0,45.4,7.3314,20,0.8972,61.55,2,1,Maze
BENIGN_01989,2489.48,6.0401,4,1,1,0,56,0,0,0.09,4.6426,0,0.3084,128.54,0,0,Benign
MALWARE_01255,963.38,7.4388,5,0,5,1,0,1,1,48.86,7.838,19,0.8435,55.21,2,1,REvil
MALWARE_01147,511.15,7.9471,2,1,7,0,0,1,1,40.25,7.5439,17,1.0,78.33,2,1,Ryuk
BENIGN_00832,1437.99,4.3111,5,1,0,1,0,0,0,0.13,4.0556,0,0.1263,155.41,1,0,Benign
BENIGN_00240,261.11,3.4382,5,1,0,0,0,0,0,0.09,3.9223,0,0.1135,129.07,0,0,Benign
MALWARE_02182,582.2,7.3466,2,0,6,0,56,1,1,53.55,7.7707,15,0.7701,30.39,3,1,WannaCry
MALWARE_00523,411.47,7.6963,7,0,5,0,0,1,0,33.02,7.6419,12,0.8486,23.3,1,1,REvil
MALWARE_00649,841.2,7.7788,7,0,4,0,0,0,1,27.49,7.8818,32,0.9351,57.0,1,1,LockBit
BENIGN_01947,863.2,4.9216,4,1,0,1,56,0,0,0.01,2.8188,0,0.2177,210.4,0,0,Benign
MALWARE_00276,743.17,7.0505,7,1,5,1,0,1,1,34.59,7.6212,22,0.9157,29.54,2,1,REvil
BENIGN_00193,1123.97,5.0127,4,1,0,0,0,0,0,0.1,3.3935,0,0.05,132.38,1,0,Benign
MALWARE_02350,425.65,7.8489,2,0,8,2,56,1,1,46.87,7.491,14,0.8969,60.77,1,1,Cerber
MALWARE_02440,743.75,7.5671,2,1,5,0,0,1,1,51.3,7.6763,18,0.9105,60.83,1,1,REvil
BENIGN_00945,1278.84,4.4442,6,1,0,0,56,0,0,0.37,4.4265,0,0.1354,211.54,0,0,Benign
BENIGN_01269,1886.34,5.3056,5,0,0,0,56,0,0,0.03,5.5556,0,0.2152,115.7,1,0,Benign
MALWARE_01732,272.86,6.9871,7,0,3,0,0,1,1,43.39,7.5613,20,0.9224,45.62,2,1,REvil
BENIGN_02308,815.05,5.7132,5,0,1,0,56,0,0,0.27,4.2123,0,0.1231,101.68,0,0,Benign
MALWARE_01925,644.07,7.7394,5,0,3,0,0,1,1,23.39,7.4563,15,0.8064,44.9,1,1,Ryuk
MALWARE_02212,568.89,7.514,7,0,2,2,28,1,1,64.0,7.99,12,0.7389,19.14,1,1,LockBit
BENIGN_02314,1185.91,3.7994,5,1,1,0,56,0,0,0.58,4.4225,0,0.0738,87.05,0,0,Benign
MALWARE_00715,402.48,7.5817,2,0,7,1,0,1,1,25.53,7.6094,15,0.6667,17.87,2,1,Cerber
MALWARE_00233,685.34,7.99,2,1,2,1,0,1,1,41.29,7.803,13,0.8371,15.06,1,1,REvil
BENIGN_01927,956.05,3.8983,4,1,2,1,112,0,0,0.12,4.2667,0,0.1876,153.69,0,0,Benign
MALWARE_01728,569.46,7.3259,2,0,6,1,28,1,0,22.58,7.433,23,0.81,49.11,2,1,WannaCry
MALWARE_02177,803.3,7.99,7,0,2,0,56,1,1,27.47,7.5398,21,0.7663,62.4,1,1,LockBit
BENIGN_00801,1842.68,5.1135,6,1,1,0,0,0,0,0.2,3.7441,0,0.0932,126.5,0,0,Benign
MALWARE_01172,434.45,7.533,7,0,2,0,0,1,1,36.33,7.708,23,0.9033,47.54,2,1,REvil
MALWARE_01694,431.96,7.8399,5,0,6,0,0,0,1,66.4,7.8686,14,0.8241,60.46,2,1,Ryuk
MALWARE_00469,702.75,7.9316,7,0,4,0,0,1,1,46.23,7.847,26,0.8189,39.79,3,1,LockBit
MALWARE_02294,1256.27,7.393,2,0,3,0,0,1,1,39.85,7.6489,12,0.9041,45.26,3,1,WannaCry
MALWARE_01869,269.77,7.4044,7,0,2,0,0,1,1,72.72,7.7378,17,1.0,63.65,1,1,Cerber
MALWARE_00277,67.14,7.6047,7,0,1,0,0,1,1,39.78,7.9346,13,0.7554,8.0,1,1,REvil
MALWARE_00471,441.58,7.6533,7,0,6,1,0,1,0,68.85,7.4213,20,0.8168,47.48,1,1,Ryuk
MALWARE_01368,687.88,7.4659,9,0,3,1,28,1,0,47.11,7.9339,16,1.0,8.0,2,1,REvil
BENIGN_01744,2025.76,3.4854,4,1,0,0,56,0,0,0.01,3.9812,0,0.2299,102.21,0,0,Benign
MALWARE_01449,620.77,7.2564,5,0,6,1,0,0,0,79.55,7.625,16,0.6034,74.8,1,1,Cerber
MALWARE_01303,407.37,7.3215,7,0,7,1,0,1,1,63.65,7.8975,24,0.9994,47.4,1,1,LockBit
BENIGN_02025,1230.35,3.8002,4,0,1,0,0,0,0,0.09,4.4896,0,0.1231,61.56,0,0,Benign
BENIGN_02275,1333.59,4.0853,5,1,0,0,84,0,0,0.25,3.7992,0,0.2113,134.79,0,0,Benign
BENIGN_00100,585.6,4.1827,5,0,0,1,56,0,0,0.31,4.378,0,0.2791,142.68,0,0,Benign
MALWARE_02422,311.0,7.4854,5,0,4,0,28,1,1,14.04,7.8335,21,0.8558,89.76,1,1,WannaCry
MALWARE_00908,872.78,7.3066,5,0,5,0,0,1,0,58.1,7.8591,14,0.9167,40.1,4,1,WannaCry
MALWARE_01746,1472.52,7.7823,9,0,5,1,0,1,1,38.79,7.7416,10,0.9265,55.33,1,1,Ryuk
MALWARE_02120,1401.4,7.3079,2,0,4,0,0,1,1,45.46,7.99,18,0.8137,8.0,4,1,Cerber
MALWARE_02417,531.2,7.8754,5,0,2,2,0,1,1,58.82,7.3987,14,0.8745,8.0,1,1,Cerber
BENIGN_00192,2440.23,5.9873,4,1,0,0,112,0,0,0.2,4.4134,0,0.0943,65.79,0,0,Benign
MALWARE_02197,269.26,7.684,9,0,1,0,28,1,1,13.32,7.6707,19,0.9626,55.97,3,1,LockBit
BENIGN_01785,1043.08,2.8905,4,1,1,0,0,0,0,0.3,4.8214,0,0.057,147.06,0,0,Benign
BENIGN_01533,1641.84,4.7991,4,1,0,0,112,0,0,0.26,5.0056,0,0.2978,140.54,1,0,Benign
MALWARE_00335,545.86,7.5297,2,0,5,0,0,1,1,51.93,7.5089,14,0.6673,50.43,2,1,LockBit
MALWARE_01945,541.53,7.5017,9,0,5,0,0,1,1,58.95,7.6251,20,0.742,15.84,3,1,WannaCry
MALWARE_02416,441.11,7.7166,2,0,2,0,0,1,1,34.56,7.5944,22,0.7609,52.35,2,1,Maze
BENIGN_01599,2442.12,4.6639,4,1,0,0,56,0,0,0.05,3.1821,0,0.05,157.83,0,0,Benign
BENIGN_01780,210.64,6.4612,4,1,1,0,84,0,0,0.08,3.709,0,0.0584,50.93,0,0,Benign
MALWARE_02401,392.56,7.1414,5,0,4,0,28,1,1,55.26,7.9301,28,0.8459,53.57,2,1,LockBit
MALWARE_00075,299.23,7.717,2,0,5,0,0,1,1,46.11,7.5276,14,0.7357,71.85,1,1,WannaCry
MALWARE_00899,625.28,7.5023,2,0,2,0,28,1,0,26.05,7.719,21,0.9731,39.25,1,1,REvil
MALWARE_01476,556.54,7.9309,5,0,9,0,0,0,1,28.82,7.8078,28,0.8548,33.73,3,1,Cerber
MALWARE_01271,823.63,7.4365,7,0,4,1,0,1,1,44.37,7.5001,22,1.0,59.27,2,1,Ryuk
BENIGN_00167,544.86,4.9144,5,1,1,0,56,0,0,0.04,4.0991,0,0.1122,21.04,0,0,Benign
BENIGN_01752,1469.25,3.795,5,1,0,0,84,0,0,0.15,3.4171,0,0.1573,216.59,0,0,Benign
BENIGN_01480,1461.2,4.0922,5,0,1,0,56,0,0,0.07,4.2906,0,0.1709,19.71,0,0,Benign
BENIGN_01025,1566.68,4.5333,4,0,1,0,0,0,0,0.15,4.1276,0,0.122,110.96,0,0,Benign
BENIGN_01789,1434.51,4.8904,4,1,0,0,112,0,0,0.18,2.9881,0,0.2448,145.32,0,0,Benign
BENIGN_02265,842.44,4.1097,6,0,0,0,0,0,0,0.04,3.2602,0,0.191,138.51,0,0,Benign
BENIGN_02474,3687.11,6.5605,5,1,1,0,0,0,0,0.14,3.9658,0,0.05,38.97,0,0,Benign
BENIGN_01823,945.51,3.4514,5,1,0,0,56,0,0,0.22,4.4999,0,0.2647,145.48,0,0,Benign
BENIGN_01221,1879.31,5.1287,4,1,0,0,56,0,0,0.26,3.3604,0,0.1645,53.58,0,0,Benign
BENIGN_01667,1612.45,5.0744,4,1,0,1,56,0,0,0.13,3.9591,0,0.05,65.28,0,0,Benign
MALWARE_00461,759.21,7.893,2,0,2,0,28,1,1,54.94,7.5382,20,1.0,21.29,1,1,LockBit
BENIGN_00153,2260.25,6.1685,5,1,0,0,84,0,0,0.17,3.7597,0,0.1529,137.38,0,0,Benign
MALWARE_00035,847.82,7.4897,2,0,7,1,0,0,1,27.63,7.6133,20,0.9053,51.88,1,1,Ryuk
MALWARE_02189,562.84,7.6122,9,0,3,0,28,1,1,34.42,7.5222,23,0.8542,40.19,3,1,Ryuk
BENIGN_01979,2166.17,5.1868,3,1,1,0,0,0,0,0.05,4.2908,0,0.1623,170.56,0,0,Benign
BENIGN_01470,20.0,5.2987,4,0,0,0,84,0,0,0.24,5.3637,0,0.1916,171.66,0,0,Benign
MALWARE_00308,23.87,7.3727,7,0,6,1,28,1,1,64.27,7.6471,20,0.6676,25.67,1,1,WannaCry
MALWARE_00013,526.98,7.7157,2,0,2,1,0,0,1,37.56,7.6273,24,0.8212,31.85,2,1,Cerber
MALWARE_00444,423.6,7.6159,5,0,5,1,0,0,1,64.63,7.8211,16,0.5771,62.23,1,1,WannaCry
MALWARE_00481,391.74,7.7266,5,0,2,0,0,1,1,50.82,7.8429,16,0.9323,62.92,1,1,Cerber
MALWARE_02323,643.16,7.6149,9,0,6,0,0,1,1,19.48,7.866,16,0.8392,41.18,2,1,Ryuk
MALWARE_00518,567.77,7.3044,2,0,4,0,0,1,1,47.14,7.7989,17,0.8918,54.42,1,1,WannaCry
BENIGN_01567,1387.09,5.2113,5,1,0,0,84,0,0,0.26,4.1832,0,0.1197,110.77,0,0,Benign
BENIGN_00032,2756.03,4.7848,3,1,0,0,0,0,0,0.27,3.5985,0,0.1894,124.44,0,0,Benign
BENIGN_00938,791.47,5.381,3,1,1,0,56,0,0,0.42,3.6218,0,0.217,128.34,0,0,Benign
BENIGN_01216,1951.05,4.2522,5,1,0,0,56,0,0,0.0,4.3869,0,0.2111,117.75,0,0,Benign
BENIGN_01938,1753.15,6.8,5,1,0,0,0,0,0,0.08,4.4421,0,0.1709,173.89,0,0,Benign
BENIGN_01130,1116.53,5.1504,6,1,0,0,0,0,0,0.1,4.1991,0,0.3741,144.57,0,0,Benign
BENIGN_00310,1729.56,4.2965,4,1,0,0,56,0,0,0.02,3.7505,0,0.1557,55.32,0,0,Benign
MALWARE_02402,913.81,7.99,5,0,2,1,0,0,1,5.0,7.99,22,0.9,59.23,1,1,Maze
BENIGN_02169,2021.16,3.524,4,1,0,0,56,0,0,0.16,4.1021,0,0.0678,91.11,0,0,Benign
MALWARE_00614,972.46,7.0535,9,0,3,0,56,1,1,27.66,7.9002,10,0.8058,62.1,3,1,Cerber
BENIGN_00496,1232.84,4.2975,4,1,0,0,56,0,0,0.59,4.2594,0,0.1892,157.74,0,0,Benign
BENIGN_00206,2488.65,5.2328,5,1,0,0,56,0,0,0.02,4.1079,0,0.0729,72.14,0,0,Benign
MALWARE_00174,806.45,7.4877,5,0,4,0,0,1,0,43.09,7.9037,15,0.7353,28.53,1,1,Maze
MALWARE_00858,1004.63,7.232,2,0,6,1,0,1,1,59.17,7.99,18,0.805,73.54,2,1,Cerber
MALWARE_01331,683.26,7.4546,7,0,6,0,28,1,1,45.95,7.5962,15,0.9155,56.58,2,1,Maze
BENIGN_00306,3154.33,5.7142,5,1,0,0,56,0,0,0.27,3.1605,0,0.1461,111.98,0,0,Benign
MALWARE_01294,508.64,7.4252,2,0,3,1,0,1,1,70.21,7.3438,19,0.7967,40.91,1,1,Ryuk
BENIGN_02202,1223.06,4.1717,4,1,1,0,56,0,0,0.05,3.6698,0,0.1854,148.61,0,0,Benign
BENIGN_01062,128.29,5.2982,4,1,0,0,84,0,0,0.11,4.694,0,0.1831,118.47,0,0,Benign
BENIGN_00844,1019.29,4.5853,6,1,0,0,56,0,0,0.09,4.414,0,0.1459,138.77,0,0,Benign
MALWARE_01373,590.9,7.801,7,0,5,1,0,1,1,54.92,7.7726,23,0.8135,61.55,3,1,LockBit
BENIGN_02252,2654.56,5.0756,5,1,1,0,0,0,0,0.0,4.9335,0,0.0873,75.35,0,0,Benign
BENIGN_00212,2051.77,5.0873,3,1,0,0,0,0,0,0.12,4.5408,0,0.2046,194.36,0,0,Benign
MALWARE_01498,819.99,7.9806,9,0,2,1,0,1,1,27.11,7.5048,18,1.0,8.0,2,1,Maze
BENIGN_00680,1454.35,3.6674,5,1,2,0,0,0,0,0.34,4.9806,0,0.05,92.54,0,0,Benign
BENIGN_00566,1965.43,3.9186,5,1,0,0,84,0,0,0.47,4.191,0,0.1413,175.61,0,0,Benign
MALWARE_00791,414.34,7.6084,5,0,2,0,0,1,1,42.24,7.6572,24,0.7612,8.0,1,1,LockBit
MALWARE_01855,255.99,7.8901,2,0,6,0,0,1,1,49.35,7.7973,16,0.8639,51.78,2,1,Maze
BENIGN_00681,1349.57,4.9277,5,0,1,0,56,0,0,0.04,3.8854,0,0.3425,182.76,0,0,Benign
BENIGN_00181,376.35,3.6668,3,1,0,0,84,0,0,0.21,4.8235,0,0.1439,153.52,0,0,Benign
MALWARE_01780,1041.16,7.7366,9,0,4,0,0,1,1,58.44,7.4571,21,0.7837,34.34,1,1,Maze
BENIGN_02496,1183.16,4.6052,6,1,2,0,56,0,0,0.3,3.9703,0,0.1075,157.9,0,0,Benign
BENIGN_02317,1418.25,5.0709,5,1,1,0,56,0,0,0.16,4.0939,0,0.0782,195.3,0,0,Benign
MALWARE_01774,746.47,7.2198,5,0,5,0,0,1,1,62.44,7.6872,14,1.0,57.17,1,1,REvil
BENIGN_00279,1994.9,3.747,5,1,0,0,56,0,0,0.01,3.6919,0,0.25,158.97,0,0,Benign
MALWARE_01184,957.28,7.8248,2,0,6,0,0,0,1,38.93,7.8602,19,0.8956,31.49,1,1,Maze
MALWARE_02263,821.35,7.99,9,0,3,2,0,1,1,38.71,7.7829,18,0.8669,58.39,2,1,Cerber
BENIGN_00433,912.61,4.6868,4,0,0,0,0,0,0,0.01,4.6724,0,0.1604,122.14,0,0,Benign
BENIGN_00290,2308.33,4.0282,5,1,0,0,0,0,0,0.18,5.1771,0,0.143,136.91,0,0,Benign
BENIGN_01028,925.89,5.1389,5,0,0,0,84,0,0,0.45,3.862,0,0.1607,89.42,0,0,Benign
BENIGN_00536,1198.31,4.3582,4,1,1,0,84,0,0,0.16,3.5417,0,0.057,199.11,0,0,Benign
MALWARE_01132,757.07,7.4735,9,1,5,2,0,1,1,46.5,7.6489,17,0.8335,27.68,2,1,WannaCry
BENIGN_00189,213.87,4.9478,5,1,0,0,84,0,0,0.16,3.8618,0,0.1434,109.96,0,0,Benign
BENIGN_02175,3109.9,4.899,4,1,0,0,0,0,0,0.18,4.091,0,0.05,70.63,0,0,Benign
MALWARE_01416,1060.11,7.3621,9,0,3,0,0,1,1,22.17,7.8042,27,0.9055,28.74,1,1,WannaCry
BENIGN_01863,4389.08,5.7589,4,0,0,0,56,0,0,0.21,4.1414,0,0.1437,183.53,0,0,Benign
BENIGN_00271,958.66,5.6037,3,1,0,1,56,0,0,0.25,4.4841,0,0.1286,162.34,0,0,Benign
BENIGN_01729,1958.75,5.5008,3,0,1,0,56,0,0,0.01,4.4702,0,0.1076,82.63,0,0,Benign
MALWARE_01576,709.23,7.6357,5,0,3,1,0,1,0,41.75,7.6575,23,0.6659,85.44,2,1,WannaCry
BENIGN_02158,663.49,4.079,5,1,0,1,56,0,0,0.9,4.7829,0,0.189,81.61,0,0,Benign
MALWARE_01432,1087.34,7.6436,7,0,2,1,0,1,1,65.54,7.311,23,1.0,58.16,1,1,Ryuk
BENIGN_00112,776.87,5.8512,5,0,0,0,0,0,1,0.52,3.4713,0,0.247,127.09,0,0,Benign
BENIGN_02385,1715.57,5.1486,4,1,1,0,56,0,0,0.38,4.2689,0,0.2828,258.22,0,0,Benign
BENIGN_00221,2996.77,5.1117,5,1,0,0,84,0,0,0.15,4.3511,0,0.0766,103.21,0,0,Benign
BENIGN_00628,1562.75,5.4983,4,0,1,0,56,0,0,0.13,5.6557,0,0.2849,103.49,0,0,Benign
BENIGN_01182,2060.18,5.3427,4,1,1,0,0,0,0,0.92,4.3238,0,0.1802,110.14,1,0,Benign
MALWARE_00882,642.58,7.5423,9,0,3,0,0,1,1,60.03,7.5087,11,0.9021,52.03,2,1,REvil
BENIGN_02423,1091.92,4.512,4,1,1,0,84,0,0,0.8,3.3792,0,0.1644,98.97,0,0,Benign
BENIGN_00791,912.58,4.2776,6,1,1,0,112,0,0,0.16,4.0487,0,0.1395,15.0,0,0,Benign
MALWARE_01776,710.67,7.6414,2,1,6,1,0,1,0,35.63,7.5611,21,0.8407,100.16,1,1,Maze
BENIGN_00462,2116.64,5.0692,4,1,0,0,56,0,1,0.01,4.749,0,0.128,15.0,0,0,Benign
MALWARE_01903,440.38,7.3023,5,0,6,0,0,1,1,57.88,7.99,11,0.7968,68.32,2,1,REvil
BENIGN_00552,2754.4,3.5279,5,1,0,0,0,0,0,0.03,3.8012,0,0.05,166.15,0,0,Benign
MALWARE_00630,1071.37,7.3003,9,0,2,1,0,1,1,58.09,7.8846,24,0.9556,32.2,1,1,Cerber
BENIGN_01445,2335.62,4.9168,6,1,0,0,0,0,0,0.29,3.6682,0,0.1199,66.96,1,0,Benign
BENIGN_00199,1298.62,5.7069,4,1,1,0,56,0,0,0.33,5.0758,0,0.05,90.08,0,0,Benign
MALWARE_00090,667.86,7.0429,2,0,6,1,0,1,1,45.44,7.6181,16,0.996,31.02,1,1,WannaCry
BENIGN_00403,946.89,5.3501,4,1,1,0,56,0,0,0.83,3.4591,0,0.2266,73.82,1,0,Benign
MALWARE_01460,1096.92,7.6985,9,0,7,0,0,1,0,58.25,7.608,22,0.952,60.04,2,1,LockBit
MALWARE_01690,861.82,7.6343,2,0,5,2,0,1,1,47.9,7.6956,24,0.8011,40.62,1,1,WannaCry
MALWARE_02264,1084.85,7.99,5,0,5,0,0,1,1,32.63,7.9079,18,0.835,38.19,1,1,Maze
BENIGN_02096,994.4,5.353,4,1,0,0,56,0,0,0.27,3.5547,0,0.05,150.36,0,0,Benign
MALWARE_00401,1044.09,7.1375,9,0,2,1,0,1,1,19.8,7.6635,25,0.864,20.18,2,1,WannaCry
MALWARE_01963,1117.22,7.6201,5,0,2,0,0,1,1,44.46,7.6398,23,1.0,57.9,3,1,Ryuk
BENIGN_00651,2612.27,5.8527,5,1,0,0,56,0,0,0.02,4.4053,0,0.3034,43.72,0,0,Benign
BENIGN_00709,1740.12,4.6841,5,1,0,0,56,0,0,0.12,3.2087,0,0.2274,147.23,0,0,Benign
BENIGN_01481,833.49,5.4533,4,1,0,1,84,0,0,0.24,3.182,0,0.05,15.0,0,0,Benign
MALWARE_01915,245.53,7.5129,7,0,0,2,0,0,1,67.7,7.8126,16,0.8641,87.43,3,1,REvil
MALWARE_00566,977.75,7.0556,5,0,5,0,0,1,0,51.84,7.5811,16,0.7215,54.51,1,1,Ryuk
BENIGN_02396,1117.98,4.3791,5,1,0,0,0,0,0,0.09,4.3211,0,0.1043,56.42,0,0,Benign
BENIGN_01770,901.5,4.6371,6,1,0,0,56,0,0,0.39,3.8551,0,0.1966,53.08,0,0,Benign
BENIGN_00315,2573.15,4.2458,5,1,0,1,56,0,0,0.01,3.606,0,0.1472,79.45,0,0,Benign
MALWARE_01262,10.0,7.99,7,0,4,2,0,1,1,19.22,7.8131,19,0.7929,52.2,2,1,Cerber
MALWARE_02410,185.92,7.202,2,0,4,0,28,1,1,23.34,7.8026,17,0.9184,8.0,1,1,Cerber
BENIGN_00114,2066.47,3.9173,5,1,1,1,84,0,0,0.53,2.9083,0,0.1565,115.06,0,0,Benign
BENIGN_00961,1547.88,4.662,4,1,0,0,84,0,0,0.02,3.4336,0,0.2229,116.3,0,0,Benign
MALWARE_00411,592.68,7.5347,9,0,5,0,0,0,1,42.0,7.475,18,0.6783,27.94,2,1,Maze
MALWARE_00906,533.65,7.5284,5,0,6,0,0,1,1,30.54,7.693,16,0.6407,36.45,1,1,REvil
BENIGN_01624,602.07,6.0501,6,0,0,0,0,0,0,0.16,4.4869,0,0.05,134.69,0,0,Benign
MALWARE_00823,1002.75,7.9052,7,0,4,0,0,1,1,43.67,7.4568,22,1.0,55.26,1,1,Maze
MALWARE_02500,366.33,7.99,7,0,6,1,0,1,1,5.0,7.7417,11,0.637,33.23,1,1,Cerber
BENIGN_01819,2939.3,4.9605,3,1,0,0,56,0,0,0.07,4.7908,0,0.256,127.95,0,0,Benign
MALWARE_00695,290.66,7.9188,2,0,5,1,0,1,1,48.7,7.5083,11,0.7544,22.72,1,1,WannaCry
MALWARE_00508,399.63,7.3724,7,0,2,0,28,1,1,41.89,7.8377,21,0.8118,51.1,2,1,Ryuk
MALWARE_00915,191.2,7.6809,2,0,3,1,28,1,1,36.25,7.8292,18,0.8265,38.43,1,1,Ryuk
MALWARE_02029,144.52,7.6549,5,0,2,1,0,1,1,45.24,7.725,18,0.9093,33.12,2,1,REvil
BENIGN_01898,2247.46,4.7748,5,1,0,0,0,0,0,0.06,4.1445,0,0.05,102.39,0,0,Benign
BENIGN_01919,940.11,4.1107,5,1,0,0,56,0,0,0.44,4.5762,0,0.0912,101.72,0,0,Benign
BENIGN_01271,20.0,4.41,5,1,1,0,56,0,0,0.08,4.7254,0,0.0807,169.9,0,0,Benign
MALWARE_01677,470.27,7.1731,2,0,4,0,0,1,1,39.75,7.6732,15,0.7892,55.02,2,1,LockBit
MALWARE_02463,1144.32,7.7089,2,0,4,1,0,1,0,56.46,7.428,29,0.9178,45.95,1,1,REvil
MALWARE_02384,735.67,7.5256,7,0,4,0,0,1,1,52.6,7.5441,22,0.7565,55.42,3,1,Cerber
MALWARE_01595,332.37,7.6617,2,0,7,2,28,1,0,48.99,7.7612,25,0.8343,57.01,2,1,Cerber
MALWARE_00660,438.35,7.4154,5,1,4,0,28,1,0,48.88,7.861,18,0.964,59.09,2,1,REvil
BENIGN_01814,2933.96,4.3369,4,1,0,0,112,0,0,0.06,4.4469,0,0.1564,188.52,0,0,Benign
BENIGN_02427,2561.05,3.9944,4,0,1,0,84,0,0,0.66,4.0169,0,0.1356,109.9,0,0,Benign
MALWARE_01451,552.89,7.903,5,0,3,0,0,1,0,47.77,7.9729,15,0.8481,50.89,2,1,Maze
MALWARE_01929,789.34,7.1095,7,0,6,0,0,0,1,60.86,7.7116,29,0.7823,63.02,2,1,Maze
BENIGN_02143,3194.45,5.1414,3,1,0,0,0,0,0,0.32,4.6548,0,0.0501,116.62,0,0,Benign
BENIGN_01627,1685.17,5.0478,4,1,0,0,56,0,0,0.21,5.5183,0,0.0865,100.74,0,0,Benign
BENIGN_00790,1773.78,4.5423,5,1,2,0,84,0,0,0.04,3.9495,0,0.1424,100.58,1,0,Benign
MALWARE_01287,257.0,7.5909,7,0,4,0,0,1,1,44.49,7.38,17,0.6729,35.83,1,1,WannaCry
BENIGN_01865,1679.08,5.9407,5,1,0,0,56,0,0,0.05,3.8396,0,0.1195,102.93,0,0,Benign
MALWARE_00366,510.64,7.8937,2,0,5,1,0,1,0,70.97,7.7825,17,0.8445,44.07,1,1,Cerber
BENIGN_00872,20.0,5.3594,4,1,0,0,84,0,0,0.11,3.2354,0,0.0558,122.11,0,0,Benign
MALWARE_00772,793.86,7.7189,5,0,3,0,28,1,1,42.26,7.8581,18,0.7643,84.5,1,1,Ryuk
MALWARE_01334,661.49,7.6743,5,1,5,1,0,1,1,56.65,7.9254,25,1.0,48.92,1,1,WannaCry
BENIGN_00074,1274.57,3.9951,4,1,0,1,56,0,0,0.23,3.5695,0,0.2287,109.3,1,0,Benign
BENIGN_01753,2247.8,4.9797,5,0,0,0,84,0,0,0.25,4.4624,0,0.1018,35.35,0,0,Benign
BENIGN_01422,744.33,4.8646,6,1,0,0,0,0,0,0.02,5.6044,0,0.1264,147.53,0,0,Benign
MALWARE_01722,780.73,7.99,5,0,3,1,28,1,1,59.34,7.8028,24,0.8869,11.79,1,1,Cerber
MALWARE_02194,585.67,7.156,7,0,3,0,0,1,1,57.34,7.4991,20,0.9211,44.95,3,1,Ryuk
MALWARE_01870,10.0,7.1556,9,0,2,0,0,1,1,41.26,7.6107,23,0.8162,70.04,3,1,WannaCry
MALWARE_02076,966.01,7.7879,7,0,1,0,0,1,1,48.85,7.99,17,0.9633,28.95,2,1,Maze
MALWARE_01310,916.08,7.387,7,0,6,1,0,1,1,28.64,7.3763,21,0.7786,23.65,2,1,LockBit
BENIGN_02245,1428.22,3.7647,4,1,0,0,0,0,0,0.21,4.3754,0,0.1609,122.34,0,0,Benign
MALWARE_00548,490.11,7.3813,2,0,5,0,0,1,1,50.63,7.7575,21,0.8868,56.52,1,1,WannaCry
BENIGN_02446,1641.01,3.4385,4,1,0,0,0,0,0,0.27,4.2555,0,0.166,165.93,0,0,Benign
BENIGN_00495,1141.63,3.8282,4,1,0,1,56,0,0,0.11,3.9725,0,0.2073,130.64,0,0,Benign
MALWARE_00631,606.92,7.99,9,0,3,0,0,1,0,23.13,7.7026,19,0.8702,44.46,2,1,WannaCry
MALWARE_01822,793.17,7.0689,9,0,4,0,0,0,1,58.43,7.99,14,0.9773,56.5,2,1,Ryuk
MALWARE_01898,993.17,7.9253,9,0,3,0,28,1,1,58.55,7.5283,19,0.7838,34.75,1,1,Cerber
BENIGN_01165,2723.73,5.5149,4,1,0,0,112,0,0,0.71,3.8852,0,0.2109,44.7,0,0,Benign
MALWARE_01235,463.06,7.99,2,0,5,1,0,1,1,36.16,7.7507,20,0.7641,44.78,1,1,Maze
BENIGN_01731,1160.59,5.4461,3,1,0,0,56,0,0,0.55,2.4635,0,0.2454,209.73,0,0,Benign
MALWARE_02313,900.9,7.7765,2,1,1,0,0,1,1,60.18,7.8148,21,0.7688,48.39,2,1,LockBit
BENIGN_02403,2203.59,4.1845,3,1,0,0,84,0,0,0.21,4.7359,0,0.1496,73.77,0,0,Benign
MALWARE_00904,566.56,7.2802,5,0,4,0,56,1,1,34.75,7.9089,15,0.9108,54.45,2,1,Maze
BENIGN_00619,1938.45,3.7284,4,1,0,0,56,0,0,0.07,4.9119,0,0.05,88.08,0,0,Benign
BENIGN_01698,1235.64,3.6193,6,1,0,0,84,0,0,0.2,4.3145,0,0.1618,88.9,1,0,Benign
MALWARE_01094,414.68,7.7248,2,0,3,1,0,1,1,31.98,7.99,21,0.8583,41.31,2,1,Maze
BENIGN_01958,20.0,4.6881,5,1,0,0,112,0,0,0.05,4.3306,0,0.099,184.76,0,0,Benign
BENIGN_01222,1632.49,4.6567,4,1,0,0,56,0,0,0.38,5.0453,0,0.2072,100.34,0,0,Benign
BENIGN_02074,856.37,4.6638,4,1,0,0,0,0,0,0.17,5.8161,0,0.1507,32.09,1,0,Benign
MALWARE_00911,280.6,7.4691,7,0,4,0,0,1,1,40.37,7.7691,21,1.0,8.0,1,1,LockBit
BENIGN_00870,1744.07,5.0225,5,1,1,0,0,0,0,0.31,3.2245,0,0.1418,147.04,1,0,Benign
MALWARE_00219,130.13,7.5562,7,0,5,0,0,1,0,22.2,7.6754,21,0.8674,49.57,3,1,REvil
BENIGN_01043,2132.31,5.2164,4,1,0,0,0,0,0,0.21,4.0775,0,0.2076,146.11,1,0,Benign
BENIGN_01362,2003.6,4.5597,5,1,1,0,84,0,0,0.15,3.4929,0,0.0965,343.95,0,0,Benign
BENIGN_00357,1013.88,4.6902,5,0,0,0,56,0,0,0.24,4.2817,0,0.05,105.91,0,0,Benign
BENIGN_01163,3652.25,4.3445,4,1,0,0,84,0,0,0.19,4.2502,0,0.1978,167.61,0,0,Benign
MALWARE_00266,1003.8,7.6714,7,0,5,1,0,1,0,51.88,7.9896,23,0.7203,63.12,1,1,REvil
MALWARE_00753,672.47,7.3796,9,0,4,2,28,0,1,39.03,7.6221,21,0.871,72.33,2,1,Maze
BENIGN_01439,1854.05,5.4971,4,0,0,0,0,0,0,0.12,4.3485,0,0.1166,152.31,0,0,Benign
MALWARE_01104,34.72,7.8191,7,1,3,0,0,1,1,23.02,7.6746,12,0.9336,42.93,1,1,Cerber
MALWARE_02441,431.75,7.523,5,0,5,0,0,1,0,25.97,7.5727,15,0.8276,66.73,1,1,LockBit
MALWARE_02094,485.24,7.7031,7,0,2,2,0,1,1,47.64,7.6395,12,0.8467,90.37,1,1,LockBit
MALWARE_01140,359.87,7.3045,5,0,4,2,0,1,1,47.04,7.6903,14,0.8874,35.87,1,1,Maze
BENIGN_01254,2648.52,4.2219,4,1,0,0,0,0,0,0.22,4.4645,0,0.1054,88.06,0,0,Benign
MALWARE_00866,228.83,7.8676,5,0,3,1,0,0,1,49.28,7.7447,16,0.8399,44.65,3,1,Ryuk
BENIGN_00333,2446.66,6.1391,5,1,1,0,84,0,0,0.02,4.0032,0,0.2141,64.5,0,0,Benign
MALWARE_01195,1012.95,7.5774,7,0,1,0,0,1,0,61.88,7.99,24,0.8167,85.8,2,1,Cerber
MALWARE_01069,1240.2,7.7457,5,1,4,0,0,1,1,58.36,7.3319,16,0.8186,52.62,4,1,Cerber
MALWARE_00229,483.86,7.1514,7,0,2,0,0,1,0,33.13,7.7818,19,0.8265,65.32,2,1,Maze
MALWARE_01168,597.58,7.4614,7,0,6,2,0,1,1,48.48,7.8226,18,0.829,62.08,2,1,Ryuk
BENIGN_01631,1460.66,5.074,5,1,0,0,56,0,0,0.0,4.7861,0,0.1669,89.78,0,0,Benign
BENIGN_01117,2417.18,5.4325,4,1,0,0,0,0,0,0.05,4.1803,0,0.0889,146.55,0,0,Benign
BENIGN_01850,2496.53,5.9059,4,1,0,0,112,0,0,0.07,4.4782,0,0.136,99.08,0,0,Benign
MALWARE_01055,517.15,7.5555,5,0,5,0,0,1,1,44.43,7.3558,17,0.7982,65.33,1,1,REvil
MALWARE_00654,731.46,7.8079,2,0,5,0,0,1,1,68.6,7.8357,24,0.8986,8.0,2,1,WannaCry
MALWARE_00766,981.46,7.1698,2,0,5,0,0,1,0,42.69,7.7052,26,0.9694,24.15,2,1,REvil
BENIGN_01666,2410.2,3.9597,4,1,0,1,84,0,0,0.33,3.7318,0,0.2386,94.21,1,0,Benign
BENIGN_00446,1598.78,5.4384,5,1,0,0,84,0,0,0.06,3.494,0,0.0805,119.46,0,0,Benign
BENIGN_02246,978.39,5.8413,5,0,0,0,0,0,0,0.54,3.9471,0,0.1893,28.27,0,0,Benign
BENIGN_00453,2041.18,4.5845,5,1,0,0,84,0,0,0.45,3.8401,0,0.05,160.97,0,0,Benign
BENIGN_01552,1239.87,5.1412,5,1,0,0,56,0,0,0.26,5.0941,0,0.0932,133.25,0,0,Benign
MALWARE_01935,502.02,7.6379,9,0,4,0,0,1,1,56.76,7.7003,20,0.7653,42.79,1,1,Cerber
MALWARE_00455,750.06,7.99,2,0,0,1,0,1,1,40.64,7.8451,18,0.8369,53.92,1,1,REvil
BENIGN_00015,1681.03,5.4779,3,1,0,0,0,0,0,0.24,3.4852,0,0.2025,71.27,0,0,Benign
MALWARE_01129,529.49,7.9325,5,0,4,2,0,1,1,40.3,7.8048,18,0.7781,47.87,1,1,Cerber
BENIGN_00946,1894.56,4.5163,5,1,1,0,112,0,0,0.39,3.8727,0,0.1951,98.26,0,0,Benign
BENIGN_00248,1290.64,4.0508,4,0,0,0,84,0,0,0.13,3.7993,0,0.3051,49.95,1,0,Benign
MALWARE_02198,365.78,7.9398,5,0,5,0,0,1,1,17.83,7.7779,15,0.9005,53.83,3,1,Ryuk
BENIGN_00361,2950.73,4.5257,6,1,0,0,0,0,0,0.01,4.1413,0,0.0614,54.56,0,0,Benign
MALWARE_02157,469.49,6.7529,9,0,0,2,0,1,0,71.23,7.99,21,0.8627,65.39,2,1,LockBit
BENIGN_01615,2123.74,3.9836,4,1,0,0,0,0,0,0.26,3.8557,0,0.309,125.9,0,0,Benign
BENIGN_02304,1101.79,4.364,5,1,2,0,0,0,0,0.26,3.5748,0,0.1019,93.29,0,0,Benign
MALWARE_01642,762.81,7.966,7,0,4,1,0,1,1,40.28,7.7462,19,0.7878,73.34,1,1,Ryuk
MALWARE_00669,764.92,7.8262,2,0,5,1,28,1,1,32.89,7.4868,14,1.0,31.14,1,1,Cerber
BENIGN_02479,1259.81,4.6134,5,1,1,0,56,0,0,0.01,4.0308,0,0.2482,54.19,0,0,Benign
MALWARE_01715,1039.29,7.236,7,0,4,0,0,1,1,35.88,7.3679,21,0.8847,22.99,2,1,Ryuk
MALWARE_01681,1348.35,7.6747,5,0,8,2,0,0,0,57.85,7.3947,9,1.0,65.15,2,1,Cerber
MALWARE_02385,1169.13,7.99,5,0,5,0,0,1,0,40.42,7.6919,17,0.6554,46.77,2,1,LockBit
MALWARE_00664,585.44,7.4839,7,0,4,0,0,1,1,17.99,7.5272,14,0.7754,61.36,1,1,Cerber
BENIGN_00491,739.05,4.5265,5,1,1,0,56,0,0,0.32,3.4391,0,0.1365,123.42,0,0,Benign
BENIGN_00863,2159.74,4.0672,5,1,0,0,112,0,0,0.04,3.7711,0,0.2936,197.24,0,0,Benign
BENIGN_01741,2038.77,5.5664,4,1,0,0,56,0,1,0.34,3.9576,0,0.05,120.66,1,0,Benign
MALWARE_01600,1157.66,7.675,7,1,6,0,0,1,1,64.11,7.7921,14,0.8578,46.75,3,1,Cerber
MALWARE_01886,562.01,7.99,5,0,2,1,0,1,0,50.59,7.8277,18,0.7417,56.97,1,1,Cerber
BENIGN_02448,1522.98,5.4263,4,1,0,0,56,0,0,0.1,3.2483,0,0.0879,61.55,0,0,Benign
MALWARE_01731,785.5,7.6711,7,0,1,0,0,1,1,56.13,7.6043,20,0.907,60.97,2,1,Ryuk
BENIGN_00507,977.23,4.4908,5,1,0,0,56,0,0,0.16,4.6704,0,0.05,124.82,0,0,Benign
MALWARE_00178,551.85,7.7872,2,0,4,0,0,1,1,54.75,7.9289,18,0.9372,18.38,2,1,LockBit
MALWARE_00496,541.22,7.7218,5,0,4,1,0,1,1,30.27,7.8039,16,0.7742,47.72,2,1,Maze
BENIGN_01943,1437.21,4.7609,4,1,0,0,56,0,0,0.33,5.0,0,0.123,133.31,0,0,Benign
BENIGN_01223,2874.12,5.0729,5,1,1,0,56,0,0,0.13,4.5904,0,0.18,76.24,1,0,Benign
BENIGN_01114,359.45,5.707,5,1,0,0,112,0,0,0.26,3.4051,0,0.2542,60.62,0,0,Benign
BENIGN_01906,2447.33,3.5891,5,1,0,0,56,0,0,0.06,4.3515,0,0.2792,119.7,0,0,Benign
MALWARE_00924,561.11,7.1605,2,0,4,0,0,1,1,70.1,7.6538,17,0.898,42.84,1,1,Maze
BENIGN_01878,959.84,5.5534,5,1,1,0,56,0,0,0.11,4.517,0,0.1133,100.79,0,0,Benign
MALWARE_02173,246.56,7.2768,9,0,2,0,0,0,1,38.41,7.5708,20,0.9759,19.58,1,1,REvil
BENIGN_00434,1895.34,4.9243,3,1,0,0,56,0,0,0.09,4.4389,0,0.1511,56.9,0,0,Benign
BENIGN_02365,2023.93,6.8,6,0,0,0,56,0,0,0.07,3.7623,0,0.0932,55.29,0,0,Benign
MALWARE_00655,324.7,7.8067,2,0,6,2,0,1,1,49.97,7.6742,14,0.905,32.82,2,1,Cerber
MALWARE_00336,831.38,7.5885,2,0,5,0,56,1,1,39.45,7.7496,23,0.852,16.94,2,1,WannaCry
BENIGN_02093,638.39,5.3785,4,1,0,0,56,0,0,0.07,4.2072,0,0.2032,150.99,0,0,Benign
MALWARE_00511,813.57,7.0047,2,0,5,0,0,0,1,43.07,7.6529,18,0.8474,70.33,1,1,LockBit
MALWARE_00663,704.86,7.89,2,0,8,1,0,1,0,43.03,7.7851,19,0.8097,8.0,2,1,Cerber
MALWARE_00446,462.41,7.918,7,0,5,1,28,1,1,15.36,7.8539,10,0.9158,49.52,2,1,Ryuk
MALWARE_01417,977.64,7.5198,2,0,2,1,28,1,0,24.23,7.442,17,0.8869,24.52,4,1,LockBit
MALWARE_00417,501.08,7.924,7,0,3,0,0,1,1,46.57,7.99,21,0.8961,68.29,3,1,Maze
BENIGN_01103,1397.08,4.5102,4,1,0,0,112,0,0,0.02,5.0577,0,0.1258,128.52,0,0,Benign
BENIGN_01449,2708.59,5.0119,5,1,0,0,0,0,0,0.16,3.4788,0,0.1964,158.34,1,0,Benign
BENIGN_01721,1072.11,4.7282,5,1,1,0,84,0,0,0.19,4.1259,0,0.2053,96.74,0,0,Benign
MALWARE_02019,1244.42,7.5038,5,0,5,1,0,1,0,42.84,7.6202,20,0.8506,56.97,2,1,REvil
MALWARE_01343,10.0,7.4419,7,0,5,1,0,1,0,43.18,7.8975,16,0.9028,33.51,2,1,REvil
BENIGN_00157,296.22,5.408,4,1,0,0,0,0,0,0.02,4.8507,0,0.1038,144.01,0,0,Benign
MALWARE_00479,252.01,7.3717,9,0,3,1,0,1,1,45.72,7.9023,24,0.6219,44.86,1,1,WannaCry
BENIGN_01774,2081.8,4.6855,4,1,0,0,56,0,0,0.04,3.5733,0,0.1623,91.36,0,0,Benign
BENIGN_00616,1193.05,4.8185,5,1,0,0,56,0,0,0.39,4.5749,0,0.0928,85.29,0,0,Benign
BENIGN_00644,1474.37,4.0265,4,1,0,0,0,0,0,0.06,4.9089,0,0.2259,104.7,0,0,Benign
BENIGN_01936,1714.83,4.7799,4,1,0,0,84,0,0,0.1,4.223,0,0.1388,144.43,0,0,Benign
MALWARE_01778,633.22,7.1496,2,0,7,0,56,1,0,44.37,7.4141,12,0.9716,59.63,1,1,Cerber
BENIGN_01069,1595.26,2.9131,4,1,1,0,56,0,0,0.5,3.9901,0,0.3142,150.87,0,0,Benign
MALWARE_01955,775.47,7.389,7,0,3,0,28,1,1,47.23,7.8919,17,0.8608,33.17,3,1,LockBit
MALWARE_01655,568.37,7.5517,9,0,4,0,56,1,1,38.02,7.5448,22,0.9107,21.53,1,1,REvil
MALWARE_01740,985.58,7.8604,9,0,4,0,0,1,1,40.28,7.7062,18,0.8842,82.95,2,1,LockBit
MALWARE_02369,292.39,7.3548,9,0,4,0,28,1,1,54.14,7.99,20,0.9189,37.69,3,1,REvil
BENIGN_00331,1945.84,4.6927,4,1,0,1,56,0,0,0.08,3.4943,0,0.189,179.09,0,0,Benign
BENIGN_02058,637.92,5.8396,4,1,0,0,84,0,1,0.1,4.1828,0,0.1234,182.33,0,0,Benign
MALWARE_00147,519.48,7.8378,5,0,7,0,0,1,0,44.46,7.5153,14,0.7658,27.85,1,1,LockBit
BENIGN_02192,2238.01,6.8,4,1,0,0,0,0,0,0.23,5.019,0,0.2041,208.72,0,0,Benign
BENIGN_00623,2891.73,4.8682,4,1,0,0,56,0,0,0.14,4.1928,0,0.0603,117.13,1,0,Benign
BENIGN_01596,2574.41,4.914,5,1,0,1,56,0,0,0.09,4.3583,0,0.1398,97.8,0,0,Benign
MALWARE_00416,202.92,7.611,5,0,4,0,0,1,1,63.36,7.6827,17,0.8688,64.91,4,1,Ryuk
MALWARE_02322,544.93,7.3869,5,0,2,0,0,0,1,22.79,7.7049,24,0.8731,18.74,3,1,Maze
MALWARE_01399,1081.44,7.412,7,0,4,0,0,0,1,64.96,7.6313,17,0.8233,37.57,2,1,REvil
BENIGN_01920,20.0,5.469,4,1,1,0,0,0,0,0.14,4.4861,0,0.1751,79.44,0,0,Benign
MALWARE_01674,867.4,7.342,5,0,2,0,0,1,1,39.11,7.7072,19,0.8331,79.03,3,1,WannaCry
MALWARE_01978,691.93,7.6816,5,0,3,0,0,1,1,67.98,7.99,17,0.7589,114.9,1,1,Ryuk
BENIGN_00756,1963.13,6.286,5,0,0,0,56,0,0,0.05,3.1358,0,0.2647,51.14,0,0,Benign
BENIGN_00519,1328.68,5.4697,4,1,0,0,112,0,0,0.39,3.4935,0,0.1681,126.89,0,0,Benign
MALWARE_01304,951.6,7.8279,5,0,2,0,0,1,1,36.48,7.7157,19,0.6775,65.12,1,1,LockBit
BENIGN_00033,2052.12,4.479,4,0,0,1,0,0,0,0.15,4.4842,0,0.1543,233.79,0,0,Benign
MALWARE_00438,921.25,7.3311,9,1,0,0,28,1,0,43.92,7.4833,20,0.9374,39.98,2,1,Ryuk
BENIGN_01158,1095.91,5.4004,5,1,0,0,84,0,0,0.33,4.1682,0,0.2808,229.61,1,0,Benign
BENIGN_00745,590.69,3.7803,5,1,1,1,0,0,0,0.05,4.0302,0,0.2342,145.26,0,0,Benign
BENIGN_01498,1355.87,5.0044,5,1,0,0,56,0,0,0.14,4.7144,0,0.05,138.72,0,0,Benign
MALWARE_00960,590.48,7.4871,7,0,4,2,0,1,1,54.28,7.8451,20,0.9226,64.36,2,1,WannaCry
MALWARE_01256,847.03,7.8086,7,0,4,0,0,1,1,18.27,7.5308,19,0.9945,33.21,2,1,Maze
MALWARE_00092,296.02,7.4018,5,0,5,0,0,0,0,47.17,7.5376,19,0.9464,26.97,2,1,Maze
BENIGN_00784,20.0,3.7897,3,1,1,0,56,0,0,0.03,3.4623,0,0.2107,142.4,0,0,Benign
MALWARE_00994,746.83,7.3535,7,0,5,0,0,1,1,67.85,7.5066,21,0.8537,50.71,1,1,LockBit
MALWARE_00450,457.4,6.9442,9,0,2,0,0,1,1,38.48,7.7055,17,0.8595,89.49,1,1,LockBit
BENIGN_00230,741.32,3.5793,5,1,1,0,0,0,0,0.09,4.5707,0,0.1132,116.68,0,0,Benign
BENIGN_00858,2540.5,4.5452,3,1,0,0,56,0,0,0.03,4.5244,0,0.1814,68.27,0,0,Benign
BENIGN_02267,48.98,3.7951,5,1,4,0,0,0,0,0.08,4.3397,0,0.1501,170.18,0,0,Benign
MALWARE_01775,532.22,7.5134,2,1,5,0,0,1,1,44.49,7.7472,18,0.9335,58.63,1,1,Cerber
BENIGN_00409,663.1,5.1787,5,1,0,1,56,0,0,0.2,4.661,0,0.1,15.0,0,0,Benign
BENIGN_00171,2344.85,4.9786,6,1,1,0,112,0,0,0.02,4.0831,0,0.2407,149.68,0,0,Benign
BENIGN_00541,2611.81,3.7238,6,1,0,0,56,0,0,0.54,4.2906,0,0.0988,221.75,0,0,Benign
BENIGN_02211,20.0,4.4384,5,1,0,0,84,0,0,0.07,3.6561,0,0.1506,129.55,1,0,Benign
BENIGN_02305,1857.0,5.72,6,0,0,0,56,0,0,0.14,3.6699,0,0.0643,122.04,0,0,Benign
MALWARE_00068,86.67,7.5167,5,1,2,0,0,1,1,54.84,7.7546,18,0.8757,51.88,3,1,WannaCry
BENIGN_00614,1261.76,4.7649,4,1,0,0,0,0,1,0.11,4.8525,0,0.2551,72.56,0,0,Benign
BENIGN_02102,1545.91,2.8025,5,1,0,0,0,0,0,0.22,4.2061,0,0.1558,123.19,0,0,Benign
BENIGN_01809,1666.77,3.0107,4,1,2,0,84,0,0,0.06,4.7335,0,0.2453,48.74,0,0,Benign
MALWARE_00939,1252.28,7.4159,9,0,2,0,0,1,0,17.5,7.611,17,0.8949,40.08,1,1,Maze
BENIGN_01162,2068.83,5.5069,5,1,0,0,56,0,0,0.05,4.1037,0,0.05,125.3,0,0,Benign
MALWARE_01726,863.2,7.7628,2,0,3,1,0,1,1,56.47,7.6047,15,0.8757,40.77,3,1,LockBit
MALWARE_00620,591.44,7.7249,7,0,4,1,0,1,0,29.03,7.4586,23,0.8157,68.16,2,1,LockBit
MALWARE_01153,334.68,7.99,9,0,4,1,0,1,0,28.08,7.7119,16,1.0,36.29,1,1,LockBit
BENIGN_01611,959.43,5.3553,4,1,0,0,0,0,0,0.08,3.0061,0,0.2536,109.79,0,0,Benign
BENIGN_01933,78.96,3.5632,3,1,1,0,112,0,0,0.02,5.256,0,0.1552,171.73,0,0,Benign
MALWARE_00528,472.19,7.2526,2,0,6,0,0,0,1,45.36,7.8123,13,0.8619,67.55,2,1,WannaCry
BENIGN_00565,1076.86,4.4065,4,1,0,0,0,0,0,0.19,3.2523,0,0.0846,139.56,0,0,Benign
MALWARE_01072,341.08,7.5792,7,0,4,0,28,1,1,26.02,7.7574,17,0.9433,16.84,1,1,WannaCry
MALWARE_01748,646.68,7.99,7,0,7,1,0,1,0,25.26,7.99,15,0.6694,38.71,2,1,Maze
BENIGN_02389,1873.02,3.6542,3,1,0,0,84,0,0,0.03,3.8385,0,0.0828,198.57,0,0,Benign
BENIGN_01472,1888.11,5.5258,3,0,1,0,84,0,0,0.07,3.9684,0,0.2387,114.76,0,0,Benign
MALWARE_00131,498.0,6.9077,5,0,3,1,0,1,1,38.85,7.4396,15,0.9244,53.87,2,1,Ryuk
BENIGN_01836,1839.92,5.8876,6,1,0,0,0,0,0,0.01,3.8837,0,0.1232,56.56,0,0,Benign
MALWARE_02429,526.37,7.1661,2,0,2,2,28,1,1,11.85,7.481,16,1.0,50.5,3,1,Cerber
MALWARE_00976,594.56,7.3509,7,0,2,0,28,1,1,30.1,7.908,23,0.8745,73.12,1,1,Ryuk
BENIGN_01534,2629.21,3.7343,5,1,1,0,0,0,0,0.03,4.4389,0,0.0529,163.18,0,0,Benign
MALWARE_01828,227.7,7.2909,7,0,1,2,28,1,1,31.87,7.6927,19,0.7661,42.32,2,1,Cerber
BENIGN_02485,2167.81,5.7946,5,1,0,0,0,0,0,0.25,4.8628,0,0.05,135.4,0,0,Benign
MALWARE_01708,427.86,7.9474,5,0,6,2,0,1,1,19.93,7.6623,20,0.9322,30.42,2,1,WannaCry
BENIGN_01173,1265.25,4.4805,4,1,0,0,56,0,0,0.2,4.6609,0,0.0747,15.42,0,0,Benign
BENIGN_01428,1940.46,4.2894,4,1,0,0,56,0,0,0.09,3.0852,0,0.2261,41.51,0,0,Benign
BENIGN_00326,1049.85,5.3318,4,1,0,0,0,0,0,0.01,3.8682,0,0.1688,53.71,0,0,Benign
BENIGN_01052,2562.37,4.1213,5,1,1,0,0,0,0,0.26,4.2105,0,0.2166,149.38,0,0,Benign
MALWARE_00820,529.38,7.4038,2,0,3,0,0,1,1,49.26,7.6297,24,0.7711,42.01,1,1,WannaCry
MALWARE_02222,1132.94,6.9163,9,0,6,0,56,0,1,50.51,7.99,18,0.5424,55.13,1,1,WannaCry
MALWARE_01365,704.97,7.3131,5,0,7,0,0,1,0,40.65,7.8613,24,0.6385,34.89,2,1,WannaCry
MALWARE_00104,37.98,7.5935,2,0,6,0,0,1,1,54.3,7.8958,17,0.7729,27.46,1,1,LockBit
BENIGN_01739,1723.81,4.0325,5,1,1,0,56,0,0,0.28,3.6843,0,0.0622,100.57,0,0,Benign
BENIGN_01197,20.0,3.6443,5,1,0,0,84,0,0,0.12,3.7979,0,0.319,102.93,0,0,Benign
BENIGN_00621,1626.48,4.8268,6,0,1,0,84,0,0,0.65,5.2653,0,0.05,126.98,0,0,Benign
BENIGN_01375,20.0,4.4666,4,1,0,1,84,0,0,0.06,4.7659,0,0.1139,132.84,0,0,Benign
MALWARE_00380,785.26,7.3921,5,1,1,1,0,0,1,37.42,7.8602,16,0.8795,8.0,1,1,Ryuk
BENIGN_01190,1719.57,6.5847,4,1,3,0,112,0,0,0.15,4.2817,0,0.176,192.98,1,0,Benign
BENIGN_00329,2755.89,4.8549,6,0,2,0,0,0,0,0.1,3.4696,0,0.1628,75.36,0,0,Benign
BENIGN_00649,1690.77,6.2279,4,1,0,0,56,0,0,0.12,4.8096,0,0.1177,45.74,0,0,Benign
BENIGN_00898,1077.88,6.8,5,1,1,0,0,0,0,0.22,4.4873,0,0.1155,97.06,1,0,Benign
MALWARE_01383,1022.63,7.7252,9,0,5,1,0,1,0,64.98,7.99,17,0.799,64.79,2,1,Maze
BENIGN_01124,1833.86,5.8725,5,1,1,0,112,0,0,0.15,4.286,0,0.0667,60.28,0,0,Benign
BENIGN_01892,1655.69,5.1895,5,1,0,0,56,0,0,0.53,4.5084,0,0.1538,70.66,0,0,Benign
MALWARE_02144,621.69,7.7963,9,0,4,0,0,1,0,48.71,7.567,17,0.9303,65.79,2,1,WannaCry
MALWARE_02292,706.06,7.9384,7,0,3,0,0,1,1,54.11,7.4422,19,0.9204,65.1,1,1,LockBit
MALWARE_02030,196.85,7.3906,2,1,9,0,0,1,1,36.26,7.7214,16,0.8666,38.91,2,1,REvil
MALWARE_01735,565.79,6.8445,7,0,2,0,0,1,0,45.8,7.6451,24,0.715,15.17,1,1,REvil
BENIGN_01594,199.33,4.855,4,0,0,0,56,0,0,0.01,4.8325,0,0.2883,198.6,1,0,Benign
MALWARE_00813,589.28,7.9891,9,0,2,0,0,1,0,48.67,7.2532,13,0.8149,13.65,1,1,Ryuk
MALWARE_00048,299.99,7.5819,5,0,4,1,28,1,0,44.1,7.8721,23,0.6652,58.14,1,1,WannaCry
BENIGN_01546,2295.61,4.5703,4,1,0,0,112,0,0,0.52,3.9089,0,0.2063,163.91,0,0,Benign
MALWARE_01837,10.0,7.1868,9,0,2,0,0,0,1,53.66,7.833,15,0.7202,58.95,1,1,WannaCry
BENIGN_01024,20.0,4.7454,5,1,1,0,0,0,0,0.0,4.2271,0,0.121,108.22,0,0,Benign
BENIGN_01972,1046.47,5.452,5,1,1,0,56,0,0,0.05,3.6738,0,0.3189,98.53,0,0,Benign
MALWARE_02489,1206.29,7.8866,5,0,4,1,0,1,1,53.99,7.5298,21,0.783,57.73,3,1,LockBit
BENIGN_01715,824.3,4.6505,4,1,0,0,0,0,0,0.66,4.9123,0,0.0609,131.33,0,0,Benign
BENIGN_01718,711.24,4.2683,3,1,1,0,0,0,0,0.05,3.2469,0,0.2483,58.02,0,0,Benign
BENIGN_01478,1512.06,5.3271,6,0,1,0,56,0,0,0.11,4.0627,0,0.0867,137.68,0,0,Benign
BENIGN_00810,2067.15,4.6256,6,1,0,0,112,0,1,0.41,4.1812,0,0.177,137.9,0,0,Benign
MALWARE_00351,669.26,7.8147,2,0,4,0,0,1,1,35.08,7.2687,17,0.8946,23.15,1,1,Cerber
BENIGN_00979,2131.82,4.8395,3,1,0,0,56,0,0,0.31,3.9119,0,0.1524,125.6,0,0,Benign
MALWARE_02188,403.52,7.473,7,0,1,2,0,1,1,40.36,7.4742,15,1.0,38.2,3,1,Ryuk
MALWARE_02396,666.21,7.9856,7,0,3,0,0,1,1,41.82,7.4704,17,0.9042,52.8,2,1,Ryuk
BENIGN_01685,863.02,4.245,5,1,1,0,112,0,0,0.4,4.6489,0,0.1511,184.3,0,0,Benign
MALWARE_02161,518.91,7.7887,7,0,6,0,0,1,1,25.45,7.6467,19,0.8109,26.9,1,1,WannaCry
BENIGN_01515,1180.78,5.1203,4,1,3,0,84,0,0,0.1,5.4365,0,0.1077,110.71,0,0,Benign
BENIGN_02405,695.17,5.3259,5,1,0,0,0,0,0,0.18,3.4412,0,0.0697,112.81,1,0,Benign
BENIGN_02022,2392.1,5.3752,5,1,0,0,0,0,0,0.14,5.3471,0,0.187,125.83,0,0,Benign
MALWARE_02054,696.15,7.5155,5,0,2,2,0,1,0,38.47,7.9114,9,0.8848,42.76,3,1,REvil
BENIGN_01768,885.46,5.5544,5,1,0,0,0,0,0,0.08,4.3686,0,0.05,75.34,0,0,Benign
BENIGN_00175,213.95,4.1898,4,1,2,0,56,0,0,0.05,4.2473,0,0.1519,37.35,0,0,Benign
BENIGN_01555,123.16,4.0141,5,1,1,1,112,0,0,0.26,4.0869,0,0.1171,86.42,0,0,Benign
MALWARE_01716,770.39,7.6199,7,0,3,0,0,1,1,66.04,7.7371,20,0.7435,19.33,1,1,LockBit
BENIGN_01483,1870.62,5.0269,4,1,0,0,56,0,0,0.14,4.2235,0,0.2135,120.26,0,0,Benign
MALWARE_01962,548.74,7.6704,7,0,4,0,0,1,0,71.15,7.4041,14,1.0,50.31,1,1,Maze
BENIGN_00218,20.0,5.6519,5,1,1,0,84,0,0,0.12,2.9158,0,0.0618,137.95,0,0,Benign
MALWARE_01415,323.77,6.7,5,0,4,0,0,1,1,53.43,7.8524,28,1.0,31.25,1,1,REvil
MALWARE_01221,111.52,7.801,5,0,3,1,0,1,1,54.75,7.63,14,0.8733,41.49,2,1,REvil
BENIGN_00691,1112.68,4.8442,4,0,0,0,84,0,0,0.15,4.0123,0,0.2325,105.6,0,0,Benign
MALWARE_00078,526.21,6.9748,2,0,4,0,0,0,1,14.31,7.6721,19,0.8264,72.21,1,1,REvil
BENIGN_02234,932.65,4.0911,3,1,1,0,0,0,0,0.43,5.0474,0,0.1731,54.55,1,0,Benign
BENIGN_02239,1040.2,4.1324,5,1,0,0,0,0,0,0.11,4.4211,0,0.0867,122.26,0,0,Benign
BENIGN_01107,1198.08,3.9944,4,1,1,0,0,0,0,0.11,3.6531,0,0.2148,167.06,1,0,Benign
BENIGN_01790,1619.27,3.6641,4,1,1,0,84,0,0,0.05,3.4856,0,0.2248,93.34,0,0,Benign
MALWARE_00689,707.76,7.5555,9,0,6,0,0,1,1,54.93,7.9756,15,0.8617,21.94,3,1,Ryuk
BENIGN_02437,888.28,4.2999,5,1,0,0,0,0,0,0.17,4.141,0,0.1395,103.83,0,0,Benign
BENIGN_00612,2494.78,4.3225,4,1,0,0,112,0,0,0.54,3.5353,0,0.1542,163.26,0,0,Benign
MALWARE_01161,668.85,7.7614,2,0,2,0,0,1,1,54.47,7.8023,21,0.8206,99.27,1,1,WannaCry
MALWARE_01212,468.95,7.8006,5,0,7,2,28,1,1,27.45,7.6544,16,0.8649,29.33,1,1,REvil
BENIGN_00577,924.01,4.0607,4,1,1,0,56,0,0,0.63,4.7616,0,0.2122,121.52,0,0,Benign
BENIGN_02064,936.96,5.1107,4,0,0,0,84,0,0,0.31,4.4168,0,0.0674,110.23,0,0,Benign
MALWARE_01936,509.88,7.8888,2,0,5,0,0,1,1,61.46,7.99,18,0.9746,57.01,3,1,Maze
BENIGN_01181,2103.24,5.3784,5,1,0,0,56,0,0,0.09,3.9136,0,0.1023,15.0,0,0,Benign
BENIGN_00889,2194.58,4.2747,4,1,1,0,56,0,0,0.49,3.6438,0,0.2844,107.62,0,0,Benign
MALWARE_00629,188.89,7.6688,7,0,2,0,0,1,1,43.92,7.7921,18,1.0,51.58,1,1,REvil
BENIGN_01733,1277.12,5.854,4,1,1,0,112,0,0,0.1,4.2708,0,0.263,82.76,0,0,Benign
MALWARE_00164,814.92,7.585,2,0,5,0,0,1,1,43.98,7.7026,15,0.8606,38.3,3,1,Cerber
BENIGN_00818,3172.15,3.0985,5,1,1,0,84,0,0,0.05,4.219,0,0.05,184.76,0,0,Benign
MALWARE_00778,923.69,7.99,7,0,6,1,28,1,1,36.37,7.6807,16,0.8019,18.43,3,1,WannaCry
BENIGN_01860,1115.53,4.8899,4,0,0,0,56,0,0,0.16,5.1067,0,0.1707,87.03,0,0,Benign
BENIGN_00209,2451.93,5.6109,5,1,0,0,84,0,0,0.02,4.5309,0,0.1772,139.53,0,0,Benign
BENIGN_00294,1611.25,4.1834,4,1,0,0,112,0,0,0.18,3.9358,0,0.3317,99.78,0,0,Benign
BENIGN_01120,790.67,4.5022,5,1,1,0,0,0,0,0.18,3.7866,0,0.0559,89.21,0,0,Benign
BENIGN_02214,1052.35,3.3591,5,1,0,0,56,0,0,0.21,4.6734,0,0.1423,167.11,0,0,Benign
BENIGN_01610,1676.12,5.0646,4,0,1,1,0,0,0,0.12,4.1105,0,0.1496,131.23,0,0,Benign
BENIGN_01265,1721.94,4.1816,4,1,1,0,56,0,0,0.05,3.2889,0,0.2822,146.26,0,0,Benign
BENIGN_00991,1709.29,5.1003,4,1,1,0,56,0,0,0.85,3.5134,0,0.1556,115.12,0,0,Benign
MALWARE_01698,846.26,7.5525,5,0,0,0,0,1,1,42.41,7.3221,18,0.8817,54.86,2,1,LockBit
BENIGN_01617,2475.63,4.0765,5,1,0,0,56,0,0,0.14,3.7657,0,0.1974,112.23,0,0,Benign
BENIGN_00354,812.61,5.7116,4,0,2,0,112,0,0,0.08,3.9676,0,0.2314,158.51,1,0,Benign
MALWARE_02058,549.71,7.6592,2,0,4,1,0,1,1,34.38,7.5022,26,0.9214,33.91,1,1,WannaCry
BENIGN_02023,1653.16,6.0742,4,1,1,0,0,0,0,0.19,4.4963,0,0.2085,164.12,0,0,Benign
MALWARE_01191,373.5,7.8748,9,1,6,1,0,1,1,21.9,7.9544,17,0.9718,44.94,2,1,Cerber
MALWARE_00056,420.26,7.7926,2,0,3,2,0,1,1,60.51,7.5943,20,0.8519,44.35,1,1,Cerber
MALWARE_00549,394.33,7.99,7,0,4,0,28,1,1,70.06,7.6674,14,0.8797,13.4,1,1,Maze
BENIGN_01229,1974.67,5.0095,5,1,0,0,56,0,0,0.71,3.5818,0,0.1664,152.99,0,0,Benign
BENIGN_00260,1965.8,3.2738,3,1,1,0,56,0,0,0.17,3.6838,0,0.2366,96.44,0,0,Benign
BENIGN_01520,850.02,4.162,5,1,0,0,56,0,0,0.03,4.2607,0,0.1997,257.16,0,0,Benign
BENIGN_01778,741.5,5.3668,4,1,1,0,84,0,0,0.26,4.7736,0,0.1915,37.95,0,0,Benign
MALWARE_02240,663.72,7.7259,2,0,6,0,0,1,1,55.8,7.4183,12,0.8861,59.3,1,1,Maze
BENIGN_01771,1679.92,4.8468,4,1,1,0,0,0,0,0.55,4.0602,0,0.1454,92.32,0,0,Benign
MALWARE_01854,755.98,7.7764,7,0,1,1,0,1,1,46.8,7.99,17,0.9225,75.23,1,1,Cerber
BENIGN_00053,1557.25,4.4179,5,0,0,0,0,0,0,0.03,4.9722,0,0.1144,98.63,0,0,Benign
MALWARE_00974,1085.04,7.254,5,0,3,2,28,1,1,33.62,7.8722,20,0.8679,42.6,1,1,WannaCry
MALWARE_02184,345.29,7.6994,7,0,1,0,28,1,1,48.57,7.502,25,0.9034,37.84,1,1,LockBit
MALWARE_01912,707.38,7.8701,5,0,3,0,0,1,1,87.25,7.9074,20,0.9254,62.77,4,1,LockBit
BENIGN_02410,744.65,5.2354,4,1,1,0,0,0,0,0.08,5.0938,0,0.0532,177.47,0,0,Benign
MALWARE_00288,451.4,7.4683,7,0,8,1,0,1,1,45.28,7.6079,20,1.0,71.11,1,1,Ryuk
BENIGN_02345,1854.28,5.095,5,0,0,0,0,0,0,0.47,4.3016,0,0.0945,99.57,0,0,Benign
BENIGN_01034,3289.58,4.7575,4,1,1,0,112,0,0,0.39,3.366,0,0.1533,85.16,0,0,Benign
BENIGN_01098,2509.67,6.3781,3,1,3,0,56,0,0,0.03,3.7222,0,0.05,100.05,0,0,Benign
BENIGN_00544,2673.43,5.1612,4,1,0,0,0,0,0,0.12,4.7926,0,0.2267,176.38,0,0,Benign
BENIGN_01047,665.66,5.0952,5,1,1,0,0,0,0,0.07,4.4204,0,0.2782,102.37,0,0,Benign
BENIGN_01895,1909.51,3.3129,6,1,0,0,56,0,0,0.27,5.3138,0,0.2108,90.74,0,0,Benign
MALWARE_01877,451.29,7.0609,2,0,4,2,0,1,1,52.29,7.8502,17,0.9003,46.03,3,1,WannaCry
BENIGN_00031,1123.17,4.9856,3,0,0,0,84,0,0,0.85,3.8015,0,0.2588,18.15,1,0,Benign
BENIGN_00726,686.23,4.7482,4,1,0,0,84,0,0,0.04,4.2558,0,0.1337,28.97,1,0,Benign
MALWARE_02462,219.17,7.7399,5,0,3,0,0,1,1,37.69,7.7503,16,0.9306,72.66,1,1,Ryuk
MALWARE_02219,312.14,7.4225,7,0,4,0,0,1,1,39.73,7.7798,16,0.9359,45.88,1,1,WannaCry
MALWARE_01404,562.01,7.4705,7,0,3,1,0,1,0,56.17,7.8672,24,0.7587,60.46,1,1,Ryuk
BENIGN_01427,1793.06,5.2165,4,1,1,0,0,0,0,0.13,5.0733,0,0.3231,123.12,0,0,Benign
BENIGN_02498,1181.23,5.6145,4,1,0,0,0,0,0,0.13,4.2771,0,0.1808,56.2,0,0,Benign
BENIGN_00437,2397.49,4.6507,5,0,0,0,0,0,0,0.08,4.2777,0,0.05,167.0,0,0,Benign
BENIGN_02471,783.8,4.4476,6,1,0,0,84,0,0,0.04,3.8601,0,0.05,49.26,0,0,Benign
BENIGN_00913,1768.86,5.2001,6,1,1,0,84,0,0,0.3,3.6866,0,0.0551,129.15,0,0,Benign
MALWARE_01723,428.69,7.4902,9,0,8,0,0,1,1,37.19,7.6549,24,0.6571,10.53,1,1,WannaCry
MALWARE_01853,502.1,7.7162,7,0,5,0,28,1,1,37.15,7.9576,25,0.7239,53.87,2,1,Maze
MALWARE_02013,502.15,7.48,2,0,6,1,28,0,1,47.41,7.7789,13,0.8352,44.05,1,1,Maze
MALWARE_01944,471.6,7.2681,7,0,4,0,0,1,1,50.61,7.3478,20,0.8315,54.43,1,1,Ryuk
BENIGN_02288,1551.47,5.096,4,1,0,0,84,0,0,0.03,4.5519,0,0.0518,116.88,0,0,Benign
MALWARE_02098,347.61,7.2299,2,1,3,1,28,1,1,36.3,7.7413,14,0.8608,43.74,3,1,Cerber
BENIGN_01239,2890.52,4.7185,5,1,0,0,56,0,0,0.08,4.3856,0,0.1049,77.08,0,0,Benign
BENIGN_00904,880.98,4.9016,3,1,0,1,84,0,0,0.02,3.6033,0,0.05,124.36,0,0,Benign
MALWARE_01121,410.23,7.4612,7,0,5,1,0,1,1,58.28,7.8925,17,0.925,30.25,1,1,LockBit
MALWARE_00732,137.63,7.5776,5,0,4,1,56,1,1,43.8,7.4681,14,0.6944,68.41,1,1,REvil
MALWARE_00360,620.44,7.553,2,0,7,0,0,1,1,60.0,7.99,29,0.9979,22.47,2,1,WannaCry
BENIGN_00508,687.5,5.3378,5,0,0,0,0,0,0,0.13,3.2997,0,0.2071,108.56,0,0,Benign
MALWARE_00722,668.16,7.2811,5,0,6,0,0,1,1,40.22,7.9418,15,0.867,52.71,1,1,Ryuk
BENIGN_00184,2127.68,5.2304,5,1,0,0,84,0,0,0.75,4.175,0,0.2038,149.59,0,0,Benign
BENIGN_01565,1203.05,4.0452,6,1,0,0,56,0,0,0.08,3.8295,0,0.1649,127.48,0,0,Benign
MALWARE_00205,390.36,7.6097,7,0,5,0,28,1,1,47.17,7.6403,22,0.728,63.57,1,1,WannaCry
BENIGN_00322,1050.57,3.4896,5,1,1,0,56,0,0,0.28,3.1282,0,0.05,127.25,0,0,Benign
MALWARE_01064,604.86,7.8207,5,0,11,0,0,1,1,14.25,7.5526,15,0.8105,17.58,3,1,WannaCry
BENIGN_01539,2252.93,3.8493,5,0,0,0,0,0,0,0.46,3.3694,0,0.1334,115.11,0,0,Benign
BENIGN_01838,2591.9,3.9082,4,1,0,0,56,0,0,0.42,4.6079,0,0.1548,29.28,0,0,Benign
BENIGN_02381,1664.32,5.4342,5,1,1,0,84,0,0,0.06,4.107,0,0.1369,41.83,0,0,Benign
BENIGN_01913,2121.6,4.3838,4,1,2,0,0,0,0,0.85,4.6403,0,0.0583,96.71,0,0,Benign
BENIGN_01841,1233.94,5.7425,4,1,1,0,56,0,0,0.55,4.8769,0,0.2009,179.51,0,0,Benign
BENIGN_02116,1413.98,5.3427,5,1,1,0,56,0,0,0.26,3.4593,0,0.0687,193.76,0,0,Benign
MALWARE_01938,694.76,7.7858,2,1,3,0,0,1,1,60.06,7.6331,22,0.8402,19.72,2,1,Ryuk
BENIGN_01147,1544.32,5.148,4,1,0,0,0,0,0,0.24,3.8781,0,0.1661,148.69,0,0,Benign
BENIGN_02487,1676.97,4.1999,5,1,0,0,84,0,0,0.39,4.5621,0,0.1932,120.13,0,0,Benign
BENIGN_00045,800.82,4.7974,5,1,1,0,0,0,0,0.21,3.0517,0,0.2253,121.38,0,0,Benign
BENIGN_02155,1889.23,4.6904,5,1,1,0,84,0,0,0.04,4.6797,0,0.1475,135.01,0,0,Benign
BENIGN_01527,20.0,4.1639,6,1,0,0,56,0,0,0.05,4.0538,0,0.2719,104.33,0,0,Benign
MALWARE_02356,436.44,7.3981,7,1,7,2,28,0,1,41.51,7.6931,17,0.8406,44.14,1,1,REvil
BENIGN_01379,1299.45,5.1123,4,1,1,0,0,0,0,0.29,4.8915,0,0.1065,181.84,0,0,Benign
BENIGN_01766,2138.75,4.766,4,1,1,0,0,0,0,0.1,3.3341,0,0.1355,128.68,0,0,Benign
MALWARE_00513,61.32,7.5886,7,0,4,0,0,1,1,5.0,7.569,14,0.5917,38.18,1,1,Maze
BENIGN_00414,1083.52,5.1889,5,1,0,1,56,0,0,0.06,3.0304,0,0.2766,107.12,0,0,Benign
MALWARE_01785,1211.73,7.5951,9,0,5,1,0,1,1,66.67,7.9366,21,0.9089,58.47,3,1,WannaCry
BENIGN_01408,2307.44,4.8997,6,1,0,0,56,0,0,0.16,4.4371,0,0.2313,76.46,0,0,Benign
BENIGN_01659,2246.58,4.3109,5,1,0,0,56,0,0,0.06,4.717,0,0.2055,48.9,0,0,Benign
BENIGN_00802,649.57,3.856,5,1,1,0,84,0,0,0.11,4.8182,0,0.2379,144.44,0,0,Benign
BENIGN_01289,176.83,4.8079,5,1,0,0,56,0,0,0.06,4.1175,0,0.1594,194.51,0,0,Benign
BENIGN_02183,2170.31,4.1606,4,1,0,0,0,0,0,0.21,4.7752,0,0.1263,25.96,0,0,Benign
MALWARE_00089,1041.44,6.9478,5,0,2,0,0,1,1,60.16,7.7752,21,0.844,45.43,1,1,Maze
MALWARE_00116,235.18,7.99,9,0,1,1,0,1,1,29.1,7.7414,18,0.8612,38.48,4,1,Maze
BENIGN_02319,987.27,4.8728,5,1,0,0,112,0,0,1.13,4.4922,0,0.086,163.13,0,0,Benign
BENIGN_00257,1782.0,4.3437,5,1,0,0,56,0,0,0.04,4.2737,0,0.0693,106.13,0,0,Benign
MALWARE_02042,804.59,7.2838,2,0,3,2,0,1,1,36.23,7.4094,11,0.8929,52.29,2,1,Maze
BENIGN_01730,1948.33,5.9996,5,1,0,0,84,0,0,0.15,3.9327,0,0.116,161.89,0,0,Benign
BENIGN_01152,2480.88,5.0851,4,1,0,0,84,0,0,0.55,5.3658,0,0.1863,69.06,0,0,Benign
MALWARE_01645,213.2,6.9477,7,0,2,0,28,0,1,50.34,7.6319,15,0.7028,56.59,1,1,WannaCry
BENIGN_00648,1579.86,4.1035,5,1,0,0,56,0,0,0.24,4.1539,0,0.0558,143.43,0,0,Benign
MALWARE_00409,581.15,7.6984,5,0,3,0,0,0,1,25.0,7.9231,15,1.0,56.36,4,1,Ryuk
BENIGN_01703,1858.82,3.4727,4,1,2,0,0,0,0,0.05,3.9027,0,0.2432,184.61,1,0,Benign
BENIGN_01882,919.2,4.6708,3,1,0,0,0,0,0,0.04,4.0096,0,0.2046,174.59,0,0,Benign
MALWARE_01269,896.07,7.438,2,0,2,0,0,1,0,61.26,7.99,26,1.0,90.32,1,1,Cerber
BENIGN_01316,1693.12,4.9403,4,1,1,0,84,0,0,0.09,4.3443,0,0.15,209.59,0,0,Benign
BENIGN_02270,539.71,4.4838,5,1,0,0,84,0,0,0.03,4.5421,0,0.1851,43.23,0,0,Benign
BENIGN_01967,1014.16,4.5671,5,1,1,0,56,0,0,0.44,3.732,0,0.1165,132.28,0,0,Benign
BENIGN_02466,1834.29,2.8315,4,0,0,0,56,0,0,0.06,3.9698,0,0.05,189.05,0,0,Benign
MALWARE_01356,841.37,7.1701,5,1,5,0,0,1,1,40.97,7.9266,16,0.7908,49.98,1,1,Ryuk
BENIGN_01351,1627.75,5.9874,4,1,0,0,84,0,0,0.05,3.4655,0,0.05,199.56,0,0,Benign
MALWARE_00797,469.33,6.9133,5,1,4,0,0,1,1,40.37,7.6021,28,1.0,79.92,1,1,LockBit
BENIGN_00113,900.66,4.9803,5,1,1,0,0,0,0,0.06,3.7774,0,0.1309,124.36,0,0,Benign
MALWARE_00634,261.52,7.8451,2,0,7,1,28,1,1,59.91,7.6691,15,0.9865,64.01,1,1,Maze
BENIGN_00264,20.0,5.1226,5,1,0,0,56,0,0,0.23,4.4566,0,0.1056,130.22,0,0,Benign
BENIGN_01394,2889.5,6.2629,3,1,0,0,56,0,0,0.67,3.689,0,0.155,103.31,0,0,Benign
BENIGN_01879,1361.86,5.3474,3,1,0,0,56,0,0,0.34,3.1658,0,0.2184,82.92,1,0,Benign
BENIGN_01187,2447.26,4.8707,6,0,0,0,0,0,0,0.14,5.6651,0,0.1126,157.32,0,0,Benign
MALWARE_00572,740.82,7.3704,2,1,5,1,0,1,1,31.32,7.4022,16,0.7238,14.66,1,1,Ryuk
BENIGN_00057,1373.59,4.4585,5,1,0,0,56,0,0,0.09,4.9621,0,0.0845,44.86,0,0,Benign
BENIGN_01310,2173.92,5.4325,6,1,1,0,0,0,0,0.18,4.7636,0,0.1644,184.29,0,0,Benign
BENIGN_00696,1548.93,4.9464,6,1,0,0,56,0,0,0.23,3.6051,0,0.2948,139.96,0,0,Benign
MALWARE_00453,847.17,7.7717,9,0,2,0,0,1,1,27.18,7.413,13,0.972,59.69,3,1,Cerber
BENIGN_01727,2678.53,3.5157,4,1,1,0,112,0,0,0.45,4.1033,0,0.112,52.02,0,0,Benign
BENIGN_02092,2861.52,4.7049,6,1,0,0,84,0,0,0.25,3.4088,0,0.1889,82.15,0,0,Benign
MALWARE_01370,866.84,7.4716,7,0,2,1,28,1,1,27.57,7.8055,20,0.9019,55.59,2,1,LockBit
BENIGN_00320,2625.42,4.3426,4,0,0,1,56,0,0,0.06,4.3996,0,0.2297,83.52,0,0,Benign
MALWARE_01821,470.46,7.2019,9,0,2,0,0,1,1,50.25,7.7998,15,0.9595,25.63,4,1,LockBit
BENIGN_00683,948.71,5.1742,6,0,0,0,0,0,1,0.42,4.3795,0,0.2094,158.01,0,0,Benign
MALWARE_01342,510.75,7.2067,7,0,1,0,0,1,1,32.87,7.7274,21,0.7771,40.2,1,1,Ryuk
MALWARE_00714,726.45,7.0264,7,0,2,0,0,1,0,31.99,7.8047,28,0.7985,37.58,2,1,REvil
BENIGN_02003,1870.65,5.093,5,1,1,0,56,0,0,0.11,3.6277,0,0.05,55.91,0,0,Benign
MALWARE_02283,338.04,7.7368,7,0,2,0,0,0,1,59.58,7.4786,12,0.764,65.74,1,1,WannaCry
MALWARE_01651,655.06,7.4189,7,0,4,0,0,1,1,44.26,7.4099,16,1.0,41.8,1,1,WannaCry
BENIGN_00287,2908.95,4.7997,5,1,0,0,56,0,0,0.38,4.0224,0,0.1308,247.73,0,0,Benign
BENIGN_01889,758.85,5.6052,3,1,0,0,56,0,0,0.38,4.9072,0,0.189,83.22,0,0,Benign
BENIGN_02338,1733.63,3.3782,5,0,1,0,0,0,0,0.19,4.2154,0,0.1615,41.1,0,0,Benign
MALWARE_00021,1143.16,7.99,7,0,7,0,0,1,1,49.41,7.8708,21,0.7947,84.92,2,1,LockBit
BENIGN_02278,3071.86,5.9151,3,0,0,0,0,0,0,0.03,4.1904,0,0.1011,200.97,0,0,Benign
BENIGN_02128,1617.49,3.9752,4,0,0,0,0,0,0,0.24,3.7714,0,0.1032,70.62,0,0,Benign
MALWARE_01000,877.7,7.404,9,0,5,1,0,0,1,52.71,7.3537,24,0.8966,37.62,2,1,WannaCry
MALWARE_01712,669.49,6.9493,5,0,4,0,56,1,1,25.94,7.4966,21,0.735,43.95,1,1,REvil
BENIGN_02084,359.99,2.6662,4,1,0,1,56,0,0,0.73,4.5802,0,0.1646,148.02,0,0,Benign
BENIGN_00737,1246.63,4.0982,4,1,1,0,56,0,0,0.39,4.8573,0,0.1432,85.03,0,0,Benign
MALWARE_02302,684.76,6.8584,2,0,4,0,0,1,1,37.08,7.6983,25,0.7609,42.55,2,1,Ryuk
BENIGN_00337,20.0,4.6703,6,1,1,0,56,0,0,0.09,5.0361,0,0.2068,141.47,0,0,Benign
MALWARE_00097,389.82,7.6132,7,0,7,1,56,1,1,71.4,7.7297,25,0.8858,29.27,1,1,LockBit
MALWARE_00272,132.97,7.2297,7,0,3,0,0,1,1,37.51,7.7778,18,1.0,87.08,1,1,WannaCry
MALWARE_01205,596.8,7.5375,9,0,5,0,0,1,1,54.0,7.8368,18,0.844,16.98,3,1,WannaCry
MALWARE_01905,616.68,7.99,7,0,0,2,0,1,1,71.8,7.5805,18,0.8179,42.58,1,1,Ryuk
BENIGN_01072,1572.49,5.0357,4,1,0,0,0,0,0,0.08,3.8119,0,0.05,110.32,0,0,Benign
BENIGN_02291,364.97,3.6917,5,1,0,0,84,0,0,0.09,3.4604,0,0.0906,54.94,0,0,Benign
BENIGN_01673,2667.06,5.8623,5,1,0,0,56,0,0,0.34,4.5941,0,0.1302,51.29,1,0,Benign
MALWARE_01584,764.64,7.6816,5,0,3,0,0,0,1,14.86,7.6922,16,0.7408,36.51,2,1,REvil
MALWARE_01751,888.75,7.3844,5,0,7,0,0,1,1,48.76,7.99,13,0.8706,50.44,1,1,Cerber
MALWARE_01614,895.43,7.3903,9,0,6,0,28,1,1,28.81,7.631,17,0.8761,67.49,2,1,LockBit
MALWARE_01909,40.63,7.9495,9,0,3,1,0,1,1,58.44,7.5478,16,0.8306,50.09,3,1,Maze
MALWARE_00867,648.75,7.0273,7,0,3,2,0,1,1,43.75,7.4243,16,1.0,48.21,3,1,LockBit
BENIGN_01489,3210.69,5.5162,5,1,1,0,56,0,0,0.49,4.897,0,0.2347,44.4,0,0,Benign
BENIGN_00499,2058.07,4.1311,4,1,0,0,112,0,0,0.09,4.7095,0,0.05,153.94,0,0,Benign
MALWARE_01883,185.08,7.6151,7,0,2,0,0,1,1,34.39,7.3133,22,0.7766,60.48,1,1,WannaCry
MALWARE_00980,590.21,7.5905,2,0,7,0,0,1,1,60.02,7.5995,18,0.7596,73.18,1,1,Ryuk
MALWARE_00082,1032.47,6.9156,9,0,2,1,0,1,1,41.8,7.7452,15,1.0,8.0,3,1,Ryuk
MALWARE_00624,193.01,7.9822,9,0,2,1,0,1,1,69.7,7.7511,22,0.8722,61.28,1,1,LockBit
MALWARE_00422,214.21,7.2224,5,0,4,0,0,0,1,28.24,7.7393,27,1.0,50.76,3,1,WannaCry
MALWARE_01878,406.06,7.6042,5,0,5,0,0,1,1,46.19,7.5061,16,0.7797,52.83,1,1,WannaCry
MALWARE_00145,337.8,7.99,2,0,8,2,56,1,1,55.29,7.477,14,0.8153,49.01,1,1,LockBit
MALWARE_01787,472.59,7.1208,5,0,3,1,0,1,1,61.23,7.6573,31,0.8057,29.45,1,1,WannaCry
MALWARE_01541,363.99,7.1843,5,1,6,1,28,1,1,41.87,7.812,22,0.9224,71.39,1,1,LockBit
BENIGN_02035,1985.48,5.4382,5,1,1,0,0,0,0,0.0,5.3889,0,0.2308,116.2,0,0,Benign
BENIGN_01023,2375.72,4.7331,4,1,0,0,56,0,0,0.17,4.0963,0,0.0597,116.67,0,0,Benign
BENIGN_02283,1571.99,6.4685,6,1,1,0,0,0,0,0.23,5.3048,0,0.1856,181.79,0,0,Benign
MALWARE_02387,416.7,6.919,9,0,2,1,0,1,1,32.58,7.99,17,0.7924,55.36,1,1,LockBit
MALWARE_01720,975.21,7.5669,2,0,5,0,0,1,1,44.91,7.99,25,0.8578,9.15,1,1,Ryuk
MALWARE_00564,371.53,7.99,2,0,5,0,0,1,1,46.46,7.7424,15,0.9555,61.4,3,1,Ryuk
MALWARE_01866,541.62,7.3998,5,0,4,2,0,1,1,54.67,7.8281,13,0.8665,34.9,1,1,Maze
BENIGN_00666,1607.03,4.6021,5,1,1,0,56,0,0,0.11,4.3999,0,0.1362,191.91,0,0,Benign
MALWARE_01433,213.08,7.4796,9,0,1,0,0,1,1,49.27,7.5639,16,0.9516,30.72,3,1,Maze
MALWARE_00139,469.93,7.8252,2,0,3,0,0,1,0,31.1,7.7325,21,0.8286,35.65,4,1,LockBit
MALWARE_00677,455.89,7.3547,9,0,2,1,0,1,0,31.91,7.9473,27,0.8556,56.9,2,1,Ryuk
MALWARE_01766,1195.81,7.7969,9,1,4,1,0,1,1,32.73,7.6022,22,0.7108,41.92,1,1,Ryuk
MALWARE_00622,486.42,7.2804,7,1,2,0,0,0,1,55.1,7.8107,21,0.9935,70.42,3,1,Ryuk
BENIGN_01018,826.58,3.307,4,1,1,0,0,0,0,0.16,3.7438,0,0.05,130.75,0,0,Benign
BENIGN_00558,1388.59,3.8338,4,1,0,0,0,0,0,0.0,4.6855,0,0.05,169.67,0,0,Benign
BENIGN_02400,1434.38,5.3734,4,1,1,0,112,0,0,0.39,5.0443,0,0.1193,146.04,0,0,Benign
BENIGN_01208,1928.69,5.4388,3,1,1,0,56,0,0,0.05,4.5117,0,0.1017,103.26,0,0,Benign
BENIGN_02006,2561.3,4.0702,5,1,0,0,56,0,0,0.11,5.364,0,0.1276,159.46,0,0,Benign
MALWARE_00157,473.66,7.7488,7,0,5,1,0,0,1,63.11,7.3854,25,0.8629,46.77,1,1,Ryuk
BENIGN_02136,1248.99,6.2451,4,1,0,0,56,0,0,0.16,4.3779,0,0.05,110.59,0,0,Benign
BENIGN_01511,3259.35,5.4907,6,0,0,0,112,0,0,0.1,2.9717,0,0.2664,117.74,0,0,Benign
BENIGN_01737,20.0,4.1068,5,1,0,0,56,0,0,0.02,4.0839,0,0.1416,137.31,0,0,Benign
BENIGN_00246,2166.67,4.854,4,1,1,0,56,0,0,0.32,4.4671,0,0.1916,71.11,0,0,Benign
BENIGN_01164,2002.64,6.1678,5,1,1,0,0,0,0,0.12,4.9259,0,0.0985,175.56,0,0,Benign
MALWARE_00863,1150.6,7.99,7,0,4,0,0,0,1,46.79,7.7093,16,0.7107,72.87,1,1,Maze
BENIGN_00267,2085.79,4.6293,4,1,0,0,56,0,0,0.08,4.1433,0,0.1836,76.81,0,0,Benign
BENIGN_02367,1604.29,5.26,4,1,0,0,112,0,0,0.23,4.1997,0,0.1327,206.63,0,0,Benign
BENIGN_01115,2156.49,4.0207,5,1,0,0,56,0,0,0.07,4.7282,0,0.1996,76.14,0,0,Benign
BENIGN_00064,1819.31,5.5775,5,1,0,0,56,0,0,0.06,4.1814,0,0.1637,110.8,1,0,Benign
MALWARE_00093,286.78,7.5737,9,0,1,0,0,1,1,27.9,7.939,25,0.8395,68.79,2,1,LockBit
MALWARE_00289,320.82,7.7539,7,0,5,1,0,0,1,55.85,7.2021,23,0.8562,58.78,3,1,WannaCry
MALWARE_00258,784.1,7.4503,5,0,3,0,0,1,1,41.3,7.4174,19,0.8322,17.06,2,1,Maze
MALWARE_00512,496.93,7.3974,2,0,5,1,0,1,0,36.99,7.6226,20,0.9821,42.3,2,1,WannaCry
MALWARE_00577,1046.54,7.2023,7,1,4,0,0,1,1,51.6,7.8694,18,0.9469,39.14,2,1,Maze
MALWARE_00499,794.57,7.4974,5,0,8,0,0,1,1,38.49,7.591,22,0.8048,25.34,1,1,LockBit
MALWARE_00316,722.76,7.7511,5,0,5,2,0,1,0,52.38,7.99,24,1.0,23.1,2,1,REvil
BENIGN_02260,1338.79,4.7166,6,1,0,0,112,0,0,0.03,4.687,0,0.1569,169.5,0,0,Benign
MALWARE_02459,10.0,7.9205,9,0,1,2,0,1,1,46.76,7.6676,20,0.8988,46.04,1,1,Maze
MALWARE_00705,430.55,7.5824,2,0,4,0,0,1,1,23.94,7.7218,15,0.8068,8.0,3,1,REvil
BENIGN_01238,1704.26,6.2184,4,1,0,0,84,0,0,0.22,4.6135,0,0.1709,132.31,0,0,Benign
BENIGN_00104,1942.46,3.4456,4,1,1,0,56,0,0,0.06,4.141,0,0.0714,108.77,0,0,Benign
MALWARE_00144,688.36,7.7437,9,0,3,1,0,0,1,39.97,7.6819,18,0.8149,8.0,1,1,WannaCry
BENIGN_00273,2041.89,4.18,3,1,0,0,56,0,0,0.04,4.9972,0,0.1751,89.67,0,0,Benign
BENIGN_00509,380.74,3.5838,5,1,0,0,84,0,0,0.41,2.7013,0,0.175,224.58,0,0,Benign
BENIGN_02227,2293.88,5.0416,5,1,0,0,112,0,0,0.01,4.1735,0,0.0597,149.8,0,0,Benign
MALWARE_02434,1070.4,7.3208,9,0,3,0,28,1,1,76.76,7.731,27,0.9786,45.83,2,1,REvil
BENIGN_02442,2480.87,6.6011,6,1,0,0,112,0,1,0.16,4.0532,0,0.0528,83.56,0,0,Benign
BENIGN_00866,1596.16,5.0205,6,1,1,0,0,0,0,0.2,4.5397,0,0.1068,83.42,0,0,Benign
MALWARE_00827,953.46,7.6593,5,1,6,0,0,1,1,72.25,7.99,24,0.8102,16.46,2,1,Ryuk
BENIGN_00909,273.59,3.7891,4,1,0,0,84,0,0,0.13,3.9369,0,0.1989,121.88,0,0,Benign
BENIGN_02115,1949.12,4.1922,3,0,1,0,56,0,0,0.13,4.0772,0,0.05,121.32,0,0,Benign
MALWARE_01397,10.0,7.6684,7,0,5,0,0,1,1,22.32,7.9792,16,0.7608,83.79,1,1,Ryuk
BENIGN_01628,276.72,4.7725,4,1,1,1,56,0,0,0.21,4.8418,0,0.2148,91.55,0,0,Benign
MALWARE_00374,210.8,7.5808,7,0,12,0,0,1,1,22.49,7.7252,16,0.7175,23.51,3,1,Ryuk
BENIGN_01523,1834.91,5.2345,5,1,1,1,56,0,0,0.34,4.3464,0,0.1432,116.02,0,0,Benign
BENIGN_00836,1325.01,4.7855,4,0,0,0,0,0,0,0.58,4.376,0,0.05,170.5,0,0,Benign
BENIGN_00359,887.35,4.7724,5,1,1,0,56,0,0,0.71,3.0828,0,0.159,177.31,0,0,Benign
BENIGN_00139,1873.14,4.7715,5,1,0,0,0,0,0,0.38,4.8105,0,0.3631,105.22,0,0,Benign
BENIGN_00300,3017.83,5.2376,3,1,0,0,56,0,0,0.01,4.2413,0,0.1136,109.07,0,0,Benign
BENIGN_01557,137.72,4.0887,5,1,0,0,84,0,0,0.05,4.7573,0,0.115,156.03,0,0,Benign
BENIGN_01004,2744.57,5.5818,3,1,1,0,112,0,0,0.01,4.3078,0,0.2708,15.0,0,0,Benign
BENIGN_00383,2296.62,5.2234,4,1,2,0,0,0,0,0.48,4.5311,0,0.2044,23.16,0,0,Benign
BENIGN_00942,1097.67,5.1188,4,1,0,0,56,0,1,0.02,3.7566,0,0.2049,100.08,0,0,Benign
MALWARE_01947,762.04,7.0201,9,0,6,0,0,1,1,45.22,7.5205,18,0.8037,59.78,1,1,Maze
MALWARE_02355,972.89,7.1659,5,0,4,0,28,1,1,54.55,7.6836,22,0.9919,41.43,1,1,Ryuk
BENIGN_00762,1015.13,4.6865,6,1,0,0,84,0,0,0.49,2.9678,0,0.0935,155.98,0,0,Benign
BENIGN_01706,1219.77,2.9064,4,1,2,0,112,0,0,0.07,4.2457,0,0.1461,73.43,1,0,Benign
BENIGN_01874,2480.03,4.0099,4,1,0,0,56,0,0,0.02,3.7907,0,0.1946,34.76,0,0,Benign
MALWARE_00051,788.22,7.7684,2,0,5,0,0,1,1,57.97,7.5957,25,0.9895,13.99,1,1,Cerber
BENIGN_02087,1835.11,6.0049,4,1,1,0,56,0,0,0.0,3.2999,0,0.1712,129.75,0,0,Benign
BENIGN_02198,4073.59,4.4601,5,1,1,1,0,0,0,0.12,5.3349,0,0.1905,148.16,0,0,Benign
BENIGN_00899,1467.84,4.3984,4,1,1,0,112,0,0,0.46,3.29,0,0.1221,200.83,0,0,Benign
MALWARE_01500,999.87,7.2943,5,0,5,0,56,1,1,80.28,7.351,19,0.7769,47.5,2,1,Cerber
MALWARE_01116,559.21,6.8588,5,0,6,0,56,1,1,40.26,7.7922,16,0.8607,45.35,4,1,REvil
BENIGN_01403,950.36,4.6396,4,1,0,0,0,0,0,0.03,3.9081,0,0.142,86.52,0,0,Benign
MALWARE_01374,600.2,7.99,9,0,2,0,0,1,1,37.44,7.8716,18,0.9561,53.35,2,1,Maze
MALWARE_01286,750.93,7.8248,7,0,6,1,0,1,1,46.19,7.7654,23,0.7226,24.97,1,1,REvil
MALWARE_01887,25.2,7.9476,9,0,7,1,0,0,1,67.28,7.7673,14,1.0,21.4,1,1,REvil
MALWARE_00456,741.82,7.3159,5,0,4,0,0,1,1,55.01,7.6094,13,0.8051,57.26,2,1,Cerber
BENIGN_01513,1120.14,5.4026,5,1,1,0,84,0,0,0.74,3.673,0,0.3042,74.87,0,0,Benign
BENIGN_01189,1853.53,4.936,5,1,1,0,56,0,0,0.36,4.3378,0,0.05,144.95,0,0,Benign
MALWARE_00490,423.74,7.2363,7,1,3,0,0,1,0,73.31,7.5463,24,0.7841,59.07,2,1,WannaCry
BENIGN_02081,1727.97,4.0883,5,0,1,0,0,0,1,0.0,4.8038,0,0.2783,60.23,0,0,Benign
MALWARE_02484,1135.86,7.595,5,0,3,0,28,0,1,69.82,7.4394,26,0.9174,49.38,3,1,LockBit
MALWARE_00938,489.33,7.5349,7,0,5,1,0,1,1,49.32,7.6779,24,0.7857,105.52,1,1,WannaCry
BENIGN_00109,2281.11,5.6832,6,1,0,0,56,0,0,0.02,3.851,0,0.0688,87.54,0,0,Benign
MALWARE_02199,983.37,7.44,5,1,3,0,28,1,1,55.9,7.7942,14,1.0,65.65,3,1,Ryuk
MALWARE_00328,712.08,7.3137,5,0,5,2,0,1,1,52.11,7.943,14,0.9778,40.01,2,1,Cerber
MALWARE_02248,539.32,7.5003,2,0,9,0,0,1,1,31.18,7.8511,17,0.9967,37.32,1,1,REvil
BENIGN_00059,1500.56,4.9266,5,1,1,0,0,0,0,0.01,5.742,0,0.0614,189.43,0,0,Benign
BENIGN_00077,3385.9,5.5503,5,1,1,0,84,0,0,0.4,4.5261,0,0.2367,77.47,0,0,Benign
BENIGN_00797,1806.76,4.0071,6,0,0,0,84,0,0,0.23,3.4013,0,0.117,83.64,0,0,Benign
BENIGN_00369,20.0,4.3229,5,1,0,0,0,0,0,0.1,3.3849,0,0.0636,18.91,0,0,Benign
MALWARE_02406,319.16,7.6608,5,0,7,2,0,1,1,27.66,7.513,23,0.8903,19.45,1,1,WannaCry
BENIGN_00786,1639.59,4.7335,4,1,0,0,56,0,0,0.04,5.0264,0,0.2167,149.91,0,0,Benign
BENIGN_02089,1412.69,4.5355,4,1,0,0,84,0,1,0.13,4.1063,0,0.1994,81.38,0,0,Benign
BENIGN_02315,1858.93,4.124,4,1,0,0,112,0,0,0.1,5.3681,0,0.0673,77.53,1,0,Benign
MALWARE_00885,809.31,7.0647,7,0,3,1,0,1,1,49.39,7.7019,16,0.8431,60.52,1,1,Ryuk
MALWARE_01106,621.08,7.6057,5,0,3,2,0,1,1,25.88,7.9844,17,0.7994,37.05,2,1,REvil
MALWARE_01612,399.22,7.6951,2,0,4,0,0,1,1,39.64,7.8778,23,0.7993,37.72,1,1,Cerber
BENIGN_01903,1744.93,4.9454,4,1,1,0,112,0,0,0.06,3.5178,0,0.05,115.58,0,0,Benign
BENIGN_01704,383.29,5.1105,5,0,0,0,56,0,0,0.44,5.135,0,0.0561,90.95,0,0,Benign
BENIGN_00122,1665.68,4.2647,5,1,0,0,0,0,0,0.12,4.8239,0,0.2628,180.72,0,0,Benign
BENIGN_01845,1558.91,4.1724,4,0,0,0,0,0,0,0.59,4.4117,0,0.05,187.08,0,0,Benign
BENIGN_02370,1404.96,5.3217,4,1,1,1,84,0,0,0.22,4.4441,0,0.1075,204.45,0,0,Benign
MALWARE_01229,919.86,7.4391,5,0,2,1,0,1,1,74.78,7.9468,17,1.0,33.49,4,1,LockBit
BENIGN_00911,609.55,5.1465,3,1,0,0,0,0,0,0.16,3.8298,0,0.1479,59.49,0,0,Benign
BENIGN_00125,1241.86,4.5993,5,1,0,0,0,0,0,0.32,5.0734,0,0.2939,157.29,0,0,Benign
MALWARE_00073,766.01,7.7873,5,0,4,0,56,1,1,58.36,7.4446,17,0.8687,63.46,1,1,WannaCry
BENIGN_01587,1291.29,4.8489,6,1,1,0,0,0,0,0.18,4.6835,0,0.1572,119.6,0,0,Benign
BENIGN_01258,2728.42,5.0182,5,1,0,0,56,0,0,0.47,5.1158,0,0.1148,176.75,0,0,Benign
MALWARE_00942,596.5,7.4102,2,0,3,0,0,1,1,47.43,7.588,18,0.7712,29.26,3,1,LockBit
MALWARE_00981,257.47,7.8714,9,0,1,1,28,1,1,47.99,7.4756,19,0.9177,80.51,2,1,LockBit
MALWARE_01609,457.61,7.2579,7,0,3,2,0,1,1,58.84,7.737,18,0.6839,41.42,1,1,WannaCry
BENIGN_01179,583.54,5.5198,5,1,0,1,0,0,0,0.28,4.2033,0,0.05,180.47,0,0,Benign
MALWARE_00964,768.9,7.8753,5,0,5,2,0,1,1,56.24,7.8205,22,0.7829,8.0,1,1,Ryuk
MALWARE_00970,127.5,7.7073,5,0,4,0,0,1,1,74.48,7.687,24,0.5778,20.61,1,1,LockBit
MALWARE_00968,343.14,7.6739,5,0,4,0,0,1,1,43.88,7.6209,17,0.9081,41.11,1,1,Ryuk
BENIGN_02104,793.95,5.773,4,1,2,0,0,0,0,0.04,3.8455,0,0.0769,31.92,1,0,Benign
BENIGN_00443,513.11,3.2812,5,1,0,0,0,0,0,0.03,4.0454,0,0.1444,154.46,0,0,Benign
BENIGN_02228,1041.21,4.1985,4,1,1,0,84,0,0,0.16,5.5669,0,0.2557,70.61,0,0,Benign
MALWARE_01917,479.69,7.4346,5,0,5,0,0,1,1,42.6,7.486,22,0.9109,33.32,1,1,Cerber
BENIGN_00926,699.78,6.0278,5,1,0,0,84,0,0,0.11,2.9637,0,0.05,112.0,0,0,Benign
MALWARE_01521,840.61,7.7502,2,0,4,0,0,1,1,47.38,7.6674,16,0.8461,16.5,1,1,LockBit
BENIGN_02146,1882.02,4.5776,5,0,1,0,56,0,0,0.22,3.8408,0,0.05,103.69,0,0,Benign
MALWARE_02271,1183.16,7.5541,7,0,1,1,0,1,1,45.35,7.7038,16,0.8834,39.48,1,1,Ryuk
BENIGN_01412,3437.17,3.7534,6,1,0,0,56,0,0,0.0,4.2934,0,0.0735,102.22,0,0,Benign
MALWARE_00967,637.1,7.3342,2,0,9,1,56,1,1,62.83,7.7121,8,0.7757,53.57,2,1,Cerber
BENIGN_02073,2269.49,3.6115,5,1,0,0,0,0,0,0.09,4.5936,0,0.155,116.45,0,0,Benign
BENIGN_01510,1757.9,4.3812,4,1,1,0,0,0,0,0.16,4.9759,0,0.2369,146.16,0,0,Benign
BENIGN_01228,2016.73,5.39,5,0,2,0,56,0,0,0.01,4.3651,0,0.0566,180.34,0,0,Benign
MALWARE_01573,879.17,7.4221,7,0,3,2,0,1,1,46.86,7.2923,18,0.9239,59.55,1,1,REvil
MALWARE_00086,350.15,7.0169,7,0,4,0,0,1,0,38.03,7.5267,17,1.0,44.55,2,1,Ryuk
MALWARE_01951,643.82,7.5645,2,0,7,1,0,1,1,58.18,7.7251,18,0.8544,31.22,1,1,Maze
MALWARE_00452,871.15,7.708,7,0,3,0,0,1,0,68.37,7.6309,7,0.9981,43.65,1,1,REvil
MALWARE_01386,760.83,7.2901,5,0,4,1,0,1,1,60.61,7.8724,18,0.7658,63.16,2,1,Maze
BENIGN_00325,3023.55,4.3157,5,0,1,0,56,0,1,0.13,4.349,0,0.05,134.42,0,0,Benign
MALWARE_01478,670.21,7.99,5,0,3,2,0,1,0,54.45,7.688,17,0.5948,59.81,2,1,Cerber
MALWARE_01077,776.67,7.8435,7,0,5,0,0,1,1,43.85,7.7726,15,0.8356,69.0,1,1,REvil
BENIGN_02212,1381.08,4.2382,4,1,0,0,0,0,0,0.15,4.4197,0,0.0784,192.54,0,0,Benign
MALWARE_00799,423.62,7.59,2,0,1,0,0,1,1,38.49,7.7334,21,0.7224,53.96,1,1,Maze
MALWARE_00536,398.72,7.3584,2,0,5,1,28,1,1,31.88,7.9652,14,0.7586,19.73,3,1,REvil
BENIGN_01499,206.28,4.3784,5,1,0,0,84,0,0,0.01,4.0336,0,0.1686,99.16,0,0,Benign
BENIGN_01503,2633.33,5.4807,6,1,1,0,56,0,0,0.24,3.6183,0,0.1284,274.83,0,0,Benign
BENIGN_01007,1421.92,3.4533,5,1,0,0,56,0,0,0.0,2.9519,0,0.1723,83.44,0,0,Benign
MALWARE_01680,765.03,7.99,5,1,7,0,0,1,1,39.89,7.7437,19,0.6709,33.99,1,1,Cerber
MALWARE_00514,409.55,7.7401,5,0,0,0,0,1,1,28.0,7.9244,14,0.7568,25.95,1,1,LockBit
MALWARE_01017,1071.36,7.1696,7,1,2,0,56,1,1,41.13,7.9166,20,0.7987,36.43,1,1,WannaCry
BENIGN_01468,1815.64,3.5852,6,1,0,0,84,0,0,0.22,4.1907,0,0.0544,151.23,0,0,Benign
BENIGN_01226,1018.19,6.2926,5,1,0,0,56,0,0,0.37,4.0065,0,0.2213,142.2,0,0,Benign
MALWARE_00668,392.24,7.2702,7,0,5,0,0,1,0,56.47,7.42,23,0.9374,20.95,2,1,Maze
BENIGN_02268,20.0,3.3846,6,1,0,0,84,0,0,0.4,4.3378,0,0.1563,146.91,0,0,Benign
MALWARE_01309,449.65,7.335,9,0,1,0,0,1,0,64.03,7.5778,22,0.728,37.7,1,1,LockBit
BENIGN_01217,2968.73,3.4572,4,1,0,0,112,0,0,0.05,4.9003,0,0.1108,148.85,0,0,Benign
MALWARE_01477,453.62,7.5864,5,1,0,1,0,1,1,29.0,7.7789,23,0.9086,60.08,1,1,REvil
MALWARE_02085,532.9,7.5505,7,1,3,0,0,1,0,59.47,7.7345,24,0.9581,35.95,1,1,LockBit
BENIGN_00421,3961.49,5.8881,5,1,0,0,56,0,0,0.02,4.5505,0,0.1991,82.77,0,0,Benign
MALWARE_00923,985.05,7.3965,5,0,6,1,0,1,1,67.04,7.8158,21,0.8232,61.72,2,1,REvil
BENIGN_00007,669.74,4.7394,5,1,0,0,56,0,0,0.11,4.2522,0,0.1261,124.59,1,0,Benign
BENIGN_00933,1618.11,4.0303,4,0,1,0,84,0,0,0.04,4.3692,0,0.05,86.51,0,0,Benign
BENIGN_01692,3089.92,4.4832,4,0,2,0,0,0,0,0.02,4.3284,0,0.1452,217.34,0,0,Benign
BENIGN_00440,3359.74,4.2116,5,1,1,0,112,0,0,0.19,4.184,0,0.11,114.87,0,0,Benign
BENIGN_01314,2046.97,5.5363,4,1,1,0,56,0,0,0.27,4.8407,0,0.2472,73.76,0,0,Benign
BENIGN_00679,1107.58,6.8,5,1,0,0,0,0,0,0.75,3.408,0,0.1309,184.28,1,0,Benign
BENIGN_01944,876.23,4.6416,5,1,0,0,0,0,0,0.28,4.372,0,0.2403,99.77,0,0,Benign
MALWARE_02111,527.46,7.0028,7,0,6,0,0,1,1,58.07,7.8804,19,0.7596,54.12,1,1,REvil
MALWARE_00804,1337.66,7.5955,7,1,6,0,56,1,1,32.45,7.8699,19,0.7568,46.47,2,1,Cerber
BENIGN_02269,1225.89,5.5879,6,1,0,0,56,0,0,0.32,5.0305,0,0.1741,126.67,0,0,Benign
MALWARE_02134,778.89,7.99,5,0,5,2,0,1,1,35.05,7.5315,20,0.914,34.73,2,1,Maze
MALWARE_01581,310.0,7.0099,7,0,4,1,0,0,1,56.03,7.4767,14,0.7972,77.02,2,1,WannaCry
MALWARE_00019,267.65,7.4315,7,0,5,0,0,1,0,48.54,7.99,27,0.8714,49.39,3,1,WannaCry
BENIGN_02440,1164.59,5.1863,3,1,0,1,56,0,0,0.03,4.4236,0,0.1182,69.73,0,0,Benign
MALWARE_01538,801.11,7.4389,5,0,6,1,0,1,0,32.66,7.8609,18,0.8431,29.93,1,1,WannaCry
BENIGN_01894,775.8,3.7843,4,1,0,0,84,0,0,0.27,3.6244,0,0.1211,99.61,0,0,Benign
MALWARE_01745,470.5,7.6991,2,0,9,1,0,1,1,57.94,7.3049,14,0.6796,89.89,2,1,WannaCry
MALWARE_02330,248.75,7.6235,7,0,5,2,0,0,1,21.29,7.6145,14,0.8287,86.83,1,1,LockBit
MALWARE_00141,523.33,7.1919,5,0,0,1,0,0,1,27.86,7.7529,19,0.9202,34.44,1,1,REvil
BENIGN_00195,1174.37,5.3491,6,1,0,0,56,0,0,0.07,4.6676,0,0.1268,190.55,0,0,Benign
BENIGN_01475,553.28,5.3521,4,1,0,0,56,0,0,0.83,3.9006,0,0.05,105.75,0,0,Benign
MALWARE_02117,1317.75,7.4301,7,0,5,1,0,1,1,44.12,7.841,11,0.8002,39.68,3,1,WannaCry
BENIGN_01212,691.17,4.7204,5,1,1,1,56,0,1,0.06,3.8231,0,0.05,98.94,0,0,Benign
BENIGN_02439,2251.0,4.1373,4,1,0,0,0,0,0,0.04,4.0813,0,0.1581,100.21,0,0,Benign
BENIGN_01658,1086.49,4.6533,4,0,1,0,84,0,0,0.58,3.5437,0,0.05,93.04,0,0,Benign
MALWARE_00201,706.91,7.3173,9,0,6,1,0,1,1,65.48,7.6512,12,0.7683,39.76,2,1,WannaCry
MALWARE_00583,1301.1,7.6406,2,0,6,1,0,1,1,47.63,7.3079,17,0.9075,45.57,1,1,Maze
MALWARE_00206,670.66,6.9421,9,0,2,1,0,1,1,47.45,7.9077,17,0.9871,69.35,1,1,Maze
MALWARE_01727,586.77,7.99,2,0,2,0,0,1,1,28.09,7.5392,20,0.7256,69.01,1,1,Cerber
MALWARE_00343,1025.46,7.9444,7,1,2,1,0,0,1,63.6,7.6176,15,0.6568,20.94,4,1,WannaCry
BENIGN_02303,398.05,4.0299,4,0,0,0,56,0,0,0.15,3.8983,0,0.05,40.98,0,0,Benign
BENIGN_01131,1020.28,5.1446,5,1,0,0,56,0,0,0.25,4.8147,0,0.05,152.4,0,0,Benign
BENIGN_01462,1891.85,5.5342,4,1,0,0,56,0,0,0.1,3.044,0,0.0929,147.26,0,0,Benign
BENIGN_00277,2070.17,3.2935,5,1,1,0,56,0,0,0.0,3.6286,0,0.0958,81.37,0,0,Benign
BENIGN_02223,1658.17,5.3396,5,1,0,0,0,0,0,0.11,4.6018,0,0.2306,82.04,1,0,Benign
BENIGN_02332,1227.25,4.5097,5,1,0,0,56,0,0,0.0,4.5517,0,0.1249,86.76,0,0,Benign
MALWARE_01823,1072.21,7.6851,5,0,3,0,28,1,1,40.75,7.99,15,0.991,8.0,1,1,LockBit
BENIGN_01303,1744.77,5.8368,4,1,2,0,56,0,0,0.04,4.4846,0,0.05,163.12,0,0,Benign
MALWARE_00018,1108.3,7.2994,2,0,3,1,28,1,0,61.31,7.6304,19,0.8613,87.28,1,1,WannaCry
BENIGN_00223,2671.34,5.5975,4,1,1,0,84,0,0,0.13,4.8579,0,0.0999,54.04,0,0,Benign
BENIGN_02037,1068.87,3.7355,5,1,0,0,56,0,0,0.13,4.0607,0,0.05,92.21,0,0,Benign
BENIGN_01925,1678.03,5.3271,4,1,1,0,112,0,0,0.15,4.5028,0,0.1141,87.43,0,0,Benign
BENIGN_00574,1185.11,4.2629,5,0,0,0,0,0,0,0.11,4.281,0,0.0817,86.53,0,0,Benign
BENIGN_01237,2101.25,5.4267,5,1,1,1,84,0,0,0.08,5.1978,0,0.1932,192.57,0,0,Benign
MALWARE_01045,752.79,7.7534,7,0,3,0,28,0,1,15.02,7.7746,17,0.834,41.24,2,1,Maze
BENIGN_02134,1493.54,5.0786,4,1,0,0,0,0,0,0.05,4.1013,0,0.05,94.09,0,0,Benign
BENIGN_01335,2904.63,4.2855,5,1,2,0,112,0,0,0.14,2.831,0,0.0611,100.48,0,0,Benign
BENIGN_02458,2033.35,4.1729,4,1,0,0,56,0,1,0.46,4.1982,0,0.1519,49.76,0,0,Benign
BENIGN_00419,1050.53,5.1835,5,1,0,0,56,0,0,0.01,3.7937,0,0.1832,106.2,0,0,Benign
MALWARE_02415,185.01,7.7995,5,0,10,1,28,1,0,56.7,7.681,15,0.8136,68.83,1,1,Cerber
BENIGN_01105,1971.32,5.246,4,1,0,1,56,0,0,0.0,3.5911,0,0.1021,139.73,0,0,Benign
BENIGN_00258,2072.13,5.2348,5,1,0,0,56,0,0,0.0,4.3199,0,0.1873,145.32,0,0,Benign
BENIGN_00296,3137.49,4.3281,4,1,0,0,0,0,0,0.47,4.7066,0,0.05,93.39,0,0,Benign
BENIGN_02362,1476.0,4.2196,5,1,0,1,112,0,0,0.44,3.7239,0,0.165,143.17,0,0,Benign
BENIGN_00387,1659.59,4.7352,3,1,0,0,0,0,0,0.14,4.4524,0,0.1038,164.06,0,0,Benign
MALWARE_00809,796.95,7.5329,9,0,2,0,0,0,1,67.56,7.5049,14,0.7989,36.27,1,1,Ryuk
MALWARE_01514,1347.85,7.4342,7,0,3,1,28,0,1,56.61,7.8938,15,0.7649,64.41,2,1,Cerber
BENIGN_02232,1819.15,4.9532,4,1,0,0,84,0,0,0.13,3.6057,0,0.2407,35.7,0,0,Benign
MALWARE_00055,474.57,7.5948,5,0,9,1,0,1,1,47.58,7.4718,22,0.7475,35.56,1,1,REvil
MALWARE_01836,843.15,7.9711,5,1,4,0,0,1,0,22.98,7.6629,24,0.777,48.23,2,1,LockBit
MALWARE_01016,802.71,7.99,7,0,2,0,0,1,1,37.52,7.8038,20,0.9375,37.87,4,1,Cerber
BENIGN_01840,2503.15,4.0719,5,1,0,0,56,0,0,0.16,3.7472,0,0.138,153.96,0,0,Benign
MALWARE_01885,720.62,7.5672,5,0,5,1,0,1,0,55.62,7.7736,17,0.7928,34.31,1,1,Cerber
BENIGN_01564,1621.45,5.454,5,1,0,0,56,0,0,0.27,4.4935,0,0.1891,46.03,0,0,Benign
BENIGN_02016,1747.57,4.1184,4,1,1,0,0,0,0,0.18,3.4428,0,0.0888,126.95,0,0,Benign
BENIGN_01401,1282.7,4.2669,4,1,0,0,84,0,0,0.07,5.1124,0,0.2509,58.13,0,0,Benign
BENIGN_00713,1241.47,5.015,5,1,0,0,56,0,0,0.06,4.8214,0,0.2099,128.57,0,0,Benign
BENIGN_02421,2668.14,5.3277,4,1,0,0,56,0,0,0.11,4.8305,0,0.3036,105.47,0,0,Benign
MALWARE_00120,642.63,7.0373,9,0,6,0,0,0,1,49.94,7.6668,15,0.9127,49.55,3,1,REvil
BENIGN_00210,438.82,4.1083,3,1,0,0,112,0,0,0.37,5.2172,0,0.1952,69.02,1,0,Benign
MALWARE_02445,333.99,7.1344,2,0,11,1,28,1,1,47.73,7.6354,16,0.9997,86.56,1,1,REvil
BENIGN_01290,569.68,4.0927,4,1,1,0,0,0,0,0.06,4.1077,0,0.2489,96.87,0,0,Benign
BENIGN_00450,1157.08,5.1485,4,1,0,0,56,0,0,0.18,4.572,0,0.2428,94.7,0,0,Benign
MALWARE_01592,809.51,7.2653,7,0,5,1,0,1,1,40.58,7.7191,22,0.7564,13.7,1,1,Ryuk
MALWARE_00070,696.3,7.5057,9,0,4,1,0,1,1,28.45,7.8506,16,0.9226,42.13,1,1,Maze
BENIGN_01821,2493.58,6.2735,4,1,0,0,0,0,0,0.02,4.7086,0,0.074,124.61,1,0,Benign
BENIGN_00959,415.84,3.3241,6,1,1,1,56,0,0,0.24,3.6572,0,0.2312,170.13,0,0,Benign
BENIGN_01794,2428.17,4.7256,4,1,1,0,0,0,0,0.06,3.9518,0,0.2447,141.83,0,0,Benign
MALWARE_02287,735.51,7.8902,5,0,1,2,0,1,1,59.01,7.8038,19,0.7901,66.79,1,1,Ryuk
BENIGN_00655,336.96,4.7744,5,1,0,0,0,0,1,0.39,4.4378,0,0.1636,77.68,0,0,Benign
BENIGN_02408,2013.44,6.8,6,1,0,0,56,0,0,0.02,2.8472,0,0.1845,81.22,0,0,Benign
MALWARE_01353,318.94,7.8587,7,0,4,1,0,1,1,44.23,7.3935,16,0.6827,36.27,1,1,Cerber
BENIGN_01996,2279.52,4.8631,4,1,1,0,0,0,0,0.08,4.6054,0,0.05,50.46,0,0,Benign
BENIGN_01761,1705.02,4.1846,3,1,0,0,112,0,0,0.09,4.3738,0,0.0708,113.05,0,0,Benign
BENIGN_02355,493.48,4.8729,5,1,1,0,56,0,0,0.02,3.8173,0,0.2037,155.57,0,0,Benign
MALWARE_00242,467.51,7.2217,2,0,5,0,0,1,1,58.13,7.9685,16,0.7976,47.43,3,1,LockBit
MALWARE_00118,494.36,7.6274,2,1,4,0,28,0,0,53.39,7.8891,26,0.8605,60.95,1,1,LockBit
BENIGN_00412,1297.79,4.4766,5,1,1,1,56,0,0,0.38,4.3593,0,0.05,79.1,0,0,Benign
BENIGN_01775,608.39,3.5343,5,1,0,0,56,0,0,0.25,4.1371,0,0.0982,158.96,0,0,Benign
MALWARE_01479,1191.66,7.3982,9,0,2,1,0,1,1,51.79,7.5982,15,0.6548,63.66,1,1,Maze
BENIGN_02187,1935.29,3.6963,5,1,0,0,0,0,0,0.09,3.8201,0,0.1713,90.23,0,0,Benign
BENIGN_02380,20.0,4.2245,3,1,0,0,56,0,0,0.24,4.3169,0,0.1149,135.96,0,0,Benign
MALWARE_01464,773.35,6.9967,5,0,3,0,0,1,1,54.42,7.7765,16,0.9302,39.47,2,1,REvil
MALWARE_01812,498.8,7.5425,7,0,2,1,0,1,0,66.47,7.7525,18,0.8215,83.42,2,1,REvil
MALWARE_02275,769.58,7.1227,5,0,1,2,0,0,1,68.92,7.8714,13,0.854,43.46,4,1,WannaCry
MALWARE_01203,1217.99,7.8943,5,0,2,0,0,1,1,20.47,7.4047,15,0.7725,41.12,1,1,Cerber
MALWARE_01473,789.63,7.688,5,0,3,0,0,1,1,72.17,7.6064,22,0.9101,35.64,1,1,Maze
MALWARE_02266,692.97,7.8368,5,0,3,0,28,1,0,51.92,7.8263,13,0.9885,69.23,1,1,WannaCry
MALWARE_01059,394.42,7.4563,7,0,5,1,0,1,1,64.03,7.9157,21,1.0,47.32,1,1,Maze
MALWARE_01611,429.61,7.7082,5,0,2,0,0,0,1,37.87,7.5952,15,0.8504,46.57,1,1,Maze
MALWARE_00998,650.29,7.5746,5,0,3,1,0,1,1,38.13,7.9649,25,0.8889,49.27,3,1,WannaCry
MALWARE_01266,489.69,7.6862,7,0,3,0,0,1,1,32.6,7.7762,22,0.7416,44.21,1,1,WannaCry
BENIGN_00431,758.83,4.0319,6,1,0,0,0,0,0,0.14,2.9404,0,0.2047,114.26,0,0,Benign
MALWARE_01985,112.04,7.6101,2,0,6,1,0,1,0,40.54,7.5633,32,0.8459,9.24,1,1,LockBit
BENIGN_02322,1986.1,3.9371,5,1,1,0,0,0,0,0.17,4.0351,0,0.1331,15.0,0,0,Benign
BENIGN_01367,416.21,5.4004,4,1,0,0,56,0,0,0.58,4.8521,0,0.2037,50.98,0,0,Benign
BENIGN_01993,2301.32,3.9668,4,1,0,0,84,0,0,0.47,4.3527,0,0.098,203.74,0,0,Benign
MALWARE_00352,784.49,7.7047,5,0,3,0,0,1,0,49.49,7.3622,18,1.0,85.17,1,1,WannaCry
BENIGN_01177,2226.03,5.6722,5,1,0,0,56,0,0,0.2,4.3536,0,0.1219,165.26,0,0,Benign
MALWARE_01029,791.74,7.8287,2,1,5,0,0,1,1,69.47,7.6113,26,0.814,63.53,3,1,LockBit
BENIGN_01477,2409.96,3.4298,6,0,1,0,56,0,1,0.25,4.0351,0,0.1477,137.81,0,0,Benign
MALWARE_01241,525.02,7.6914,9,0,4,1,0,1,1,52.51,7.6408,21,0.702,47.38,2,1,REvil
BENIGN_02046,1642.33,4.1253,4,1,0,0,0,0,0,0.34,4.0645,0,0.0893,172.92,0,0,Benign
BENIGN_00103,388.34,3.4837,5,1,0,0,84,0,0,0.62,4.0484,0,0.1814,110.56,0,0,Benign
MALWARE_01832,660.11,7.435,5,0,10,1,0,1,0,26.38,7.3453,13,0.9222,63.12,2,1,Ryuk
MALWARE_00493,639.72,7.4604,9,0,2,0,0,1,0,49.02,7.879,11,0.7777,8.14,1,1,Ryuk
BENIGN_01264,821.72,4.2022,4,1,0,0,84,0,0,0.01,4.5576,0,0.0759,58.41,0,0,Benign
MALWARE_00382,604.09,7.5598,2,0,3,1,0,1,1,60.35,7.6594,18,0.9611,19.2,1,1,LockBit
MALWARE_00639,692.9,7.5868,9,0,4,0,0,1,1,39.84,7.9005,19,0.8532,58.23,1,1,REvil
MALWARE_01123,880.73,7.7236,7,0,0,0,0,0,1,64.07,7.99,13,0.9663,17.74,3,1,REvil
MALWARE_00704,495.38,7.7081,7,0,6,0,0,1,1,46.12,7.8001,21,0.8405,44.02,1,1,WannaCry
MALWARE_01779,81.1,7.2229,2,0,5,1,0,1,0,44.81,7.7017,9,0.8038,62.76,2,1,Cerber
MALWARE_00800,510.56,7.9513,5,0,2,0,0,1,1,74.86,7.6956,17,0.7852,8.0,1,1,Ryuk
MALWARE_02494,461.23,7.9858,5,0,3,0,0,1,1,74.99,7.5446,16,0.9802,42.0,3,1,REvil
MALWARE_01134,1076.78,7.8856,9,0,3,0,0,1,1,55.59,7.6837,17,0.7641,41.09,1,1,Ryuk
BENIGN_01644,1963.13,6.302,5,1,2,1,84,0,0,0.19,3.7389,0,0.1616,72.76,0,0,Benign
MALWARE_02006,361.41,7.6983,7,0,1,0,56,1,0,50.87,7.6769,29,0.8568,70.83,2,1,LockBit
BENIGN_00001,1897.37,4.6894,5,1,0,0,0,0,0,0.18,3.8515,0,0.108,91.43,0,0,Benign
BENIGN_01581,866.83,3.8545,6,1,1,0,56,0,0,0.11,3.9558,0,0.1986,178.24,1,0,Benign
MALWARE_01923,330.46,7.8058,2,0,1,0,0,1,1,35.58,7.6241,23,0.9409,61.78,1,1,REvil
MALWARE_01617,535.49,7.7323,5,0,8,0,0,1,0,30.13,7.8476,16,0.8864,51.95,2,1,LockBit
BENIGN_01357,1429.39,4.637,4,1,1,0,56,0,0,0.27,3.615,0,0.2106,97.68,0,0,Benign
MALWARE_01702,862.57,7.99,7,0,6,0,0,1,0,36.3,7.473,13,0.8228,31.01,2,1,REvil
MALWARE_02075,10.0,7.4036,7,0,4,0,0,1,1,52.31,7.5946,20,0.9622,56.16,4,1,WannaCry
MALWARE_01234,540.81,7.7489,5,0,5,0,0,1,1,56.32,7.9207,16,0.8552,72.49,2,1,REvil
BENIGN_02026,2259.95,3.3761,5,1,0,0,0,0,0,0.1,4.3286,0,0.0891,85.15,0,0,Benign
BENIGN_02219,20.0,5.6063,4,1,0,0,56,0,0,0.12,3.9161,0,0.05,77.2,0,0,Benign
BENIGN_00397,2591.27,3.697,3,1,0,1,56,0,0,0.11,4.4531,0,0.2548,109.2,0,0,Benign
MALWARE_02442,360.79,7.102,2,1,5,0,0,1,1,37.37,7.5245,16,0.7919,10.93,1,1,Maze
BENIGN_01065,2698.47,4.054,5,1,0,0,0,0,0,0.23,4.5125,0,0.1106,157.5,1,0,Benign
MALWARE_00581,768.64,7.4951,2,0,4,1,0,1,1,70.63,7.8259,21,0.6922,51.63,2,1,LockBit
BENIGN_02154,1277.27,5.5104,4,1,0,0,56,0,0,0.85,3.8658,0,0.1711,56.99,0,0,Benign
BENIGN_00819,2876.21,4.5162,3,1,2,0,56,0,0,0.28,4.2395,0,0.2832,106.61,0,0,Benign
BENIGN_01813,1785.93,4.1272,4,1,0,0,56,0,0,0.22,4.5663,0,0.163,15.0,0,0,Benign
MALWARE_00053,507.31,7.4235,7,0,5,0,0,1,1,44.61,7.8428,18,0.7974,43.09,2,1,WannaCry
BENIGN_01553,2375.66,5.7063,5,0,2,0,84,0,0,0.3,4.4079,0,0.0823,170.55,0,0,Benign
MALWARE_01548,481.71,7.4396,7,0,4,0,0,1,1,38.98,7.6371,18,0.8989,68.62,1,1,LockBit
BENIGN_00817,1929.45,3.8003,3,1,0,0,56,0,0,0.39,4.1678,0,0.1836,36.44,0,0,Benign
BENIGN_01573,2535.71,5.282,4,1,1,0,56,0,0,0.27,5.6044,0,0.0789,61.66,0,0,Benign
MALWARE_02053,1348.6,7.3435,2,0,4,0,0,1,0,33.99,7.7174,14,0.8844,51.49,2,1,Ryuk
BENIGN_01801,803.29,5.1294,5,1,2,0,56,0,0,0.01,4.3332,0,0.0709,102.53,0,0,Benign
MALWARE_01788,10.0,7.9783,5,0,5,0,0,1,1,52.9,7.8618,7,0.8723,34.44,2,1,REvil
BENIGN_00382,631.16,4.007,4,1,0,0,56,0,0,0.44,4.7524,0,0.05,15.0,0,0,Benign
MALWARE_00375,520.21,7.8433,2,0,6,0,0,1,1,65.58,7.4474,23,0.8342,23.38,1,1,LockBit
MALWARE_01848,10.0,7.1437,5,0,0,1,0,0,1,63.96,7.5086,22,0.9534,13.12,1,1,REvil
MALWARE_02127,662.72,7.3952,2,0,4,1,0,1,1,38.61,7.7554,21,0.9529,47.93,1,1,Cerber
MALWARE_01004,99.99,7.3314,7,0,8,1,0,0,1,55.23,7.99,20,0.8519,52.67,1,1,Cerber
BENIGN_02312,1495.06,3.9056,4,1,1,0,84,0,0,0.22,4.012,0,0.0887,178.12,0,0,Benign
BENIGN_01781,3021.11,4.7905,5,1,0,0,0,0,0,0.45,4.8767,0,0.2579,177.71,1,0,Benign
MALWARE_00227,389.78,7.7557,9,0,8,2,28,1,1,47.02,7.7814,10,0.9767,43.19,1,1,REvil
BENIGN_02438,275.55,5.4277,3,1,1,0,0,0,0,0.16,4.1997,0,0.1988,95.08,0,0,Benign
BENIGN_02334,738.96,4.0401,4,1,1,0,56,0,0,0.03,3.5489,0,0.1155,164.49,0,0,Benign
BENIGN_00865,759.98,4.4282,4,1,0,0,0,0,0,0.27,4.0445,0,0.16,78.59,1,0,Benign
MALWARE_01139,345.44,7.1355,2,0,4,0,0,1,1,42.84,7.99,15,0.8198,46.22,1,1,WannaCry
MALWARE_00665,227.39,7.8467,7,0,6,1,56,1,1,52.03,7.9542,23,0.8467,27.0,1,1,Ryuk
BENIGN_00555,2582.24,4.4267,6,1,0,0,56,0,0,0.01,3.8227,0,0.2963,145.87,0,0,Benign
BENIGN_01160,2172.22,5.9521,5,1,0,1,0,0,0,0.66,4.4115,0,0.2113,98.85,1,0,Benign
BENIGN_01214,1124.03,4.907,4,1,2,0,56,0,0,0.06,3.0604,0,0.05,105.32,0,0,Benign
MALWARE_01261,528.62,7.3646,7,0,1,0,0,1,1,34.4,7.3036,22,0.9849,42.87,4,1,Ryuk
MALWARE_01714,453.89,7.0852,9,0,6,0,0,1,1,48.94,7.99,25,0.8844,60.26,2,1,REvil
BENIGN_00049,2385.06,5.4173,5,1,0,0,112,0,0,0.67,4.4227,0,0.1017,124.33,0,0,Benign
BENIGN_02368,1036.55,5.2914,6,1,1,0,0,0,0,0.13,4.3405,0,0.2676,173.15,0,0,Benign
BENIGN_00701,1558.19,3.8732,3,1,1,1,84,0,0,0.01,4.0785,0,0.164,143.41,0,0,Benign
BENIGN_00653,920.08,4.0836,5,1,0,0,84,0,0,0.1,4.9059,0,0.1033,65.71,0,0,Benign
MALWARE_01434,249.33,7.4923,2,0,5,1,0,1,0,32.19,7.8107,21,0.9579,53.51,2,1,Maze
MALWARE_01910,854.75,7.1781,5,0,3,0,0,1,1,45.28,7.8436,16,0.7721,8.08,2,1,LockBit
MALWARE_00812,504.09,7.7696,9,0,4,1,0,1,1,55.56,7.6244,19,0.921,32.43,3,1,WannaCry
BENIGN_00749,1618.8,5.1767,5,1,0,0,56,0,0,0.06,4.5063,0,0.1661,146.52,0,0,Benign
BENIGN_01456,2267.41,5.1341,4,0,0,0,84,0,0,0.01,5.0886,0,0.1652,92.24,1,0,Benign
MALWARE_01696,465.74,7.8448,7,0,6,1,0,1,1,37.7,7.5188,22,0.8128,56.99,2,1,Ryuk
BENIGN_02390,1507.96,4.7608,6,1,0,0,112,0,0,0.19,4.9398,0,0.1793,197.57,0,0,Benign
MALWARE_00995,1013.16,7.6091,5,0,4,0,0,1,1,35.6,7.9498,23,0.7361,68.46,1,1,LockBit
BENIGN_00867,1882.43,3.6483,6,1,0,0,56,0,0,0.45,3.9928,0,0.133,84.62,0,0,Benign
BENIGN_00753,121.36,4.9919,6,1,0,0,56,0,0,0.06,4.3243,0,0.1309,193.91,0,0,Benign
BENIGN_01645,3213.36,6.2584,5,1,0,0,56,0,0,0.04,4.664,0,0.1161,57.05,0,0,Benign
BENIGN_00093,250.55,6.4014,5,1,2,0,56,0,0,0.05,5.0859,0,0.2604,88.72,0,0,Benign
MALWARE_02325,1042.37,7.6424,2,0,8,1,56,1,1,52.48,7.7692,10,0.9093,64.87,2,1,WannaCry
MALWARE_00602,939.09,7.328,2,0,6,0,0,1,1,40.8,7.647,22,0.8285,45.29,1,1,REvil
BENIGN_02433,1700.43,4.9075,6,0,2,0,84,0,0,0.01,4.5982,0,0.0956,56.67,0,0,Benign
MALWARE_00130,498.03,7.5069,5,0,4,0,0,1,1,35.84,7.7181,14,0.9638,42.61,1,1,Cerber
BENIGN_01491,1232.76,3.761,5,1,0,0,112,0,0,0.11,4.8086,0,0.2508,54.6,0,0,Benign
MALWARE_00396,1269.87,7.4949,5,0,3,0,0,1,1,26.86,7.9615,24,0.8281,30.78,1,1,LockBit
BENIGN_02178,1686.13,5.5514,5,1,0,0,0,0,0,0.21,5.0399,0,0.1065,121.5,0,0,Benign
BENIGN_00730,616.18,5.1489,5,1,0,0,56,0,0,0.04,4.5594,0,0.1883,91.14,0,0,Benign
MALWARE_02260,927.66,7.6259,5,0,2,1,28,1,1,77.66,7.3378,18,0.8107,24.94,2,1,LockBit
BENIGN_02472,487.23,5.0858,5,1,0,1,0,0,0,0.42,4.1732,0,0.2301,108.58,0,0,Benign
BENIGN_02243,1647.87,5.7524,5,1,1,0,0,0,0,0.14,4.6381,0,0.2148,97.17,0,0,Benign
BENIGN_01937,763.8,4.1627,4,1,0,0,84,0,0,0.05,4.2669,0,0.0693,18.86,0,0,Benign
BENIGN_01746,20.0,4.5898,4,1,0,0,0,0,0,0.45,3.5308,0,0.1192,52.54,0,0,Benign
MALWARE_02247,545.64,7.599,5,0,4,1,0,1,1,53.73,7.762,18,0.8422,58.13,1,1,Cerber
MALWARE_01874,828.51,7.2832,7,0,3,1,0,1,1,35.22,7.7151,17,0.7411,82.65,1,1,Ryuk
MALWARE_00992,377.25,7.4729,7,0,1,0,0,0,1,36.48,7.9474,14,0.8883,41.72,1,1,Maze
BENIGN_01111,978.44,4.72,5,1,0,0,0,0,0,0.03,5.8631,0,0.05,152.2,0,0,Benign
MALWARE_00838,1094.67,7.5515,7,0,3,0,0,1,1,64.83,7.682,13,0.8923,34.76,2,1,WannaCry
MALWARE_01533,538.88,7.6651,5,0,2,0,0,1,1,26.31,7.592,12,0.8864,38.45,1,1,LockBit
MALWARE_01972,436.66,7.2925,5,0,7,0,0,1,1,32.27,7.5926,15,0.7958,58.22,1,1,Maze
MALWARE_01658,128.56,7.4776,2,0,2,0,0,1,1,56.14,7.5418,21,0.9005,50.66,3,1,Ryuk
BENIGN_00347,1420.02,3.5235,4,1,0,0,0,0,0,0.14,3.609,0,0.1659,116.05,0,0,Benign
BENIGN_01186,1075.15,4.7731,5,1,0,0,84,0,0,0.03,4.1312,0,0.1178,157.26,0,0,Benign
MALWARE_01507,376.77,7.4737,9,0,5,1,0,1,1,25.13,7.6197,19,0.7867,48.97,3,1,WannaCry
BENIGN_01516,609.79,4.4931,6,0,2,0,0,0,1,0.08,4.3548,0,0.2622,141.41,1,0,Benign
MALWARE_02170,646.42,7.99,5,0,5,1,28,1,1,22.0,7.9315,18,0.9751,55.96,2,1,Maze
BENIGN_00579,1878.52,4.2377,3,1,1,0,56,0,0,0.23,3.5221,0,0.0841,179.55,0,0,Benign
BENIGN_01965,1330.19,4.7125,5,1,0,0,84,0,0,0.3,2.8691,0,0.1491,106.89,0,0,Benign
BENIGN_00076,1055.62,4.4032,6,0,2,0,84,0,0,0.03,4.0991,0,0.1058,151.65,0,0,Benign
BENIGN_01430,1329.36,4.7201,5,1,0,0,56,0,0,0.0,4.851,0,0.3285,102.38,0,0,Benign
MALWARE_01213,602.32,7.6238,5,0,4,1,0,1,1,31.09,7.6633,26,1.0,23.09,1,1,LockBit
MALWARE_01931,580.02,7.3134,5,0,6,1,0,1,1,34.2,7.6456,22,0.7861,9.9,2,1,Ryuk
MALWARE_00252,1154.77,7.6998,7,0,4,0,0,0,1,47.85,7.99,16,0.8856,41.6,3,1,WannaCry
MALWARE_02453,843.96,7.5061,7,0,2,1,0,1,1,31.12,7.6354,13,0.884,30.96,4,1,REvil
BENIGN_01847,1475.05,4.4673,5,1,1,0,56,0,0,0.05,5.615,0,0.1493,99.5,0,0,Benign
BENIGN_00132,1041.6,4.3585,5,1,0,0,56,0,0,0.23,5.7349,0,0.1,161.39,0,0,Benign
BENIGN_00179,1812.37,4.7174,3,1,0,0,56,0,0,0.0,4.5133,0,0.0847,129.58,0,0,Benign
MALWARE_00400,558.94,7.4224,2,0,3,0,28,1,1,31.68,7.566,17,0.9793,58.04,2,1,Ryuk
MALWARE_01967,438.09,7.5311,5,0,4,1,0,1,1,37.87,7.5387,19,0.8977,42.65,1,1,Maze
MALWARE_01695,731.2,7.6873,2,0,7,0,0,1,1,30.78,7.7449,26,0.713,69.72,1,1,Ryuk
MALWARE_00023,398.04,7.8341,9,0,6,1,0,1,1,41.08,7.6293,23,0.9114,22.15,3,1,Cerber
BENIGN_01843,1617.07,5.5979,5,1,0,0,56,0,0,0.16,4.0098,0,0.065,57.43,0,0,Benign
BENIGN_02099,975.8,5.311,5,1,1,0,56,0,0,0.16,4.2851,0,0.1257,42.84,1,0,Benign
MALWARE_01450,305.57,7.5646,5,0,3,0,0,0,1,78.9,7.873,23,0.9012,16.91,4,1,LockBit
BENIGN_02374,886.43,3.3127,4,1,1,0,0,0,0,0.12,4.9029,0,0.1907,121.62,1,0,Benign
BENIGN_00605,1276.52,4.7972,4,1,0,0,112,0,0,0.49,4.6245,0,0.2122,200.4,0,0,Benign
MALWARE_00128,630.42,7.1411,7,1,3,2,28,1,1,62.79,7.351,22,0.9445,91.48,3,1,Maze
BENIGN_00026,2524.43,6.5064,6,1,2,0,0,0,0,0.02,3.0287,0,0.1111,130.38,0,0,Benign
BENIGN_00659,811.59,4.0897,3,1,1,0,84,0,0,0.12,3.6758,0,0.2736,103.21,0,0,Benign
MALWARE_02478,690.09,7.2659,2,0,2,0,0,1,1,48.17,7.4237,21,0.9782,55.92,1,1,WannaCry
MALWARE_00818,537.1,7.7797,5,0,6,0,0,1,1,77.33,7.7075,23,0.7576,39.8,1,1,Maze
MALWARE_01369,429.28,7.5498,2,0,5,0,0,1,1,36.66,7.7398,19,0.8472,55.64,3,1,Ryuk
BENIGN_00174,193.95,4.1661,5,0,0,1,56,0,0,0.02,4.0152,0,0.2664,120.15,0,0,Benign
BENIGN_01612,992.73,4.5537,4,1,1,1,84,0,0,0.34,4.6164,0,0.05,123.51,0,0,Benign
BENIGN_00438,1188.37,4.5318,4,0,1,1,56,0,0,0.06,3.3954,0,0.0557,109.02,1,0,Benign
BENIGN_00332,1884.73,3.8005,5,1,0,0,84,0,0,0.03,3.5352,0,0.1009,84.51,0,0,Benign
MALWARE_00601,451.13,7.9036,2,0,2,0,0,1,1,27.14,7.661,20,1.0,14.69,4,1,Ryuk
BENIGN_01455,1247.55,5.5572,5,1,0,0,56,0,0,0.03,5.0542,0,0.245,162.83,0,0,Benign
BENIGN_00343,1970.92,4.7329,5,0,0,0,0,0,0,0.03,4.3867,0,0.05,220.76,0,0,Benign
MALWARE_00710,483.1,7.8978,7,0,2,0,0,0,1,34.38,7.888,24,0.9863,25.02,2,1,REvil
MALWARE_02077,418.34,7.6446,2,0,5,0,0,0,0,16.68,7.99,14,0.8062,24.95,2,1,Maze
BENIGN_01089,2457.99,4.4348,5,1,0,0,0,0,0,0.09,4.5905,0,0.1672,131.06,0,0,Benign
BENIGN_00480,2019.15,4.0218,6,1,1,0,56,0,0,0.15,4.444,0,0.1477,158.76,0,0,Benign
BENIGN_00728,1362.97,4.6108,4,0,0,0,56,0,0,0.22,3.4131,0,0.1614,70.09,0,0,Benign
MALWARE_01284,706.25,7.4517,7,0,2,0,0,1,0,74.22,7.99,21,0.7788,58.29,3,1,Maze
BENIGN_00977,1719.01,4.7834,5,0,2,0,56,0,0,0.35,4.4758,0,0.2231,126.68,0,0,Benign
MALWARE_01285,677.71,7.3113,5,1,6,0,0,1,0,48.91,7.4944,17,0.904,19.99,4,1,WannaCry
MALWARE_00478,741.36,7.3362,9,0,2,0,0,0,1,51.78,7.99,27,0.8886,64.57,3,1,Maze
BENIGN_01929,969.76,3.4135,4,0,0,0,84,0,0,0.02,4.0002,0,0.05,80.17,0,0,Benign
BENIGN_01469,1482.13,4.101,3,0,1,0,0,0,0,0.01,3.5581,0,0.2027,101.97,0,0,Benign
BENIGN_01225,2242.53,4.006,6,1,1,0,84,0,0,0.14,5.0788,0,0.2236,157.76,1,0,Benign
MALWARE_00357,691.95,7.99,5,0,3,1,0,0,1,72.88,7.3325,18,0.7551,42.99,2,1,Maze
BENIGN_01953,422.71,4.4477,5,1,0,0,56,0,0,0.05,4.2404,0,0.1575,69.28,0,0,Benign
MALWARE_02331,370.09,7.4353,2,0,2,0,0,1,1,33.57,7.792,22,0.8859,73.31,1,1,Maze
MALWARE_02001,768.8,7.3011,5,0,2,2,0,1,0,45.2,7.6002,19,0.9066,86.13,1,1,LockBit
BENIGN_01893,481.51,4.843,5,1,0,0,84,0,0,0.07,4.0949,0,0.1218,119.94,0,0,Benign
BENIGN_01300,1631.42,5.2884,4,0,0,0,0,0,0,0.64,4.0024,0,0.0774,67.84,0,0,Benign
MALWARE_00491,73.98,7.3573,7,0,5,2,0,0,1,37.73,7.8954,19,0.7755,68.41,1,1,LockBit
MALWARE_02100,643.84,7.5572,7,0,5,0,0,1,1,57.51,7.99,18,0.9206,65.19,3,1,REvil
BENIGN_00661,1449.29,5.1862,4,1,0,0,0,0,0,0.15,4.5426,0,0.2003,154.97,0,0,Benign
MALWARE_02078,878.39,7.99,9,0,2,0,0,1,1,20.74,7.8762,12,0.7428,8.0,1,1,Ryuk
MALWARE_01574,1075.07,7.3504,2,0,4,2,0,1,0,42.01,7.7703,12,1.0,10.22,1,1,Maze
MALWARE_00285,458.07,7.8668,2,0,3,1,0,1,1,16.54,7.9674,19,0.8873,47.26,2,1,WannaCry
MALWARE_02438,930.16,7.5303,7,0,2,1,28,1,1,62.07,7.4657,20,0.7657,39.44,2,1,Maze
MALWARE_01328,240.92,7.9536,7,0,3,1,0,1,1,40.67,7.9785,21,0.8857,59.7,3,1,WannaCry
MALWARE_00215,626.09,7.3294,5,0,3,0,0,1,1,33.05,7.9642,28,0.8251,49.03,1,1,LockBit
MALWARE_02158,914.44,7.378,5,1,7,0,28,1,1,50.85,7.4237,27,0.8211,50.36,3,1,Maze
BENIGN_00268,2523.57,5.8773,4,0,0,0,56,0,0,0.03,3.9154,0,0.05,148.62,0,0,Benign
MALWARE_01943,888.82,7.1243,2,0,1,0,0,1,1,46.83,7.543,19,0.8181,42.41,2,1,LockBit
MALWARE_02460,690.09,7.4481,7,0,4,1,0,1,1,26.63,7.3654,24,0.8233,78.9,1,1,Ryuk
MALWARE_00873,695.02,7.2119,2,0,5,0,0,1,1,79.81,7.4879,16,0.7483,25.4,4,1,Cerber
MALWARE_01096,759.95,7.0829,5,0,5,1,0,0,1,51.15,7.7026,22,0.8034,32.31,1,1,Cerber
MALWARE_01817,719.97,7.72,9,0,5,0,0,1,1,58.97,7.8326,16,0.6741,28.3,3,1,REvil
MALWARE_01223,350.07,7.9245,5,1,3,1,28,1,1,32.43,7.8415,22,0.8449,42.96,1,1,Ryuk
MALWARE_00907,517.76,7.99,7,0,6,1,0,1,1,46.6,7.6547,18,0.8126,57.15,1,1,REvil
BENIGN_01279,1032.41,4.5022,4,1,1,0,84,0,0,0.19,4.713,0,0.1928,136.34,0,0,Benign
MALWARE_02141,331.4,7.2469,7,0,2,0,0,1,1,33.32,7.7657,18,0.9982,28.67,1,1,Cerber
MALWARE_01418,878.73,7.1268,9,0,4,0,28,1,1,21.65,7.4178,15,0.849,45.24,1,1,LockBit
MALWARE_00179,560.98,7.7996,2,0,1,0,0,1,1,61.27,7.6143,18,0.8859,29.26,3,1,Cerber
BENIGN_01622,2152.24,5.592,5,1,0,0,0,0,0,0.08,5.1152,0,0.1708,71.36,0,0,Benign
MALWARE_01604,231.12,7.7671,9,0,1,0,0,1,0,26.47,7.8528,20,0.5821,72.13,1,1,Cerber
MALWARE_00358,998.67,7.7348,9,0,7,0,0,1,1,24.26,7.5308,15,0.9542,24.27,1,1,LockBit
BENIGN_01897,1152.3,5.4342,5,0,0,0,0,0,0,0.18,3.7195,0,0.2752,73.77,0,0,Benign
MALWARE_01425,240.36,7.8226,2,0,8,0,0,1,1,53.05,7.6592,12,0.7606,51.58,1,1,WannaCry
MALWARE_00515,581.61,7.3768,7,0,5,0,0,1,1,32.6,7.9203,27,0.89,66.18,4,1,REvil
MALWARE_01939,856.79,7.7247,2,1,5,0,0,1,1,44.8,7.6628,12,0.7606,8.0,3,1,Ryuk
BENIGN_00068,972.98,5.7194,4,1,1,0,56,0,0,0.34,3.7781,0,0.2006,168.63,0,0,Benign
BENIGN_02043,2012.7,3.3056,4,1,0,0,112,0,0,0.12,3.5563,0,0.151,149.0,1,0,Benign
MALWARE_00081,133.17,7.5741,5,0,1,0,28,0,1,34.31,7.1981,15,0.9814,51.78,1,1,LockBit
MALWARE_01283,407.2,7.99,9,0,7,0,0,1,1,19.47,7.7348,20,0.8876,70.66,2,1,LockBit
MALWARE_01291,762.38,7.6515,2,0,7,2,0,1,1,46.43,7.99,10,0.9989,72.89,4,1,REvil
BENIGN_00821,612.59,4.5852,6,1,1,0,0,0,0,0.17,3.8912,0,0.1615,163.46,0,0,Benign
BENIGN_01227,1767.16,4.4961,5,1,0,0,84,0,0,0.11,3.7091,0,0.141,81.77,0,0,Benign
MALWARE_00492,755.28,7.6083,5,0,3,1,0,1,1,27.66,7.4466,19,0.81,40.74,1,1,Maze
MALWARE_00633,787.65,7.7458,5,0,1,1,0,1,0,53.12,7.7337,20,0.8609,36.29,1,1,REvil
MALWARE_00244,886.04,7.99,7,0,2,0,0,1,0,27.87,7.99,18,0.9021,30.7,1,1,LockBit
MALWARE_01958,514.27,7.1162,9,0,7,2,28,0,1,52.16,7.9199,15,0.7866,36.7,3,1,WannaCry
MALWARE_01770,595.66,7.5588,2,0,4,1,0,1,1,32.85,7.5573,16,0.8975,44.7,1,1,Maze
MALWARE_00850,328.54,7.4213,7,0,5,2,0,1,1,37.63,7.5616,10,0.9457,55.92,1,1,Maze
BENIGN_01144,1750.69,5.952,5,1,0,0,84,0,0,0.24,4.8454,0,0.1524,123.28,1,0,Benign
BENIGN_00398,2249.98,3.8689,4,1,0,0,0,0,0,0.27,5.299,0,0.1554,19.0,0,0,Benign
MALWARE_00407,717.39,7.2201,7,0,9,1,0,1,0,32.92,7.99,18,0.8251,22.64,3,1,Cerber
MALWARE_01802,718.12,7.4693,7,0,3,0,0,1,1,65.77,7.8151,23,0.8138,87.68,1,1,Ryuk
MALWARE_00260,1222.62,7.725,7,0,3,2,28,1,1,42.43,7.99,20,0.8402,67.4,2,1,LockBit
BENIGN_01399,1698.99,4.5864,5,1,0,0,56,0,0,0.03,3.5067,0,0.05,171.35,0,0,Benign
BENIGN_01660,1968.65,5.1254,4,1,0,0,56,0,0,0.02,4.5971,0,0.343,75.77,0,0,Benign
BENIGN_00980,1134.64,6.2154,5,1,0,0,56,0,0,0.19,2.9903,0,0.1543,151.41,0,0,Benign
BENIGN_01299,2047.09,3.7708,4,1,0,0,0,0,0,0.49,4.7833,0,0.2422,67.93,0,0,Benign
MALWARE_01056,389.14,7.2772,2,0,5,1,0,1,1,44.46,7.8756,14,0.8209,64.47,1,1,WannaCry
BENIGN_00083,1793.68,4.3794,3,1,0,0,84,0,0,0.12,3.3312,0,0.05,142.0,0,0,Benign
MALWARE_02008,360.52,7.1249,9,0,4,0,0,0,1,82.99,7.9603,27,0.9017,57.49,2,1,REvil
BENIGN_02459,1196.74,4.8809,4,0,1,0,0,0,0,0.5,5.1594,0,0.1694,70.7,0,0,Benign
MALWARE_01240,436.91,7.8594,9,0,4,0,0,1,0,41.63,7.9657,19,0.646,42.0,1,1,LockBit
MALWARE_01282,418.18,7.6459,7,0,1,1,0,1,1,59.18,7.5687,27,0.8505,27.06,4,1,Ryuk
BENIGN_02289,2761.17,5.1956,3,0,0,0,56,0,0,0.02,4.2874,0,0.0895,126.56,0,0,Benign
BENIGN_00424,1983.03,3.6987,4,1,1,0,0,0,0,0.03,3.3297,0,0.2566,26.95,1,0,Benign
MALWARE_01840,539.0,7.702,7,0,3,0,0,1,1,33.52,7.5045,27,0.9114,33.39,3,1,LockBit
BENIGN_01905,803.03,4.3188,4,1,0,0,0,0,0,0.26,4.8016,0,0.05,70.3,0,0,Benign
MALWARE_02039,595.51,7.7123,5,0,4,1,28,1,1,47.86,7.5618,17,0.9253,71.27,1,1,LockBit
MALWARE_00853,579.16,7.1867,5,0,3,0,28,1,1,51.23,7.5911,21,0.9119,75.7,2,1,LockBit
MALWARE_00603,823.8,7.99,5,0,5,0,28,0,1,38.78,7.7528,13,0.9703,53.1,1,1,REvil
BENIGN_01566,582.46,3.9991,4,1,0,0,56,0,0,0.29,5.1602,0,0.276,193.07,0,0,Benign
MALWARE_00856,473.72,7.99,5,0,6,0,0,1,1,46.64,7.8895,21,1.0,48.64,2,1,Maze
BENIGN_00840,1102.68,5.2457,5,1,0,0,0,0,0,0.3,3.5451,0,0.1406,62.15,0,0,Benign
BENIGN_00501,1908.1,4.2805,6,0,0,0,84,0,0,0.16,4.1594,0,0.2453,113.77,0,0,Benign
BENIGN_00142,1576.0,4.5666,6,1,0,0,56,0,0,0.15,3.2621,0,0.0721,119.73,0,0,Benign
BENIGN_01378,1613.5,4.1177,6,1,0,0,56,0,0,0.84,3.627,0,0.1514,243.77,0,0,Benign
MALWARE_01198,550.18,7.5639,9,0,9,0,0,1,0,66.27,7.99,14,0.7073,21.92,1,1,LockBit
BENIGN_02145,1517.88,4.7002,5,1,2,0,112,0,0,0.34,4.1047,0,0.1299,208.16,0,0,Benign
BENIGN_01139,20.0,5.5368,5,0,0,0,56,0,0,0.02,1.7612,0,0.0609,31.07,0,0,Benign
MALWARE_00428,550.33,7.99,2,0,5,0,28,1,1,29.49,7.5542,20,0.759,60.51,1,1,Cerber
BENIGN_01788,1896.96,2.7747,4,1,0,0,84,0,0,0.18,4.5397,0,0.1279,173.77,1,0,Benign
MALWARE_00985,952.83,7.2902,7,0,2,0,0,1,1,56.21,7.8938,26,0.7628,28.05,2,1,WannaCry
BENIGN_00551,3146.25,3.6493,5,0,0,0,84,0,0,0.04,5.2209,0,0.1471,119.89,0,0,Benign
MALWARE_02407,600.07,7.7426,7,0,1,1,0,1,0,61.28,7.2757,22,0.8507,67.63,1,1,Cerber
BENIGN_02020,472.59,5.7132,4,1,0,0,56,0,0,0.23,5.0141,0,0.2326,136.95,1,0,Benign
BENIGN_00949,1665.34,4.6966,3,1,0,0,112,0,0,0.71,3.9258,0,0.168,204.84,0,0,Benign
MALWARE_00101,314.5,7.7777,9,0,2,1,0,1,1,77.94,7.8951,20,0.9311,44.76,2,1,Maze
BENIGN_00533,1614.74,5.4972,4,1,0,0,56,0,0,0.58,4.6267,0,0.05,52.84,0,0,Benign
BENIGN_01830,657.81,3.6699,4,1,0,0,56,0,0,0.7,4.3818,0,0.0654,129.4,0,0,Benign
MALWARE_00418,486.31,7.226,2,0,5,0,0,1,1,35.54,7.4766,16,0.7832,18.7,2,1,WannaCry
MALWARE_01919,757.7,7.7821,9,1,7,0,0,1,1,65.64,7.8314,18,0.8677,53.59,4,1,LockBit
MALWARE_01372,681.59,7.4099,5,0,4,0,0,1,0,35.06,7.2868,19,0.7224,53.28,1,1,Ryuk
BENIGN_01603,2003.54,4.795,5,1,0,0,56,0,0,0.02,4.709,0,0.1438,110.58,0,0,Benign
BENIGN_00640,89.41,4.1834,3,1,0,0,0,0,0,0.07,5.0606,0,0.05,146.99,0,0,Benign
MALWARE_02333,485.23,7.8078,2,0,2,2,0,1,1,27.13,7.9699,20,0.878,49.31,1,1,Maze
BENIGN_00968,978.19,5.4883,5,1,0,0,0,0,0,0.02,2.5396,0,0.0744,152.79,0,0,Benign
MALWARE_01738,446.25,7.6076,7,0,4,0,0,0,1,50.4,7.7516,19,0.8418,55.91,1,1,REvil
MALWARE_00198,287.82,7.2362,2,0,3,0,0,1,1,52.66,7.3338,16,0.8105,36.83,1,1,Ryuk
BENIGN_01684,2229.44,5.1408,5,1,0,0,0,0,0,0.12,5.3824,0,0.101,183.35,0,0,Benign
MALWARE_01971,960.44,7.3904,7,0,6,0,0,1,1,30.34,7.8357,19,0.832,60.33,1,1,Maze
BENIGN_02343,1805.5,5.835,4,0,0,0,112,0,0,0.27,3.7429,0,0.114,64.35,0,0,Benign
BENIGN_00156,1988.91,4.3019,4,1,0,0,0,0,0,0.71,4.3168,0,0.1324,16.61,0,0,Benign
BENIGN_02488,920.67,5.5549,5,0,0,0,56,0,0,0.16,4.1611,0,0.2291,157.1,0,0,Benign
MALWARE_02142,183.17,7.745,7,0,1,0,0,1,1,27.39,7.755,18,0.854,38.94,1,1,Cerber
BENIGN_01090,579.22,4.9285,5,1,1,0,112,0,0,0.0,5.1689,0,0.0778,103.35,0,0,Benign
MALWARE_00156,403.17,7.2918,7,0,6,0,28,1,1,22.41,7.8583,14,0.9306,27.4,3,1,Cerber
MALWARE_01741,331.65,7.688,5,1,5,0,0,1,0,50.28,7.5044,28,0.7704,38.15,4,1,Cerber
BENIGN_00289,2771.87,5.2593,4,1,0,0,84,0,0,0.09,3.9755,0,0.1376,158.31,0,0,Benign
BENIGN_00931,20.0,4.4137,6,1,1,0,0,0,0,0.83,4.7583,0,0.0971,91.24,0,0,Benign
MALWARE_00036,321.82,6.9601,5,0,5,0,28,1,1,39.03,7.6566,17,0.9943,64.12,4,1,WannaCry
MALWARE_01529,792.58,7.5803,9,0,4,0,28,1,0,63.2,7.811,17,0.8092,76.47,1,1,LockBit
MALWARE_00872,616.57,7.8287,5,0,3,0,56,1,1,43.08,7.6152,26,0.6724,60.5,2,1,REvil
MALWARE_02122,595.2,7.7593,7,0,4,1,28,1,1,48.54,7.7388,20,0.9237,8.0,1,1,Maze
MALWARE_00792,628.85,7.0665,5,0,2,0,28,1,0,45.81,7.8173,16,0.8658,25.76,1,1,LockBit
BENIGN_00943,1554.9,5.6498,4,1,0,0,84,0,0,0.22,3.813,0,0.2135,82.23,0,0,Benign
MALWARE_01360,403.66,7.2775,5,0,5,1,0,1,1,52.7,7.57,17,0.798,45.04,3,1,Ryuk
MALWARE_02163,897.2,7.3926,7,0,5,0,0,1,1,52.77,7.6172,24,1.0,28.39,1,1,Maze
BENIGN_01699,972.46,4.8032,4,1,0,0,112,0,0,0.22,4.763,0,0.1668,172.52,0,0,Benign
MALWARE_02209,981.08,7.7886,7,0,4,2,0,1,1,24.39,7.6304,23,0.9067,49.48,3,1,REvil
MALWARE_00701,914.83,7.6945,2,0,1,0,0,0,1,42.08,7.6776,20,0.784,60.03,1,1,LockBit
MALWARE_02102,849.84,7.99,7,0,5,0,0,1,1,53.46,7.3966,16,0.9046,48.0,1,1,Ryuk
MALWARE_02109,902.55,7.8265,5,0,2,1,0,1,1,42.61,7.7406,11,0.9522,51.41,1,1,Maze
BENIGN_00986,1245.84,4.8275,3,1,1,0,56,0,0,0.28,3.8147,0,0.1315,102.9,0,0,Benign
MALWARE_00819,1218.24,7.468,7,0,9,0,28,1,1,33.19,7.99,24,1.0,18.14,2,1,LockBit
MALWARE_00368,461.26,7.3686,9,0,1,0,0,1,1,58.73,7.3811,17,0.7233,53.97,2,1,REvil
MALWARE_01557,457.85,7.4919,7,0,1,0,0,1,1,53.41,7.6927,18,0.849,62.63,1,1,WannaCry
MALWARE_02278,720.51,7.8139,5,0,4,1,0,1,1,40.88,7.816,18,0.791,65.64,2,1,Maze
BENIGN_00982,2874.75,3.7774,4,1,1,0,84,0,0,0.16,3.5098,0,0.1417,56.13,1,0,Benign
BENIGN_02493,647.9,5.8065,5,1,0,0,56,0,0,0.31,4.1912,0,0.0797,190.07,0,0,Benign
MALWARE_01293,689.36,7.7414,2,0,6,1,28,1,1,21.06,7.4432,15,0.9478,60.48,3,1,Maze
MALWARE_01049,498.95,7.7794,7,0,3,0,0,1,0,43.19,7.2292,18,0.9719,26.78,1,1,LockBit
MALWARE_00443,594.46,7.4267,7,0,7,1,0,1,0,35.43,7.4414,12,0.8193,67.44,1,1,Ryuk
MALWARE_01028,283.15,7.7791,7,0,6,0,0,1,0,64.18,7.6388,18,1.0,72.35,2,1,LockBit
MALWARE_01346,365.86,7.5005,7,1,3,0,56,1,1,63.14,7.4323,18,0.8304,50.17,1,1,REvil
BENIGN_01458,1988.39,4.3983,5,1,2,0,0,0,0,0.04,4.3861,0,0.1273,150.64,0,0,Benign
BENIGN_01396,2521.56,3.8939,4,1,1,0,56,0,0,0.19,4.9655,0,0.2035,174.71,0,0,Benign
BENIGN_00265,1198.36,4.5203,5,1,0,0,84,0,0,0.05,5.253,0,0.1515,131.26,0,0,Benign
MALWARE_01596,858.2,7.7193,7,1,2,1,28,1,1,45.51,7.4294,19,0.9527,40.81,2,1,Cerber
BENIGN_00930,2233.25,4.6765,4,0,1,0,0,0,0,0.72,4.8202,0,0.05,167.35,0,0,Benign
MALWARE_02372,348.73,7.556,2,0,5,0,0,1,0,29.75,7.5636,32,0.6496,53.59,1,1,Cerber
MALWARE_00193,605.63,7.9341,7,0,3,0,0,1,1,25.72,7.6491,20,0.7558,30.7,1,1,Cerber
BENIGN_00247,1826.89,4.5538,4,1,0,0,84,0,0,0.28,4.1149,0,0.0553,84.27,0,0,Benign
MALWARE_01090,1019.21,6.7635,9,0,11,1,0,0,1,20.21,7.8709,24,0.8782,59.73,1,1,Ryuk
BENIGN_01759,1313.2,5.4593,5,1,0,0,56,0,0,0.0,3.6552,0,0.1778,145.99,0,0,Benign
MALWARE_02366,834.93,7.8223,9,1,7,1,0,1,1,51.66,7.9218,21,0.9921,25.32,1,1,Ryuk
MALWARE_00311,854.22,7.5268,7,0,7,0,56,1,1,45.64,7.6195,17,0.846,50.39,1,1,LockBit
BENIGN_00924,1661.12,5.2044,5,1,0,0,84,0,0,0.0,4.1883,0,0.1152,46.1,1,0,Benign
MALWARE_00381,761.67,7.2586,2,0,1,0,0,1,1,80.06,7.5941,15,0.8812,62.63,1,1,REvil
BENIGN_00269,20.0,5.8091,4,1,0,0,84,0,0,0.1,4.8292,0,0.2824,95.82,0,0,Benign
BENIGN_00670,1985.83,4.7028,5,1,0,0,84,0,0,1.08,5.0752,0,0.1268,142.21,0,0,Benign
MALWARE_01976,483.74,7.7695,7,0,6,0,0,1,1,38.18,7.7833,17,0.8723,41.71,1,1,WannaCry
BENIGN_01911,1837.94,3.855,4,1,0,0,56,0,0,0.04,3.9512,0,0.1754,128.35,0,0,Benign
MALWARE_00486,1418.68,7.8395,5,0,4,0,0,1,1,39.13,7.9378,21,0.8023,58.35,1,1,LockBit
BENIGN_01153,2407.75,5.287,4,0,1,0,0,0,0,0.44,5.7253,0,0.05,108.39,0,0,Benign
MALWARE_02318,187.04,7.7084,9,0,3,1,28,1,0,17.21,7.2476,25,0.6722,62.91,1,1,REvil
MALWARE_00956,528.7,7.4249,2,0,2,2,0,1,1,55.93,7.6365,14,0.9816,37.82,3,1,LockBit
MALWARE_01742,834.08,7.4223,7,0,5,1,0,1,1,37.61,7.6452,16,0.8532,81.64,2,1,WannaCry
MALWARE_02050,1099.77,7.8299,2,0,5,0,0,1,1,57.16,7.4449,19,0.8271,51.76,2,1,Ryuk
BENIGN_02173,1606.79,4.3869,5,1,1,1,0,0,0,0.07,4.4525,0,0.1439,59.72,0,0,Benign
MALWARE_02016,972.58,7.99,9,0,1,0,0,1,1,46.66,7.4681,13,0.8838,40.7,1,1,Cerber
BENIGN_01916,1036.53,4.7664,5,1,0,0,56,0,0,0.01,4.1897,0,0.05,78.88,0,0,Benign
BENIGN_00613,3097.82,4.0142,4,1,0,0,56,0,0,0.09,4.068,0,0.1398,125.13,0,0,Benign
BENIGN_02407,1664.57,5.2483,4,1,0,0,84,0,0,0.41,4.0884,0,0.1301,136.86,0,0,Benign
MALWARE_01706,686.26,7.99,9,0,5,0,0,0,1,50.98,7.7053,15,0.6893,67.04,1,1,Maze
BENIGN_01899,1270.41,4.7647,3,1,0,0,56,0,0,0.61,5.0846,0,0.1618,130.98,0,0,Benign
BENIGN_01650,429.33,6.2339,3,1,0,0,56,0,0,0.11,5.0434,0,0.1111,141.4,0,0,Benign
MALWARE_00108,152.37,7.8076,9,0,4,0,0,1,0,34.32,7.29,19,0.8653,78.7,3,1,LockBit
BENIGN_00259,595.84,6.7293,4,0,0,0,56,0,0,0.01,4.454,0,0.3165,32.78,1,0,Benign
BENIGN_00848,1216.91,6.0512,5,1,0,0,56,0,0,0.09,4.6813,0,0.1155,108.07,0,0,Benign
MALWARE_01752,425.45,7.99,7,0,1,0,0,1,1,69.45,7.7206,21,0.9976,62.43,1,1,Maze
BENIGN_01234,2233.34,4.2529,5,1,0,0,56,0,0,0.33,3.1047,0,0.2044,172.87,0,0,Benign
BENIGN_01128,2154.84,4.5303,6,1,1,0,56,0,0,0.14,4.121,0,0.1874,201.76,0,0,Benign
BENIGN_01968,1132.71,5.2085,4,1,0,1,56,0,0,0.03,4.3475,0,0.2022,184.77,0,0,Benign
BENIGN_00559,36.25,5.2928,4,1,1,0,84,0,0,0.16,3.6684,0,0.1234,155.16,0,0,Benign
MALWARE_01406,626.17,7.7232,9,0,4,0,0,1,0,69.86,7.7454,21,0.8843,39.89,1,1,Cerber
BENIGN_00485,1647.04,4.4685,5,0,0,0,84,0,0,0.13,4.099,0,0.1239,139.52,0,0,Benign
BENIGN_01321,1211.44,4.6243,4,1,1,0,0,0,0,0.1,3.2571,0,0.05,100.44,0,0,Benign
MALWARE_00905,107.53,7.4281,5,0,6,0,0,1,1,32.89,7.5922,16,0.8767,8.0,3,1,Maze
BENIGN_00008,20.0,4.3725,5,1,0,0,0,0,0,0.33,3.303,0,0.2232,136.44,0,0,Benign
MALWARE_00780,669.1,7.427,5,1,4,0,0,1,1,36.97,7.6333,16,0.7328,32.79,3,1,LockBit
MALWARE_00690,826.67,7.2634,9,0,3,0,0,1,1,35.62,7.8026,19,0.9757,50.9,1,1,LockBit
BENIGN_01451,1766.4,5.0613,5,1,0,0,84,0,0,0.15,3.9258,0,0.1708,27.9,1,0,Benign
MALWARE_01481,586.85,7.515,5,0,5,1,0,1,1,54.14,7.7453,15,1.0,54.03,2,1,LockBit
BENIGN_01815,2107.32,6.055,6,1,0,0,84,0,0,0.21,4.2491,0,0.1761,195.61,0,0,Benign
BENIGN_00774,2683.59,3.7315,5,1,1,0,112,0,0,0.32,3.7986,0,0.2147,113.52,0,0,Benign
BENIGN_01012,1868.26,4.3999,5,1,0,0,56,0,0,0.59,4.5192,0,0.1687,146.72,0,0,Benign
MALWARE_00319,435.43,7.9451,5,0,2,0,0,1,1,56.46,7.651,15,0.871,70.47,1,1,REvil
MALWARE_00776,1057.84,7.3588,5,0,3,0,28,0,1,49.66,7.751,19,0.7516,28.2,2,1,Maze
BENIGN_01992,1172.24,4.4445,6,1,0,0,56,0,0,0.15,4.3787,0,0.0529,188.88,0,0,Benign
BENIGN_01278,2475.41,5.3885,6,1,0,0,56,0,0,0.06,3.8579,0,0.1489,80.88,0,0,Benign
BENIGN_01784,1807.39,3.8433,5,1,0,0,0,0,0,0.1,4.2801,0,0.0937,147.86,1,0,Benign
MALWARE_00606,613.22,7.5818,7,0,3,1,0,1,1,23.72,7.9412,14,0.8567,42.26,1,1,LockBit
BENIGN_00447,565.88,4.8073,4,1,0,0,0,0,0,0.25,3.8979,0,0.138,81.69,0,0,Benign
BENIGN_00881,1868.0,6.1802,3,1,0,0,56,0,0,0.28,3.6637,0,0.0617,45.49,0,0,Benign
MALWARE_01960,67.93,7.2649,9,0,2,0,0,1,0,27.03,7.7328,20,0.8124,8.0,2,1,Cerber
BENIGN_00782,1958.76,4.0568,5,1,0,0,56,0,0,0.1,4.8793,0,0.0647,35.81,0,0,Benign
BENIGN_01750,20.0,4.2715,6,1,0,0,84,0,0,0.2,4.0444,0,0.124,179.76,0,0,Benign
MALWARE_00889,554.01,7.7391,5,0,5,1,28,1,1,68.42,7.8546,17,0.6172,65.4,2,1,Maze
MALWARE_02382,740.39,7.2909,7,0,4,0,0,1,1,47.63,7.9057,22,1.0,71.84,1,1,WannaCry
BENIGN_00884,418.63,4.6173,6,0,0,0,0,0,0,0.15,4.5695,0,0.1973,112.18,0,0,Benign
MALWARE_00445,290.32,7.2581,7,0,3,1,0,1,1,41.47,7.6515,16,0.8443,48.94,2,1,WannaCry
BENIGN_01092,1362.09,4.8787,4,1,2,0,84,0,0,0.58,3.752,0,0.205,41.14,0,0,Benign
MALWARE_02284,1243.71,7.5368,7,0,3,0,0,1,1,67.81,7.744,21,0.8817,27.75,1,1,Cerber
BENIGN_00532,1007.41,5.3797,4,1,0,0,0,0,0,0.05,4.4691,0,0.05,125.42,1,0,Benign
MALWARE_01523,731.73,7.99,7,0,5,0,0,0,1,64.36,7.5616,12,0.8893,79.78,1,1,Cerber
MALWARE_01922,447.1,7.8703,5,0,5,1,0,1,1,33.62,7.717,21,0.7278,49.29,1,1,Ryuk
MALWARE_01599,457.04,7.3136,5,0,5,0,28,1,0,39.69,7.6889,17,0.6759,8.0,4,1,REvil
BENIGN_01728,2845.07,2.6622,5,1,0,0,56,0,0,0.13,3.5484,0,0.058,45.39,0,0,Benign
BENIGN_00611,2464.65,4.0506,5,1,1,0,56,0,0,0.24,4.5352,0,0.1375,137.15,0,0,Benign
BENIGN_00571,1141.92,5.3215,4,0,0,0,0,0,0,0.02,4.609,0,0.227,58.69,0,0,Benign
MALWARE_00172,587.4,7.1033,2,0,7,0,28,0,1,42.79,7.2651,20,0.7284,73.56,1,1,REvil
MALWARE_01219,894.09,7.7766,2,0,5,0,0,1,1,40.21,7.6097,15,0.8861,31.39,2,1,Cerber
BENIGN_00344,2532.52,5.9664,6,1,2,0,56,0,0,0.18,3.3023,0,0.4022,63.83,0,0,Benign
MALWARE_00501,317.59,7.9158,2,0,6,0,28,1,1,54.28,7.6501,19,0.974,59.01,3,1,WannaCry
MALWARE_00640,512.16,7.0273,9,0,5,1,0,1,1,43.49,7.5544,21,0.5437,30.65,2,1,REvil
BENIGN_00435,511.09,5.8035,6,0,0,0,84,0,0,0.69,4.3395,0,0.2221,96.54,0,0,Benign
BENIGN_01904,2737.16,4.1039,5,1,0,0,0,0,0,0.11,5.1319,0,0.2281,179.54,0,0,Benign
MALWARE_01305,476.13,7.99,9,0,7,2,0,1,1,47.32,7.4615,16,0.9638,41.45,2,1,Cerber
MALWARE_02277,617.0,7.1337,7,0,3,0,0,1,1,58.64,7.6294,20,0.8157,30.83,1,1,LockBit
BENIGN_02070,1526.28,3.8532,4,1,1,0,0,0,0,0.5,4.3624,0,0.05,144.35,0,0,Benign
BENIGN_01538,2402.34,5.3553,5,1,0,1,84,0,0,0.17,3.7336,0,0.1286,15.0,0,0,Benign
BENIGN_02253,44.33,4.6725,6,1,0,0,56,0,0,0.29,4.9048,0,0.087,147.23,0,0,Benign
BENIGN_02347,920.41,5.7521,4,1,0,0,56,0,0,0.52,5.2225,0,0.2242,175.64,0,0,Benign
BENIGN_01518,1762.83,5.218,5,1,0,0,112,0,0,0.04,3.9889,0,0.0541,157.48,1,0,Benign
BENIGN_00966,1466.13,3.8674,3,1,1,0,0,0,0,0.26,5.3141,0,0.0523,244.91,0,0,Benign
MALWARE_01907,1069.17,7.8002,7,0,5,1,0,1,1,63.8,7.7208,17,0.7444,19.58,2,1,WannaCry
BENIGN_00529,1941.57,4.5247,5,1,0,0,56,0,0,0.22,3.335,0,0.2161,78.84,0,0,Benign
BENIGN_00177,1813.93,4.3928,4,1,0,0,56,0,0,0.28,3.8243,0,0.1512,167.75,0,0,Benign
MALWARE_00983,277.55,7.198,9,0,0,0,0,0,0,38.07,7.7261,15,0.7912,56.1,2,1,Ryuk
MALWARE_00044,1041.47,7.6125,2,0,5,0,0,0,0,36.65,7.7341,11,0.9332,15.88,2,1,Ryuk
MALWARE_02436,782.69,7.2155,9,0,8,0,0,1,1,53.75,7.734,16,0.8915,39.05,3,1,Cerber
BENIGN_00573,627.81,4.6862,3,1,0,0,0,0,0,0.06,3.964,0,0.089,81.98,0,0,Benign
BENIGN_02300,744.03,4.4126,5,1,1,0,84,0,0,0.24,4.5043,0,0.1749,126.82,0,0,Benign
MALWARE_01009,499.72,7.2766,2,0,2,0,0,1,1,30.58,7.3925,23,0.7769,44.27,1,1,REvil
BENIGN_02460,1244.39,3.8225,5,0,0,0,56,0,0,0.07,3.3966,0,0.05,70.08,1,0,Benign
MALWARE_01110,667.82,7.7725,7,0,5,1,0,1,1,39.81,7.5279,20,1.0,49.13,3,1,REvil
MALWARE_02055,850.04,7.3295,2,0,5,1,0,1,1,55.04,7.6462,18,0.8471,49.85,2,1,Cerber
BENIGN_02209,1566.84,3.7208,4,1,0,0,84,0,0,0.35,3.3842,0,0.0523,55.22,0,0,Benign
MALWARE_02221,522.1,7.2291,7,0,5,0,0,1,1,57.21,7.7687,20,0.789,33.4,1,1,REvil
MALWARE_00256,456.81,7.7308,7,0,2,2,56,1,1,60.51,7.7489,17,0.9552,13.05,2,1,LockBit
BENIGN_00384,890.92,4.9604,5,1,0,0,0,0,0,0.37,4.0085,0,0.2514,134.44,0,0,Benign
BENIGN_00853,734.34,5.4917,3,1,0,0,0,0,0,0.02,5.1677,0,0.2257,166.73,0,0,Benign
BENIGN_01881,718.74,5.0963,4,1,0,0,0,0,0,0.02,5.5823,0,0.1931,40.3,0,0,Benign
BENIGN_00371,840.57,5.3466,5,1,1,0,0,0,0,0.02,3.8601,0,0.0604,160.72,0,0,Benign
BENIGN_02379,2270.07,4.2238,5,1,0,0,56,0,0,0.19,5.2333,0,0.0533,38.44,0,0,Benign
MALWARE_01824,1047.48,7.3694,9,0,4,1,28,1,1,41.48,7.99,12,0.9521,26.12,1,1,WannaCry
BENIGN_01106,1786.64,3.8964,6,1,0,0,56,0,0,0.08,3.752,0,0.2451,207.81,0,0,Benign
MALWARE_00914,1350.87,7.3706,2,0,5,0,0,1,1,31.13,7.7819,11,0.8994,47.17,2,1,LockBit
MALWARE_01447,1059.94,7.505,7,0,2,2,28,1,0,67.93,7.7417,20,0.8991,36.84,3,1,Cerber
BENIGN_01337,890.27,2.9526,3,1,0,0,56,0,0,0.1,4.3162,0,0.05,117.4,0,0,Benign
BENIGN_02190,1200.54,4.4152,5,1,1,0,0,0,0,0.16,5.663,0,0.1268,78.37,0,0,Benign
MALWARE_02095,10.0,7.6356,7,0,2,0,28,1,1,67.44,7.7037,25,0.9711,9.81,3,1,LockBit
BENIGN_02320,1782.85,4.2604,6,1,1,0,0,0,0,0.37,3.9582,0,0.2097,109.69,0,0,Benign
MALWARE_02206,1223.45,7.4118,5,0,0,1,56,1,1,45.13,7.6352,24,0.8031,44.98,2,1,REvil
MALWARE_01211,1007.61,7.8995,5,0,5,0,0,1,1,50.39,7.8642,14,0.8681,23.04,1,1,Maze
MALWARE_02349,668.76,7.2597,5,0,3,1,0,1,1,54.65,7.4372,19,0.9884,37.42,2,1,REvil
BENIGN_01172,1000.9,5.1538,4,1,0,0,56,0,0,0.06,3.1266,0,0.1853,15.0,0,0,Benign
MALWARE_01826,1057.52,7.9756,5,0,7,1,28,1,1,42.71,7.7518,20,0.8922,73.68,1,1,Maze
MALWARE_00195,199.37,7.99,7,0,8,0,0,1,1,47.2,7.7668,16,0.8364,68.55,2,1,REvil
BENIGN_01423,1815.86,4.3791,6,1,1,0,56,0,0,0.01,3.4945,0,0.138,93.03,0,0,Benign
BENIGN_02342,2139.92,3.8964,4,0,0,0,56,0,0,0.45,4.4884,0,0.1691,78.96,0,0,Benign
MALWARE_00152,536.31,7.2691,7,1,8,1,0,1,1,34.15,7.866,13,0.9494,76.24,2,1,REvil
MALWARE_01656,625.07,7.2656,7,0,4,1,0,1,1,57.78,7.7546,15,0.7946,22.97,2,1,Maze
BENIGN_01465,2342.65,6.5041,5,0,3,1,84,0,0,0.02,5.0159,0,0.1464,75.69,0,0,Benign
BENIGN_00875,2286.99,4.6137,5,1,0,0,56,0,0,0.05,4.3699,0,0.1418,15.0,0,0,Benign
MALWARE_00840,799.48,7.1832,9,0,2,1,0,1,1,21.36,7.519,24,1.0,24.06,1,1,Maze
MALWARE_01841,244.17,7.445,5,0,3,0,0,1,1,5.0,7.4832,21,0.7696,37.47,1,1,LockBit
BENIGN_01252,1490.73,4.7377,5,1,1,0,56,0,0,0.05,4.2677,0,0.2714,38.45,0,0,Benign
BENIGN_02349,481.21,4.5319,3,1,2,0,0,0,0,0.01,4.2647,0,0.2403,152.35,0,0,Benign
BENIGN_00841,2443.24,3.6473,3,1,0,0,56,0,0,0.37,4.124,0,0.1059,49.03,1,0,Benign
MALWARE_02069,126.96,7.4029,7,0,3,1,0,1,1,63.98,7.6588,17,0.9038,44.16,3,1,REvil
BENIGN_00582,251.6,3.9641,4,1,0,0,84,0,0,0.04,5.2704,0,0.1732,156.98,0,0,Benign
BENIGN_00205,698.02,3.9186,4,1,0,0,56,0,0,0.31,3.8785,0,0.05,64.17,0,0,Benign
BENIGN_01642,1636.64,4.8277,3,0,2,0,56,0,0,0.13,3.9705,0,0.1976,129.31,0,0,Benign
BENIGN_02015,1770.21,4.2824,5,1,0,0,56,0,0,0.51,4.934,0,0.1009,111.22,0,0,Benign
BENIGN_00906,370.34,6.2649,4,1,0,0,0,0,0,0.07,4.6018,0,0.1683,115.69,0,0,Benign
BENIGN_00632,52.59,4.6793,6,1,0,0,84,0,0,0.34,3.7361,0,0.05,96.32,0,0,Benign
MALWARE_00865,893.28,7.3654,2,0,2,0,0,0,1,29.03,7.4283,15,1.0,79.42,3,1,Ryuk
BENIGN_01975,1143.94,3.7934,4,1,1,0,84,0,0,0.14,3.6951,0,0.1246,202.93,1,0,Benign
BENIGN_00163,1730.95,5.0083,6,1,0,0,56,0,0,0.24,3.6079,0,0.2686,107.34,0,0,Benign
MALWARE_00673,1287.75,7.2921,9,0,6,1,28,0,1,59.99,7.6965,21,1.0,50.3,2,1,LockBit
MALWARE_01113,666.21,7.886,7,0,4,0,56,1,1,90.98,7.3918,20,0.8703,53.53,1,1,WannaCry
MALWARE_02176,418.15,7.99,2,1,4,1,0,1,0,35.58,7.5969,26,0.7531,69.92,2,1,Maze
BENIGN_00618,1742.1,5.3493,5,1,0,0,56,0,0,0.08,4.6446,0,0.127,68.48,1,0,Benign
MALWARE_01569,399.37,7.5613,2,0,2,0,0,0,1,46.43,7.252,13,0.5566,66.78,2,1,Maze
BENIGN_01432,1228.53,3.7974,4,1,1,0,56,0,0,0.05,5.2636,0,0.1472,105.82,0,0,Benign
BENIGN_00548,1367.94,5.5787,4,1,0,0,56,0,0,0.06,4.5743,0,0.05,108.24,0,0,Benign
MALWARE_00835,781.52,7.704,5,0,4,0,0,0,1,34.54,7.682,21,0.7994,49.25,2,1,REvil
MALWARE_02047,543.7,7.4021,9,0,5,1,0,1,1,59.12,7.3771,22,0.873,80.01,3,1,Maze
MALWARE_01724,836.18,7.4829,2,0,1,1,0,1,1,59.4,7.8104,23,0.8661,62.41,3,1,WannaCry
BENIGN_02388,1690.48,5.6327,5,1,0,0,0,0,0,0.19,3.7575,0,0.2717,207.19,0,0,Benign
MALWARE_01744,325.19,7.6024,9,1,7,0,0,1,1,47.76,7.5624,18,0.7708,47.07,2,1,REvil
MALWARE_01496,201.83,7.1798,7,0,3,0,0,1,1,26.0,7.8777,18,0.8856,52.62,1,1,Ryuk
MALWARE_01566,804.06,7.0974,5,0,6,2,0,1,1,32.44,7.5756,21,0.7835,60.59,1,1,LockBit
BENIGN_01862,2059.65,3.5805,6,1,0,0,0,0,0,0.35,5.2174,0,0.0681,143.45,0,0,Benign
BENIGN_00641,360.8,4.405,5,1,0,0,56,0,0,0.02,3.7365,0,0.1454,44.31,0,0,Benign
MALWARE_01403,642.77,7.579,5,0,3,0,0,1,1,11.48,7.5096,12,0.8165,50.71,4,1,Cerber
BENIGN_00638,2465.27,4.8353,5,1,1,0,0,0,0,0.41,3.0985,0,0.1412,110.8,0,0,Benign
MALWARE_01763,724.77,7.8245,2,1,6,0,0,0,0,13.47,7.99,15,0.9611,67.38,1,1,LockBit
MALWARE_01411,605.07,7.5765,2,0,5,1,0,1,1,37.89,7.5714,25,0.8053,70.61,2,1,Ryuk
MALWARE_00487,879.41,7.6187,7,0,8,1,28,1,1,5.0,7.9417,12,0.9401,18.24,1,1,LockBit
BENIGN_02097,1820.05,4.6029,5,1,1,0,0,0,0,0.39,4.3713,0,0.2301,201.51,0,0,Benign
MALWARE_02112,943.7,7.2059,5,0,4,0,0,0,1,77.92,7.7896,11,0.8435,15.96,2,1,WannaCry
MALWARE_00576,284.61,7.352,5,0,3,1,28,1,1,58.61,7.7936,25,1.0,54.55,2,1,REvil
MALWARE_01175,949.24,7.2538,7,0,4,0,0,1,1,28.05,7.6101,22,0.8809,47.27,1,1,WannaCry
MALWARE_00342,199.09,7.6954,9,0,2,0,28,1,0,49.46,7.5596,25,0.8369,22.9,4,1,Ryuk
BENIGN_00922,1631.82,5.217,5,1,1,0,84,0,0,0.14,2.9494,0,0.1354,92.27,0,0,Benign
BENIGN_00547,473.9,5.3737,4,1,0,0,84,0,0,0.72,3.6445,0,0.1409,112.82,1,0,Benign
MALWARE_01167,1099.84,7.99,5,0,3,0,0,1,0,58.01,7.5635,26,0.8439,11.42,3,1,LockBit
BENIGN_01901,1042.01,5.5636,5,1,0,0,0,0,0,0.07,3.686,0,0.2208,185.49,0,0,Benign
BENIGN_02029,1749.78,4.3194,4,1,0,0,112,0,0,0.3,4.3232,0,0.1468,98.28,0,0,Benign
BENIGN_02302,2100.65,5.6669,3,1,1,0,112,0,0,0.65,3.8289,0,0.263,15.0,0,0,Benign
BENIGN_01886,1565.31,5.0389,3,1,0,0,112,0,0,0.26,4.9536,0,0.1572,86.99,0,0,Benign
BENIGN_01643,20.0,5.0129,5,1,0,0,112,0,0,0.24,4.4605,0,0.2297,206.14,0,0,Benign
MALWARE_01010,545.42,7.1145,9,0,3,1,0,1,0,72.13,7.5009,20,0.8139,35.67,1,1,REvil
MALWARE_02310,518.75,7.7134,2,0,2,1,0,1,1,68.59,7.8646,18,1.0,60.2,1,1,REvil
BENIGN_02098,575.34,4.259,5,0,1,0,84,0,0,0.1,2.6898,0,0.2178,128.8,1,0,Benign
MALWARE_01858,456.31,7.4762,7,0,5,0,56,1,1,34.54,7.6118,21,0.6396,46.97,2,1,Ryuk
MALWARE_01289,887.42,7.5842,5,0,3,1,0,1,1,32.99,7.7835,18,0.8197,41.76,2,1,Maze
MALWARE_01995,471.73,7.9574,2,0,3,1,56,1,1,46.09,7.9419,18,0.9953,76.71,1,1,Maze
MALWARE_02468,1246.26,7.3476,5,0,10,2,0,1,1,48.55,7.99,24,0.7615,61.74,2,1,WannaCry
BENIGN_00837,1303.2,5.1574,5,0,0,0,56,0,0,0.09,4.8789,0,0.0585,100.29,0,0,Benign
BENIGN_00602,1685.68,4.984,5,1,0,0,56,0,0,0.23,4.2741,0,0.0647,117.42,0,0,Benign
BENIGN_02185,3288.55,3.9436,4,1,1,0,84,0,0,0.11,4.1051,0,0.1663,146.76,1,0,Benign
MALWARE_01366,98.7,7.9484,7,0,3,1,28,1,1,60.11,7.3626,19,0.7978,52.93,2,1,Cerber
BENIGN_02482,2193.01,5.2641,3,1,0,0,112,0,0,0.13,2.8187,0,0.2185,77.0,1,0,Benign
MALWARE_01808,877.9,7.7035,9,0,4,0,0,1,1,55.29,7.5563,19,0.8252,52.59,1,1,WannaCry
BENIGN_01583,1433.53,3.8375,5,1,1,0,0,0,0,0.23,4.6248,0,0.3086,163.19,0,0,Benign
MALWARE_01767,346.01,7.3397,7,0,3,2,0,1,1,77.81,7.8248,31,0.7109,21.02,2,1,WannaCry
MALWARE_00034,715.91,7.6285,5,0,6,0,0,1,0,46.62,7.7041,23,0.9275,38.36,2,1,Cerber
MALWARE_00226,684.57,7.6808,7,0,2,0,28,1,1,27.37,7.3432,18,0.907,35.3,2,1,Ryuk
BENIGN_01071,1308.44,4.5815,5,1,0,0,56,0,0,0.05,4.5964,0,0.1687,105.18,1,0,Benign
BENIGN_01776,871.1,4.3939,4,1,0,0,112,0,0,0.05,4.0355,0,0.1206,101.3,0,0,Benign
MALWARE_02309,409.04,7.5791,7,0,5,0,0,0,1,59.36,7.99,15,0.8664,79.06,3,1,Maze
BENIGN_01284,2986.07,3.0452,4,0,0,0,56,0,0,0.3,3.9892,0,0.05,124.44,0,0,Benign
MALWARE_00551,1098.9,7.8941,5,0,3,0,0,1,1,56.28,7.85,15,0.8114,31.04,2,1,WannaCry
MALWARE_02254,783.74,7.4142,5,1,2,0,0,1,1,51.71,7.693,12,0.7784,44.9,1,1,Maze
BENIGN_01837,761.15,2.9123,5,1,0,0,56,0,0,0.13,4.4761,0,0.2856,107.28,0,0,Benign
MALWARE_01743,575.18,7.553,9,1,3,0,0,1,1,35.02,7.7781,14,0.8566,56.43,2,1,Ryuk
BENIGN_01020,2029.85,5.9429,5,1,0,0,0,0,0,0.27,3.8636,0,0.0846,126.15,0,0,Benign
MALWARE_01634,594.36,7.3333,7,0,6,0,0,1,1,82.22,7.99,15,0.7807,62.02,4,1,WannaCry
BENIGN_01327,1056.64,3.989,5,1,1,0,56,0,0,0.37,5.1049,0,0.1302,133.61,0,0,Benign
BENIGN_00476,2173.42,3.8247,3,0,0,0,0,0,0,0.17,4.1375,0,0.201,132.94,0,0,Benign
MALWARE_01772,613.3,7.9607,2,0,6,0,0,1,1,23.59,7.7068,22,0.8788,52.44,2,1,LockBit
BENIGN_01652,776.69,6.1935,4,1,0,0,56,0,0,0.02,3.661,0,0.1713,86.04,0,0,Benign
MALWARE_01499,375.62,7.3043,7,0,1,1,0,1,1,61.31,7.9129,25,0.8359,8.0,2,1,Ryuk
MALWARE_01968,572.27,7.7943,7,0,3,0,28,1,1,45.16,7.6656,16,0.8684,35.72,1,1,Maze
MALWARE_00111,10.0,7.99,9,0,5,2,0,1,1,57.16,7.7358,15,0.6989,15.62,2,1,REvil
BENIGN_02477,2046.55,5.0483,4,1,0,0,56,0,0,0.84,3.8972,0,0.1911,84.96,0,0,Benign
MALWARE_00084,729.71,7.5632,7,0,6,0,28,1,1,51.51,7.7056,19,0.8916,46.48,3,1,LockBit
BENIGN_01374,1165.75,6.4483,3,0,0,0,84,0,0,0.15,3.5592,0,0.1685,73.84,0,0,Benign
BENIGN_00740,1355.38,3.5047,6,1,0,0,0,0,0,0.09,4.5778,0,0.1344,83.7,0,0,Benign
MALWARE_01119,554.28,7.4397,2,0,3,0,28,1,1,27.17,7.7757,22,0.9412,51.82,1,1,Maze
BENIGN_02441,1462.01,4.9358,5,1,0,0,0,0,0,0.33,5.443,0,0.3442,80.98,0,0,Benign
BENIGN_00868,1936.31,5.5903,4,0,0,0,0,0,0,0.11,4.4755,0,0.26,149.77,0,0,Benign
BENIGN_01141,1883.61,5.2317,5,0,0,1,84,0,0,0.23,4.5658,0,0.1724,180.49,0,0,Benign
BENIGN_00998,20.0,4.9478,4,1,0,0,56,0,0,0.15,4.0513,0,0.1664,106.2,0,0,Benign
BENIGN_01338,59.43,5.5353,4,1,1,0,56,0,0,0.11,3.5644,0,0.1494,15.0,0,0,Benign
BENIGN_00542,1786.57,4.5101,4,1,0,0,0,0,0,0.11,4.6451,0,0.0668,141.05,1,0,Benign
BENIGN_01100,1592.19,5.3953,5,1,2,0,0,0,0,0.08,4.6243,0,0.05,115.64,0,0,Benign
BENIGN_01133,2957.82,4.7425,4,1,0,0,56,0,0,0.13,3.8464,0,0.1687,132.26,0,0,Benign
MALWARE_01565,720.54,7.6396,5,0,7,0,0,1,1,71.51,7.846,21,0.7767,66.87,1,1,Cerber
MALWARE_00216,667.63,7.5243,7,1,1,0,0,1,1,47.0,7.4993,22,0.7759,55.18,1,1,Ryuk
BENIGN_02259,2364.5,5.423,5,1,2,0,56,0,1,0.23,4.4336,0,0.2086,137.45,0,0,Benign
MALWARE_02251,218.32,7.1218,5,0,4,1,0,1,1,53.55,7.7974,25,0.7712,40.91,2,1,WannaCry
BENIGN_00060,20.0,5.7969,4,1,2,0,56,0,0,0.01,2.956,0,0.1888,81.37,0,0,Benign
MALWARE_00384,716.26,7.3591,7,0,9,0,0,0,1,54.89,7.8892,16,0.7686,60.33,1,1,Maze
BENIGN_01939,1887.19,5.1699,5,1,0,0,56,0,0,0.14,3.9567,0,0.1571,147.33,0,0,Benign
MALWARE_00077,450.7,7.1459,9,0,2,0,0,1,1,39.02,7.9662,22,0.9263,23.41,2,1,Ryuk
MALWARE_02437,176.26,7.1679,2,0,2,1,0,0,1,50.74,7.5296,12,0.7444,96.2,1,1,Ryuk
BENIGN_01079,1950.7,4.2242,4,1,0,0,112,0,0,0.14,4.3621,0,0.237,84.84,0,0,Benign
MALWARE_00750,343.66,7.1913,7,0,5,0,0,1,1,29.89,7.99,21,1.0,17.51,1,1,REvil
MALWARE_00628,354.2,7.7005,5,0,4,0,0,1,1,31.01,7.7356,18,0.9568,42.18,1,1,LockBit
BENIGN_02489,987.4,3.5624,3,0,1,0,56,0,0,0.54,3.7086,0,0.2239,213.84,0,0,Benign
BENIGN_00941,1829.73,4.1618,6,1,0,1,84,0,0,0.27,4.2212,0,0.0631,81.44,0,0,Benign
BENIGN_01081,2108.94,5.3375,4,1,0,0,56,0,0,0.3,3.9392,0,0.05,120.4,0,0,Benign
BENIGN_00188,687.92,5.3108,4,1,1,0,0,0,0,0.2,4.0579,0,0.0629,112.21,1,0,Benign
MALWARE_00135,459.36,7.4424,5,0,2,1,28,0,1,35.41,7.7645,17,0.7186,23.31,1,1,Cerber
BENIGN_02086,1996.74,6.2828,4,0,0,0,0,0,0,0.3,5.3776,0,0.102,48.7,1,0,Benign
BENIGN_02250,2177.18,4.0783,5,1,0,0,0,0,0,0.07,4.8053,0,0.05,107.01,0,0,Benign
MALWARE_02391,154.4,7.5818,7,0,3,2,0,0,1,72.7,7.3842,14,0.7498,52.71,1,1,LockBit
BENIGN_02024,1435.93,4.6665,5,1,1,0,84,0,0,0.14,5.1787,0,0.2198,98.09,0,0,Benign
MALWARE_01040,55.53,7.4549,5,0,5,0,0,1,1,42.69,7.7151,19,0.8428,28.0,1,1,WannaCry
MALWARE_01549,1107.7,7.2737,2,0,5,1,28,1,1,34.19,7.8256,16,0.8159,48.98,1,1,Ryuk
MALWARE_01107,535.24,7.1563,5,0,4,0,0,1,1,59.49,7.8794,15,0.8886,56.88,1,1,Ryuk
BENIGN_00227,1827.81,4.1111,5,1,0,0,84,0,0,0.48,4.5248,0,0.2653,159.21,0,0,Benign
MALWARE_02348,462.6,7.6904,2,1,4,0,28,1,1,37.37,7.5461,18,0.8651,75.93,1,1,Ryuk
BENIGN_01930,1130.64,5.7808,4,1,0,0,84,0,0,0.18,4.3807,0,0.271,81.34,0,0,Benign
MALWARE_00556,403.39,7.7796,2,0,3,1,0,1,1,26.31,7.7948,14,0.8158,83.0,1,1,Maze
MALWARE_01990,543.21,7.4897,9,0,7,1,0,1,1,50.3,7.9227,18,0.7012,39.61,2,1,Cerber
BENIGN_01405,2208.82,5.0354,4,1,3,0,56,0,0,0.16,3.9479,0,0.05,73.76,0,0,Benign
BENIGN_02180,20.0,4.5095,4,1,0,0,56,0,0,0.09,4.4794,0,0.1175,108.02,0,0,Benign
BENIGN_00698,1688.11,3.8856,6,1,2,0,0,0,0,0.1,3.6655,0,0.1534,251.83,0,0,Benign
BENIGN_01125,1725.55,5.1652,4,0,1,0,56,0,0,0.16,4.812,0,0.1928,171.48,0,0,Benign
MALWARE_00862,822.81,7.7533,9,1,3,2,56,1,1,51.11,7.9068,13,0.9483,57.25,3,1,REvil
MALWARE_01636,342.05,7.8616,9,0,1,2,28,1,1,39.44,7.2383,11,0.8399,56.22,1,1,WannaCry
BENIGN_01779,1442.95,5.7944,5,1,1,0,84,0,0,0.19,4.115,0,0.169,124.08,0,0,Benign
MALWARE_00359,454.81,7.6818,2,0,2,2,0,1,0,36.46,7.9194,29,0.87,36.57,2,1,REvil
BENIGN_01038,2259.41,3.7203,3,1,0,0,84,0,0,0.13,4.5547,0,0.2888,66.48,0,0,Benign
MALWARE_01957,486.17,7.738,9,0,3,0,0,0,1,36.17,7.7798,22,0.9601,52.36,1,1,Maze
BENIGN_02257,1269.17,4.3457,4,0,0,0,56,0,0,0.06,4.5159,0,0.05,165.33,1,0,Benign
BENIGN_00314,2215.72,4.8178,4,1,0,0,0,0,0,0.06,3.3234,0,0.1977,88.29,1,0,Benign
BENIGN_02282,1639.34,4.169,4,1,0,0,84,0,0,0.01,3.811,0,0.1879,145.34,0,0,Benign
BENIGN_01417,2329.65,4.803,3,0,0,0,56,0,0,0.22,3.7141,0,0.0856,121.01,0,0,Benign
BENIGN_01037,372.36,4.8633,5,1,2,0,56,0,0,0.36,3.5234,0,0.3459,49.82,0,0,Benign
BENIGN_02160,1978.53,4.5538,5,1,1,0,84,0,0,0.2,4.6016,0,0.1519,144.5,0,0,Benign
MALWARE_01664,900.33,7.7124,5,0,4,0,0,1,0,71.64,7.8159,22,0.957,36.7,2,1,Cerber
BENIGN_01755,1246.47,6.0541,5,1,1,0,0,0,0,0.29,4.011,0,0.1553,115.26,0,0,Benign
MALWARE_00613,320.38,7.7175,7,0,4,1,28,0,1,39.24,7.6771,15,0.8535,67.16,2,1,Ryuk
MALWARE_00314,267.66,7.6469,5,0,3,1,0,1,0,44.23,7.5444,16,0.8953,77.38,2,1,REvil
MALWARE_00199,591.42,7.375,9,1,3,1,0,1,1,70.47,7.7344,15,0.8793,39.64,2,1,Ryuk
MALWARE_00708,278.01,7.5962,9,0,5,0,0,1,1,60.73,7.5416,18,0.8188,54.65,1,1,Cerber
MALWARE_01851,630.16,7.8722,9,0,3,2,0,1,1,47.6,7.7109,22,0.8764,58.41,3,1,Cerber
MALWARE_00932,489.73,7.7772,5,0,8,1,0,0,1,62.47,7.7501,17,1.0,47.0,1,1,Ryuk
BENIGN_01507,1962.46,3.4879,5,1,0,0,84,0,0,0.58,4.7097,0,0.0807,127.69,0,0,Benign
BENIGN_01924,1198.35,4.8029,4,1,0,0,56,0,0,0.1,4.8276,0,0.1548,106.98,0,0,Benign
BENIGN_00449,870.02,3.6845,5,0,2,0,56,0,0,0.01,4.5336,0,0.1027,27.67,0,0,Benign
MALWARE_01629,602.82,7.9577,9,0,2,0,0,1,0,15.97,7.6246,16,0.7823,37.49,3,1,Ryuk
MALWARE_00029,417.23,7.8246,9,0,9,1,0,1,1,50.09,7.6131,24,0.8595,52.86,1,1,Maze
MALWARE_02470,249.45,7.2743,5,0,5,0,0,1,1,59.6,7.4956,25,0.7753,60.46,1,1,LockBit
MALWARE_00290,1064.41,7.5937,2,0,4,0,0,1,1,34.43,7.6079,17,0.6198,46.18,1,1,LockBit
BENIGN_00362,3047.51,5.1166,4,1,0,0,84,0,0,0.08,4.3581,0,0.2042,129.13,1,0,Benign
BENIGN_02184,1620.61,5.7729,5,1,0,0,56,0,0,0.09,4.502,0,0.05,184.7,0,0,Benign
BENIGN_01135,20.0,4.3323,4,1,1,0,0,0,0,0.31,5.6717,0,0.2331,167.73,1,0,Benign
MALWARE_01381,343.53,7.6969,5,0,4,0,0,1,1,55.84,7.6675,22,0.9195,21.43,3,1,Maze
BENIGN_02156,1273.59,4.104,5,1,0,0,56,0,0,0.41,3.263,0,0.1842,108.21,0,0,Benign
BENIGN_01831,624.02,4.2771,6,0,0,0,84,0,0,0.18,4.8059,0,0.2548,171.88,1,0,Benign
BENIGN_01054,1601.74,4.9436,5,1,0,0,0,0,0,0.3,4.4901,0,0.1748,147.17,0,0,Benign
BENIGN_00023,1120.04,4.2773,5,1,0,0,112,0,0,0.16,3.4039,0,0.2975,83.46,0,0,Benign
BENIGN_02067,1783.12,4.0695,5,1,1,0,0,0,0,0.35,4.4929,0,0.1569,152.57,0,0,Benign
BENIGN_01654,2771.33,4.5407,5,1,1,0,56,0,0,0.12,3.2754,0,0.2129,209.88,0,0,Benign
MALWARE_00088,356.91,7.99,9,1,5,0,0,1,1,61.21,7.7777,19,1.0,42.49,1,1,Maze
MALWARE_00711,462.12,7.4992,2,0,3,0,0,1,1,35.25,7.823,22,0.9756,27.0,1,1,WannaCry
MALWARE_01803,632.75,7.2141,2,0,5,0,0,1,1,65.35,7.5848,20,0.7202,28.12,1,1,LockBit
MALWARE_01537,969.24,7.99,5,0,4,0,0,1,1,18.92,7.7674,23,0.7284,77.17,1,1,LockBit
BENIGN_02326,2950.94,5.7173,4,1,0,0,56,0,0,0.08,4.3718,0,0.1993,171.8,0,0,Benign
BENIGN_00461,1068.99,4.596,3,1,1,1,0,0,0,0.03,3.8925,0,0.0859,102.64,0,0,Benign
BENIGN_01068,1072.77,5.8684,4,1,1,0,0,0,0,0.26,3.7348,0,0.05,94.94,0,0,Benign
BENIGN_00088,625.1,4.0264,4,0,0,0,56,0,0,0.16,4.1714,0,0.0799,121.88,0,0,Benign
BENIGN_01431,1404.82,4.2837,5,1,0,0,56,0,0,0.15,3.829,0,0.1666,186.54,0,0,Benign
MALWARE_00148,521.36,7.5642,5,0,6,1,0,0,1,38.54,7.5279,18,0.8637,74.46,3,1,Maze
BENIGN_00283,776.31,5.7382,5,1,0,0,0,0,0,0.5,3.7439,0,0.173,196.76,0,0,Benign
BENIGN_00463,2409.18,4.07,5,0,2,0,56,0,0,0.08,3.1158,0,0.128,117.69,0,0,Benign
BENIGN_00213,1826.3,5.162,5,0,0,0,56,0,0,0.27,3.742,0,0.153,154.17,0,0,Benign
BENIGN_02500,2484.85,5.2367,3,1,1,0,0,0,0,0.63,4.3217,0,0.2047,128.36,0,0,Benign
BENIGN_01369,2002.57,5.0067,6,1,0,0,0,0,0,0.01,4.2796,0,0.106,189.11,0,0,Benign
BENIGN_00235,1447.09,4.2775,5,1,0,0,0,0,0,0.23,4.8069,0,0.2573,82.88,0,0,Benign
MALWARE_00271,827.23,7.0913,5,0,7,1,0,1,0,55.02,7.5501,21,0.7359,42.34,3,1,WannaCry
BENIGN_00598,920.87,5.655,5,1,0,0,0,0,0,0.45,3.4284,0,0.1103,205.71,0,0,Benign
MALWARE_01921,489.97,6.8825,7,0,5,0,28,1,1,22.46,7.5997,21,0.7593,76.09,1,1,Ryuk
BENIGN_02251,1709.65,3.6615,6,1,0,0,56,0,0,0.09,6.084,0,0.0781,136.35,0,0,Benign
MALWARE_01532,317.46,7.99,7,0,4,1,28,1,0,47.32,7.6894,23,0.8579,29.28,3,1,Ryuk
BENIGN_02284,1999.11,3.8846,4,1,1,0,56,0,0,0.58,4.0599,0,0.2371,37.25,0,0,Benign
BENIGN_00663,938.97,4.0993,4,1,1,0,84,0,0,0.68,3.9001,0,0.1934,108.31,0,0,Benign
MALWARE_02464,334.79,7.3427,9,0,5,0,56,1,0,31.52,7.5796,17,0.8829,45.5,1,1,LockBit
BENIGN_02286,2252.32,4.9589,4,1,1,0,0,0,0,0.36,3.6582,0,0.2188,151.05,1,0,Benign
MALWARE_02217,471.71,7.469,7,0,4,0,0,1,1,51.49,7.8163,16,1.0,45.77,1,1,Cerber
MALWARE_00694,682.42,7.3032,5,0,3,2,0,1,0,27.47,7.99,18,0.9375,15.81,2,1,Cerber
MALWARE_00004,186.56,7.81,7,0,6,0,0,1,0,68.01,7.7363,16,0.6608,78.5,4,1,Maze
MALWARE_01544,343.95,7.5275,5,0,5,0,0,1,1,26.42,7.9136,23,0.746,40.4,3,1,LockBit
BENIGN_00780,312.45,4.5738,5,1,0,0,56,0,1,0.02,4.17,0,0.05,85.49,1,0,Benign
MALWARE_01520,605.17,7.3603,7,0,8,1,0,1,1,36.67,7.4155,18,0.9704,53.06,1,1,Cerber
MALWARE_00927,641.43,7.5833,7,0,6,0,0,1,0,5.0,7.4995,13,0.764,61.58,1,1,Ryuk
MALWARE_01807,636.55,7.2606,5,0,5,1,0,1,1,43.95,7.8003,24,0.8812,40.16,1,1,Ryuk
MALWARE_00697,908.23,7.6561,5,1,4,0,28,1,1,33.95,7.7831,12,1.0,24.85,2,1,LockBit
MALWARE_02336,554.74,7.7708,7,0,6,1,0,1,1,47.85,7.6745,24,0.8146,17.13,3,1,Ryuk
BENIGN_00686,2392.91,5.5807,6,1,0,0,112,0,0,0.05,4.2053,0,0.0968,115.66,1,0,Benign
MALWARE_00670,519.68,7.4881,5,0,2,1,0,1,1,43.59,7.99,17,0.776,48.4,1,1,REvil
MALWARE_01427,447.49,7.022,2,0,4,1,0,1,1,69.05,7.8098,15,0.657,76.25,1,1,WannaCry
MALWARE_00935,10.0,7.4824,2,0,1,0,0,1,1,54.92,7.1675,13,0.8997,8.0,1,1,Maze
BENIGN_02172,2559.66,5.4737,5,1,0,0,84,0,0,0.03,5.2202,0,0.2449,18.42,0,0,Benign
MALWARE_01190,592.97,7.4795,7,0,3,0,0,1,1,45.12,7.6647,18,0.9639,66.9,2,1,REvil
BENIGN_01851,1091.6,5.8834,5,1,0,0,0,0,0,0.42,4.2621,0,0.0854,72.28,0,0,Benign
BENIGN_00488,2554.89,5.4084,5,1,0,0,84,0,0,0.39,3.1542,0,0.05,105.22,0,0,Benign
BENIGN_01689,3728.73,5.5855,4,1,1,0,56,0,0,0.15,5.1391,0,0.19,81.27,0,0,Benign
BENIGN_02231,1556.74,5.3262,5,1,0,0,0,0,0,0.07,3.5607,0,0.2031,163.23,0,0,Benign
MALWARE_00765,870.71,7.9182,9,0,8,2,0,0,0,45.55,7.5501,19,0.5915,80.02,3,1,LockBit
BENIGN_02321,2369.42,5.5139,4,1,0,0,112,0,0,0.27,3.6483,0,0.2144,213.27,0,0,Benign
BENIGN_00783,2068.24,4.7775,4,1,1,0,0,0,0,0.06,4.4045,0,0.2095,147.8,0,0,Benign
BENIGN_00522,2082.68,5.5633,4,1,0,0,84,0,0,0.09,4.9311,0,0.219,52.83,0,0,Benign
BENIGN_00523,1209.49,5.4835,5,1,1,0,56,0,0,0.67,4.2296,0,0.2078,101.74,0,0,Benign
MALWARE_00338,454.02,7.1908,5,0,6,1,28,1,1,51.32,7.0496,18,0.5916,18.24,1,1,Maze
MALWARE_02040,217.53,7.4192,2,0,4,0,0,1,1,45.21,7.3874,17,0.8091,81.36,3,1,Ryuk
BENIGN_02399,1393.58,3.9241,6,1,0,0,112,0,0,0.36,3.6118,0,0.1492,125.3,0,0,Benign
BENIGN_02208,1486.86,4.2292,4,0,1,0,0,0,0,0.53,4.3468,0,0.0982,134.73,0,0,Benign
MALWARE_00978,457.35,7.5235,9,0,5,1,0,1,1,50.82,7.99,14,0.8523,45.83,1,1,REvil
MALWARE_01053,160.03,7.2332,7,1,3,0,0,1,1,27.98,7.99,11,0.8918,61.92,2,1,Maze
MALWARE_01588,635.37,7.8588,7,0,4,0,0,1,0,15.53,7.5076,29,0.8956,47.32,1,1,Cerber
MALWARE_00323,1180.29,7.289,9,0,6,0,0,1,1,28.59,7.3534,24,0.9396,19.25,2,1,REvil
BENIGN_01512,2302.06,5.0746,5,0,0,0,84,0,0,0.03,4.416,0,0.2169,169.75,0,0,Benign
BENIGN_01883,20.0,6.228,4,0,0,0,84,0,0,0.05,4.3427,0,0.1296,124.34,0,0,Benign
BENIGN_00652,576.67,4.7922,5,1,0,0,0,0,0,0.08,4.795,0,0.2278,163.64,0,0,Benign
MALWARE_02431,896.99,6.7,5,0,5,0,28,1,1,51.47,7.99,23,0.8403,8.0,1,1,Cerber
MALWARE_00590,1065.53,7.275,5,0,5,0,0,1,1,46.72,7.6952,25,0.8832,20.0,1,1,Ryuk
BENIGN_00370,1418.98,3.7433,5,0,0,0,84,0,0,0.02,2.9258,0,0.1134,129.28,0,0,Benign
MALWARE_02498,1271.03,7.99,5,0,5,0,0,1,1,55.84,7.7244,15,0.9565,54.93,2,1,WannaCry
BENIGN_00119,1899.62,6.6309,4,1,1,0,56,0,0,0.35,4.7272,0,0.211,118.51,0,0,Benign
MALWARE_00821,406.16,7.9339,7,0,5,0,0,1,1,34.73,7.7895,16,0.8673,25.4,3,1,Cerber
MALWARE_00535,464.44,7.147,5,0,2,1,0,1,1,31.63,7.7052,18,1.0,49.19,2,1,Cerber
BENIGN_02217,875.27,5.0142,5,1,0,0,84,0,0,0.11,4.2043,0,0.2108,159.58,0,0,Benign
MALWARE_01043,1030.61,7.4612,5,0,2,0,0,1,1,61.75,7.7133,17,0.9213,36.52,2,1,Maze
BENIGN_01614,1370.2,4.1875,5,0,0,0,56,0,0,0.08,3.7342,0,0.05,185.64,0,0,Benign
MALWARE_00652,935.62,7.145,7,0,7,2,28,1,1,41.0,7.3968,21,0.8777,73.66,2,1,Cerber
BENIGN_00963,2633.58,5.766,4,1,0,0,84,0,0,0.04,4.5967,0,0.1908,133.1,0,0,Benign
MALWARE_00011,824.9,7.6992,9,0,1,0,0,1,1,43.73,7.99,20,0.9221,60.44,1,1,Maze
MALWARE_01332,1020.05,7.244,7,0,3,0,0,1,1,33.37,7.5454,13,0.9705,82.27,2,1,Cerber
MALWARE_00324,309.38,7.2905,5,0,6,0,0,1,0,53.1,7.7668,20,0.9077,13.15,2,1,Ryuk
MALWARE_01844,453.7,7.4447,5,0,2,0,28,1,1,53.56,7.6263,18,0.8107,49.68,3,1,Maze
MALWARE_00533,319.2,7.8644,5,0,4,2,28,1,1,45.36,7.7432,13,0.8131,56.31,2,1,WannaCry
BENIGN_02416,108.67,4.1771,4,1,2,0,112,0,0,0.18,3.9055,0,0.1514,162.85,0,0,Benign
MALWARE_02155,892.82,7.6957,7,0,3,0,0,1,1,27.05,7.7208,17,0.8091,19.8,1,1,WannaCry
MALWARE_01737,483.6,7.99,7,0,7,1,0,1,1,47.51,7.5882,23,0.8305,39.11,1,1,REvil
BENIGN_02186,1155.46,4.6143,5,1,0,0,84,0,0,0.24,3.9609,0,0.19,162.66,0,0,Benign
MALWARE_01170,340.93,7.4945,5,0,1,0,0,1,1,50.43,7.7582,17,0.9555,31.89,1,1,WannaCry
BENIGN_02038,1860.44,3.6092,5,1,1,0,84,0,0,0.1,3.8356,0,0.0593,173.83,0,0,Benign
MALWARE_01863,571.94,7.8653,9,0,2,0,28,1,1,44.5,7.5592,20,0.9564,27.43,1,1,WannaCry
BENIGN_00773,1281.58,4.5596,5,1,0,0,56,0,0,0.03,4.5202,0,0.2694,100.45,0,0,Benign
BENIGN_01285,2594.73,5.6125,4,1,1,1,56,0,0,0.23,4.9783,0,0.0866,95.73,0,0,Benign
MALWARE_02104,1195.17,7.5631,5,0,9,0,28,1,1,49.11,7.4706,31,0.7479,13.3,1,1,Ryuk
MALWARE_02295,532.43,7.5073,5,0,6,0,56,1,1,37.33,7.7578,18,0.811,30.99,1,1,Maze
BENIGN_01415,2034.85,3.6415,3,0,1,0,56,0,0,0.23,3.9524,0,0.05,146.7,0,0,Benign
BENIGN_01235,1534.5,5.0415,4,1,1,0,0,0,0,0.49,3.7264,0,0.05,56.5,0,0,Benign
MALWARE_00200,790.54,7.2838,7,0,4,0,28,1,1,19.76,7.9777,10,0.7785,36.13,3,1,LockBit
BENIGN_00436,1523.89,6.5481,5,1,0,0,0,0,0,0.28,3.788,0,0.1488,29.92,0,0,Benign
BENIGN_01675,1887.76,5.4157,4,1,0,0,0,0,0,0.19,3.4414,0,0.1699,118.66,0,0,Benign
BENIGN_00366,283.1,5.0213,5,1,1,0,56,0,0,0.3,4.2051,0,0.2663,116.09,0,0,Benign
MALWARE_00150,560.04,7.4064,2,1,8,0,28,1,1,62.26,7.4256,23,0.7154,56.59,1,1,Cerber
BENIGN_00232,1600.29,5.4054,5,0,0,0,56,0,0,0.0,4.5675,0,0.2472,90.12,0,0,Benign
MALWARE_01768,798.16,7.99,5,0,5,0,28,1,1,37.17,7.691,23,0.8676,44.48,3,1,WannaCry
MALWARE_01542,238.23,7.8262,5,0,4,0,0,1,1,56.93,7.6497,22,0.9759,38.79,1,1,WannaCry
MALWARE_01900,855.99,7.6275,7,0,3,1,0,1,0,26.96,7.6103,13,0.7285,79.96,1,1,Cerber
BENIGN_00408,1281.2,5.6057,3,1,0,0,0,0,0,0.14,4.5108,0,0.143,199.43,0,0,Benign
BENIGN_02091,413.74,5.2977,4,0,0,0,0,0,0,0.14,4.312,0,0.1231,99.27,0,0,Benign
BENIGN_00087,907.33,4.7886,5,1,1,0,0,0,0,0.1,5.6834,0,0.1103,171.18,0,0,Benign
BENIGN_00845,3079.12,4.4998,5,1,0,0,56,0,1,0.01,4.2944,0,0.2281,16.39,0,0,Benign
BENIGN_01032,2352.77,4.0237,4,1,0,0,0,0,0,0.14,4.9203,0,0.1808,15.0,0,0,Benign
MALWARE_00356,579.39,7.8038,9,0,4,1,0,0,1,71.32,7.471,18,0.9235,33.54,1,1,WannaCry
MALWARE_01610,943.69,6.8708,5,0,2,0,0,0,1,54.31,7.6898,22,0.8709,46.01,1,1,Maze
MALWARE_01897,479.36,7.99,5,1,3,0,28,1,0,77.62,7.6435,20,0.9369,41.84,1,1,Ryuk
MALWARE_01394,279.53,7.0514,5,0,3,0,0,1,0,49.32,7.5003,12,0.9091,8.0,1,1,LockBit
MALWARE_00159,521.14,7.99,7,0,4,2,0,1,0,30.56,7.99,23,0.7145,33.09,2,1,WannaCry
BENIGN_00856,1083.29,4.9312,5,1,0,0,84,0,0,0.25,4.3592,0,0.175,162.91,0,0,Benign
BENIGN_00079,1108.45,5.6353,5,1,0,0,84,0,0,0.38,4.4434,0,0.2072,145.12,0,0,Benign
BENIGN_02248,498.16,3.9321,4,1,0,0,112,0,0,0.02,3.6497,0,0.0782,126.49,0,0,Benign
MALWARE_02071,1058.38,7.8399,2,0,3,0,0,1,1,70.12,7.4767,10,1.0,8.6,2,1,Ryuk
MALWARE_01157,420.68,7.7302,2,0,3,1,0,1,1,60.72,7.8067,12,0.7935,14.89,1,1,Ryuk
MALWARE_01652,698.16,7.7952,7,0,3,0,0,1,1,67.55,7.4257,18,0.8592,11.77,1,1,REvil
MALWARE_00879,645.46,7.3355,5,0,8,0,0,1,0,36.5,7.4998,18,0.7599,67.78,1,1,REvil
BENIGN_02280,1568.66,3.0463,4,1,0,0,0,0,0,0.61,4.6392,0,0.105,149.74,0,0,Benign
MALWARE_00099,399.45,7.4061,2,0,6,1,0,1,1,34.47,7.8269,17,0.7758,46.57,2,1,REvil
MALWARE_01660,987.46,7.5124,2,0,0,1,0,1,1,21.61,7.6637,26,0.9106,41.03,1,1,Ryuk
MALWARE_01371,622.02,7.2104,2,0,5,0,0,1,1,48.92,7.9055,16,0.9122,44.39,1,1,Cerber
MALWARE_00929,833.89,7.2683,2,0,7,1,56,1,1,5.0,7.7162,17,0.8681,51.31,1,1,REvil
BENIGN_02177,2429.6,4.9777,6,1,0,0,56,0,0,0.27,4.0047,0,0.2497,142.34,1,0,Benign
BENIGN_00425,482.46,4.9691,4,1,0,0,84,0,0,0.5,4.2587,0,0.0781,163.26,0,0,Benign
BENIGN_00393,1398.03,4.6098,6,1,1,0,0,0,0,0.2,4.367,0,0.1256,154.96,0,0,Benign
MALWARE_02227,312.62,7.7469,2,0,4,1,0,1,1,72.78,7.6505,13,0.9001,67.93,2,1,Ryuk
MALWARE_01194,643.9,7.4465,2,0,4,0,0,1,0,57.99,7.9813,23,0.7477,46.35,2,1,LockBit
BENIGN_00105,724.64,5.2408,5,1,0,0,0,0,0,0.13,4.3343,0,0.2591,126.26,1,0,Benign
MALWARE_01495,617.22,6.7644,2,0,1,1,0,0,1,50.3,7.6739,17,0.8123,42.25,2,1,LockBit
MALWARE_01913,667.44,7.1547,9,0,5,0,0,0,1,33.76,7.4163,19,0.876,91.03,1,1,Maze
BENIGN_01949,1071.57,5.4036,3,1,0,0,56,0,0,0.36,4.6322,0,0.2124,92.77,0,0,Benign
BENIGN_01460,1433.18,4.6463,5,1,0,0,0,0,0,0.1,4.1108,0,0.1225,101.96,1,0,Benign
MALWARE_00758,847.18,7.6964,2,0,4,0,0,1,1,45.81,7.6181,11,0.9943,22.83,1,1,LockBit
MALWARE_00304,770.26,7.3917,5,0,4,2,0,1,0,50.56,7.9428,14,0.9135,44.79,3,1,WannaCry
MALWARE_00207,649.75,7.2105,7,0,4,1,28,1,1,51.99,7.7451,23,0.7576,53.32,1,1,REvil
MALWARE_02290,286.54,7.7816,2,0,7,0,0,1,1,14.59,7.9443,27,1.0,50.0,2,1,Maze
BENIGN_01588,1750.73,4.1918,5,1,1,0,56,0,0,0.04,4.7219,0,0.204,15.0,0,0,Benign
MALWARE_01160,855.8,7.99,7,0,5,0,28,1,0,40.8,7.713,25,0.7423,63.9,1,1,REvil
BENIGN_01732,1010.08,4.1966,5,1,0,0,56,0,0,0.11,4.1239,0,0.05,155.48,0,0,Benign
MALWARE_02265,269.54,7.3298,5,0,6,0,0,1,1,39.0,7.1829,26,0.8294,41.16,1,1,REvil
MALWARE_01725,407.05,7.3592,7,0,4,0,56,1,1,57.46,7.99,22,0.8505,14.26,1,1,LockBit
MALWARE_01182,32.77,7.3018,5,0,6,1,0,1,0,34.3,7.7947,18,0.8906,47.65,2,1,Ryuk
BENIGN_01792,1873.86,4.3685,4,0,0,1,84,0,0,0.27,3.1953,0,0.0628,152.6,0,0,Benign
BENIGN_02356,1503.99,4.7299,4,1,0,0,112,0,0,0.15,4.1919,0,0.2321,248.35,0,0,Benign
BENIGN_01941,617.55,6.7614,5,1,0,0,84,0,0,0.08,4.1705,0,0.2527,157.6,0,0,Benign
BENIGN_00703,1104.64,3.6144,4,1,1,0,0,0,0,0.04,3.7868,0,0.2131,29.42,0,0,Benign
BENIGN_02443,771.92,5.4194,5,0,1,0,84,0,0,0.33,4.0888,0,0.2413,86.74,0,0,Benign
MALWARE_01876,891.06,7.5738,7,0,4,0,0,1,0,61.79,7.884,19,0.9601,39.53,1,1,REvil
BENIGN_00497,1485.68,4.0189,4,0,0,0,56,0,0,0.03,3.2062,0,0.109,168.33,0,0,Benign
BENIGN_00465,1410.81,5.9534,4,1,2,0,56,0,0,0.67,4.5652,0,0.1054,90.68,0,0,Benign
MALWARE_01572,532.71,7.5827,9,0,4,1,0,1,1,23.29,7.7244,18,1.0,66.39,1,1,Ryuk
MALWARE_01834,201.81,7.8339,5,0,4,0,0,1,1,45.24,7.7125,24,0.6696,36.5,1,1,Maze
BENIGN_00173,1912.03,5.3725,4,1,1,0,84,0,0,0.02,3.7079,0,0.1481,37.99,0,0,Benign
MALWARE_02444,322.35,7.195,5,0,4,0,0,1,1,15.52,7.8129,20,0.783,48.43,1,1,Ryuk
MALWARE_02297,712.06,7.468,5,0,4,0,0,1,1,29.96,7.8986,19,0.8082,25.96,4,1,REvil
MALWARE_00041,261.09,7.5131,2,0,4,1,0,1,1,19.8,7.5331,17,0.7427,8.23,2,1,Ryuk
MALWARE_00763,705.23,7.2639,7,0,3,1,0,0,1,39.49,7.5222,15,0.7709,29.45,2,1,REvil
MALWARE_02181,419.22,7.5478,7,0,4,0,28,1,1,46.68,7.5087,26,0.864,66.93,3,1,REvil
BENIGN_02261,1519.94,5.4559,5,1,1,0,56,0,0,0.1,3.8339,0,0.1275,203.36,0,0,Benign
BENIGN_02113,895.02,5.6511,5,1,0,1,84,0,1,0.09,4.914,0,0.2773,114.64,0,0,Benign
BENIGN_00901,708.9,4.4073,5,1,1,0,0,0,0,0.06,4.0393,0,0.0933,79.03,0,0,Benign
BENIGN_01447,1539.08,4.2667,4,1,0,0,56,0,0,0.35,3.3898,0,0.1703,141.44,0,0,Benign
MALWARE_01074,539.68,7.6971,5,0,3,1,0,1,1,49.26,7.4705,18,0.8725,39.24,2,1,Maze
BENIGN_00742,890.29,5.8822,5,1,0,0,56,0,0,0.05,4.4485,0,0.1675,111.66,0,0,Benign
BENIGN_02294,878.04,3.6209,5,1,0,0,56,0,0,0.26,4.6685,0,0.2336,125.63,0,0,Benign
BENIGN_02453,1190.55,5.5641,4,1,0,0,0,0,0,0.35,3.4525,0,0.1332,91.67,0,0,Benign
MALWARE_00123,336.53,7.7957,9,0,3,1,28,1,0,38.16,7.6378,10,0.9174,41.38,1,1,REvil
MALWARE_01579,319.65,7.7969,7,0,4,0,0,1,1,18.6,7.7476,20,0.933,45.15,3,1,REvil
BENIGN_01207,1846.31,3.9715,5,1,0,0,56,0,0,0.29,4.9348,0,0.1193,162.27,0,0,Benign
BENIGN_00510,1471.69,4.6784,4,1,0,0,56,0,0,0.11,4.8361,0,0.1581,143.48,0,0,Benign
MALWARE_00121,290.59,7.8926,5,0,2,0,0,1,0,45.93,7.9187,22,0.8902,52.26,1,1,REvil
MALWARE_00303,594.45,7.6618,2,0,1,0,0,1,1,48.66,7.9321,16,0.8079,90.57,1,1,Cerber
MALWARE_00814,565.2,6.8313,5,0,2,1,0,1,1,31.14,7.4991,24,0.9028,41.92,1,1,Cerber
BENIGN_01550,1713.99,4.2424,6,0,0,0,84,0,0,0.38,4.3709,0,0.1205,55.12,0,0,Benign
MALWARE_02064,673.09,7.639,2,0,4,0,0,1,1,76.24,7.6406,14,0.8019,29.84,2,1,WannaCry
BENIGN_02203,1386.5,4.0479,4,1,1,0,0,0,0,0.07,3.6527,0,0.2145,114.31,0,0,Benign
MALWARE_00067,824.14,7.5165,5,0,2,0,28,1,1,35.17,7.7315,22,0.9299,55.9,1,1,Maze
MALWARE_01393,737.24,7.4887,9,1,2,0,0,1,1,62.17,7.705,29,1.0,46.62,1,1,Maze
BENIGN_02045,1376.76,4.6996,3,1,0,0,56,0,0,0.04,3.8594,0,0.1695,62.85,0,0,Benign
BENIGN_00768,887.51,5.7673,5,1,0,1,0,0,0,0.04,4.4388,0,0.1378,141.68,0,0,Benign
MALWARE_02373,560.1,7.6937,7,0,6,2,0,1,1,55.4,7.8842,31,0.8884,9.09,1,1,Ryuk
MALWARE_01239,641.23,7.6784,9,0,4,1,0,1,1,53.6,7.99,22,0.8298,52.39,1,1,Maze
BENIGN_00422,1168.5,5.595,5,0,1,0,84,0,0,0.02,5.0243,0,0.0883,200.48,1,0,Benign
BENIGN_00124,2539.05,5.7603,5,1,0,0,56,0,0,0.06,3.8059,0,0.1986,185.56,0,0,Benign
MALWARE_01663,851.81,7.6889,5,0,5,0,0,1,1,41.64,7.7526,15,0.6315,68.13,1,1,Cerber
MALWARE_00129,535.01,7.525,5,0,3,0,0,1,1,58.15,7.99,14,0.8957,64.07,1,1,Cerber
BENIGN_00820,2558.16,5.2758,5,1,0,0,56,0,0,0.76,4.2508,0,0.1177,161.46,0,0,Benign
BENIGN_01404,272.66,3.4129,5,1,0,0,56,0,0,0.59,4.402,0,0.074,194.95,0,0,Benign
BENIGN_01383,747.22,3.6894,5,1,1,0,0,0,0,0.0,4.6014,0,0.1163,116.48,0,0,Benign
BENIGN_02149,2126.42,5.0793,4,1,1,0,0,0,0,0.03,3.7153,0,0.1235,57.12,0,0,Benign
BENIGN_01576,2241.5,4.4466,5,1,0,0,56,0,0,0.0,3.8125,0,0.073,212.46,0,0,Benign
BENIGN_01639,955.03,4.2782,5,0,0,0,56,0,0,0.18,4.4461,0,0.067,103.59,0,0,Benign
BENIGN_01796,1927.3,5.78,6,0,0,0,0,0,0,0.11,3.6056,0,0.174,94.15,0,0,Benign
MALWARE_02316,804.74,7.7265,5,0,1,1,28,0,1,39.13,7.9524,16,0.8099,38.41,2,1,LockBit
BENIGN_00400,2880.98,5.3374,5,1,0,0,84,0,0,0.06,3.8564,0,0.1809,161.89,0,0,Benign
BENIGN_02311,786.91,4.4495,5,1,0,0,56,0,0,0.14,4.2069,0,0.2116,15.0,0,0,Benign
BENIGN_00883,1163.18,3.602,5,1,0,0,112,0,0,0.08,4.5168,0,0.0885,122.45,0,0,Benign
MALWARE_02474,231.05,7.6981,5,0,6,0,0,1,1,64.94,7.7555,24,0.7613,76.0,1,1,REvil
MALWARE_00398,231.36,7.7017,5,0,5,1,0,1,1,72.41,7.4771,13,0.944,44.06,2,1,Ryuk
BENIGN_01353,660.26,4.4426,3,1,2,0,0,0,0,0.13,5.17,0,0.05,126.06,0,0,Benign
MALWARE_00243,601.61,7.2996,7,0,5,1,0,1,1,22.38,7.619,18,0.7889,39.59,3,1,Cerber
MALWARE_02051,900.06,7.3985,7,0,1,0,28,1,1,19.26,7.6233,23,0.7466,88.88,1,1,WannaCry
BENIGN_02131,2224.87,5.2299,5,1,0,0,112,0,1,0.18,4.2779,0,0.1548,64.81,0,0,Benign
BENIGN_00983,356.22,3.6633,4,1,1,1,84,0,0,0.01,4.5631,0,0.1276,50.97,0,0,Benign
BENIGN_00457,1721.6,5.8859,5,1,0,0,0,0,0,0.27,3.3023,0,0.0765,186.14,1,0,Benign
MALWARE_01620,501.81,7.8313,5,0,3,1,0,1,1,50.59,7.7163,29,0.8715,47.3,2,1,REvil
BENIGN_01080,273.29,4.6318,4,1,0,0,0,0,0,0.03,3.8911,0,0.0979,82.09,1,0,Benign
BENIGN_01951,799.96,5.9007,4,1,1,0,0,0,0,0.07,4.7887,0,0.1903,133.65,0,0,Benign
MALWARE_01815,1062.67,7.516,7,0,9,2,0,1,0,52.83,7.5784,19,0.8331,77.4,3,1,Cerber
BENIGN_00690,1264.34,5.7674,5,1,1,0,56,0,0,0.0,4.1854,0,0.1762,78.24,0,0,Benign
BENIGN_02430,818.56,3.6474,5,1,0,0,84,0,0,0.34,4.4013,0,0.1939,103.4,0,0,Benign
BENIGN_00642,2004.7,5.4458,5,1,0,0,84,0,0,0.37,4.2199,0,0.249,107.28,0,0,Benign
BENIGN_02393,2099.36,6.1576,4,1,0,1,84,0,0,0.18,3.1797,0,0.1524,133.65,0,0,Benign
BENIGN_01954,1075.99,5.3254,3,0,0,0,0,0,0,0.36,3.0416,0,0.05,148.17,0,0,Benign
MALWARE_00249,921.95,7.5278,9,0,2,2,0,1,1,41.72,7.5335,22,0.8202,53.23,1,1,WannaCry
MALWARE_01814,698.54,7.4238,5,0,4,0,0,0,1,48.78,7.4409,24,0.9358,38.04,2,1,REvil
MALWARE_00936,735.48,7.99,7,0,4,0,28,1,1,44.68,7.9431,11,0.8153,58.18,3,1,LockBit
MALWARE_00837,1063.67,7.5469,7,0,3,2,28,1,1,31.13,7.9466,20,0.948,61.35,3,1,Ryuk
MALWARE_02267,1140.96,7.1312,7,1,4,0,0,1,1,38.25,7.5843,16,0.9268,22.18,3,1,LockBit
MALWARE_00871,827.99,7.354,7,0,2,0,0,1,0,39.8,7.4289,20,0.9188,68.3,3,1,LockBit
BENIGN_01885,2062.82,4.2221,5,1,0,0,0,0,0,0.14,4.9478,0,0.1302,15.0,0,0,Benign
BENIGN_00390,2346.25,4.3413,4,1,0,0,0,0,0,0.21,4.0341,0,0.111,173.72,0,0,Benign
BENIGN_02495,1211.76,4.0681,4,0,0,0,0,0,0,0.05,4.1343,0,0.0917,61.18,0,0,Benign
MALWARE_01379,226.72,7.99,7,0,2,0,0,1,1,55.07,7.5235,20,0.8185,76.82,2,1,Maze
MALWARE_01357,948.32,7.8755,2,0,6,1,0,1,1,69.14,7.8962,14,0.9992,41.29,2,1,WannaCry
BENIGN_00846,1336.05,5.3312,5,0,0,0,0,0,0,1.28,3.8941,0,0.0629,175.42,0,0,Benign
BENIGN_00543,532.64,4.8454,6,1,1,0,0,0,0,0.05,5.0693,0,0.1248,107.93,0,0,Benign
BENIGN_00092,1596.03,4.3982,3,1,0,0,84,0,0,0.11,4.327,0,0.0519,46.78,1,0,Benign
MALWARE_01390,534.62,7.6202,7,0,2,1,0,1,1,35.1,7.8112,21,0.8803,71.88,1,1,WannaCry
BENIGN_01980,1899.46,6.0654,5,1,1,0,112,0,0,0.52,3.4447,0,0.3259,137.17,0,0,Benign
MALWARE_00313,504.5,7.215,5,0,6,1,0,0,0,46.77,7.4946,22,0.983,59.77,1,1,REvil
MALWARE_01583,543.2,7.7103,7,0,5,0,0,1,1,49.72,7.7153,20,0.8141,8.0,2,1,Maze
MALWARE_00403,118.68,7.1249,2,0,4,0,0,1,1,58.26,7.7845,21,0.8835,49.5,1,1,Ryuk
MALWARE_00030,89.93,7.6859,5,0,5,0,0,1,1,63.59,7.4204,22,0.7773,37.11,2,1,Cerber
BENIGN_01677,1072.11,3.4788,4,1,1,0,112,0,0,0.06,3.8375,0,0.0708,178.22,0,0,Benign
BENIGN_01049,2141.46,3.6038,6,1,1,0,84,0,0,0.24,4.2307,0,0.0517,70.13,0,0,Benign
BENIGN_01961,1132.24,4.6078,4,1,0,0,56,0,0,0.35,5.0427,0,0.2832,139.66,0,0,Benign
MALWARE_00031,1208.87,7.5839,5,0,4,0,0,1,1,25.53,7.4454,24,0.8694,29.51,2,1,REvil
MALWARE_01493,1289.88,7.4255,5,0,7,0,0,1,1,52.88,7.8457,15,1.0,42.92,4,1,REvil
BENIGN_00238,1138.67,5.5453,5,1,0,0,84,0,0,0.27,4.3568,0,0.2216,88.42,1,0,Benign
MALWARE_00598,625.35,7.9176,9,0,5,0,0,0,1,25.52,7.1303,16,0.7983,61.76,1,1,Cerber
MALWARE_00989,365.08,7.6451,9,0,2,0,0,1,1,62.51,7.6715,15,1.0,28.02,1,1,WannaCry
BENIGN_01134,602.43,4.8603,4,1,0,0,112,0,0,0.52,4.4022,0,0.0808,81.59,0,0,Benign
BENIGN_01806,1612.14,4.7647,4,0,0,0,56,0,0,0.27,3.2852,0,0.0637,133.0,0,0,Benign
MALWARE_01818,494.43,7.2771,5,0,8,0,0,1,1,57.43,7.745,15,0.8742,54.88,1,1,Ryuk
BENIGN_00164,528.43,4.5536,4,1,0,0,56,0,0,0.11,4.6678,0,0.2388,60.83,0,0,Benign
MALWARE_00993,941.04,7.1542,9,0,2,0,0,1,1,42.46,7.5274,19,0.8394,46.44,1,1,WannaCry
MALWARE_02210,886.96,7.7223,5,0,4,0,0,1,1,57.87,7.5782,28,0.8051,15.58,2,1,REvil
MALWARE_02131,426.86,7.7182,7,0,8,0,0,1,0,46.71,7.7237,16,0.8683,27.13,1,1,REvil
MALWARE_00954,435.37,7.2555,5,0,5,0,0,1,1,52.07,7.7163,17,0.804,47.71,1,1,LockBit
MALWARE_00700,309.23,7.6308,9,0,5,1,28,1,1,53.78,7.99,17,1.0,41.03,1,1,Maze
MALWARE_01135,401.96,7.5197,7,0,3,1,0,1,0,24.13,7.6894,25,0.7598,68.1,1,1,Ryuk
MALWARE_01440,784.57,7.2649,7,0,5,0,0,1,1,50.51,7.8643,20,0.8148,58.38,1,1,Ryuk
BENIGN_01812,2532.41,3.4537,5,1,2,0,84,0,0,0.01,4.5125,0,0.1432,87.36,0,0,Benign
MALWARE_01150,380.58,7.5986,2,0,5,0,0,1,0,42.09,7.6007,22,0.9996,18.78,1,1,Maze
MALWARE_01550,770.6,7.1055,7,0,7,1,0,1,0,53.4,7.7832,20,0.9207,66.14,1,1,WannaCry
BENIGN_01429,1455.03,4.7251,3,1,0,0,56,0,0,0.31,4.484,0,0.1327,93.24,1,0,Benign
MALWARE_01114,801.01,7.4412,5,0,2,1,0,0,1,35.94,7.9488,15,0.8977,28.97,3,1,REvil
MALWARE_00632,34.72,7.5218,2,0,7,2,0,1,0,45.51,7.699,13,0.8271,20.12,3,1,REvil
MALWARE_00897,731.45,7.99,9,0,0,0,0,1,0,44.93,7.6605,21,0.7313,25.48,1,1,Maze
MALWARE_01961,653.14,7.1285,9,0,8,0,0,1,1,43.53,7.6456,18,0.9046,63.09,3,1,REvil
MALWARE_02150,748.16,7.3418,5,0,4,1,0,1,1,34.86,7.465,12,0.7349,32.74,1,1,Ryuk
MALWARE_00321,713.16,7.358,7,0,4,0,0,1,0,54.29,7.798,19,0.9325,35.3,3,1,REvil
BENIGN_01453,1442.69,3.6546,5,1,1,0,56,0,0,0.51,4.1725,0,0.2336,50.29,0,0,Benign
BENIGN_00594,2324.53,4.1723,4,0,1,0,56,0,0,0.04,4.6266,0,0.0811,162.27,0,0,Benign
BENIGN_00042,541.7,4.7184,5,1,0,0,112,0,0,0.06,4.2253,0,0.1991,157.88,0,0,Benign
BENIGN_00561,104.35,4.0627,5,1,0,0,84,0,0,0.77,4.8392,0,0.1294,183.43,0,0,Benign
MALWARE_00774,374.76,7.6304,2,0,3,1,0,1,1,31.6,7.5212,24,0.968,8.0,1,1,REvil
MALWARE_00745,895.13,7.3559,5,1,4,0,0,1,1,58.93,7.8403,17,0.8144,46.25,1,1,REvil
BENIGN_00244,2863.28,4.4604,5,1,0,0,84,0,0,0.04,4.8215,0,0.3023,201.3,0,0,Benign
BENIGN_01340,1716.74,5.0253,4,1,0,0,56,0,0,0.74,4.2277,0,0.1254,149.24,0,0,Benign
MALWARE_00281,763.98,7.2994,7,0,8,0,0,1,1,68.49,7.7869,9,0.9583,52.74,3,1,Maze
MALWARE_00688,1121.11,7.5557,2,0,4,0,0,1,1,63.65,7.9783,20,0.8008,52.66,2,1,Maze
MALWARE_01300,611.77,7.952,5,1,6,0,0,1,1,60.41,7.6493,19,0.8231,47.46,1,1,Ryuk
BENIGN_01443,1006.17,4.3048,4,1,0,0,0,0,0,0.27,3.7088,0,0.133,65.17,0,0,Benign
BENIGN_00262,1129.47,4.1662,4,0,0,0,56,0,0,0.01,2.8582,0,0.05,87.09,0,0,Benign
MALWARE_00265,662.12,7.99,9,0,4,0,28,1,1,68.87,7.6849,22,0.881,28.94,1,1,Cerber
BENIGN_01690,704.94,4.5473,4,0,0,0,0,0,0,0.04,4.1145,0,0.1204,77.91,0,0,Benign
BENIGN_01726,1416.88,6.5706,3,1,1,0,112,0,0,0.21,4.323,0,0.1434,97.51,0,0,Benign
MALWARE_02293,1098.0,7.5592,5,0,8,0,0,1,1,41.46,7.6798,15,0.6877,50.41,3,1,WannaCry
BENIGN_00835,2820.6,5.5807,4,1,1,0,0,0,0,0.29,3.9201,0,0.1315,118.38,0,0,Benign
BENIGN_01867,1440.34,4.3098,4,0,0,0,56,0,0,0.05,3.6533,0,0.1789,125.53,0,0,Benign
BENIGN_02497,1526.34,3.9038,5,1,0,0,56,0,0,0.15,3.7744,0,0.1933,106.83,0,0,Benign
BENIGN_02011,1294.17,5.6514,5,1,1,0,56,0,0,0.09,3.4779,0,0.0791,15.87,0,0,Benign
BENIGN_00341,1042.9,4.9573,5,1,0,0,56,0,0,0.13,3.9527,0,0.2231,146.88,0,0,Benign
MALWARE_00489,706.18,7.7062,7,0,6,0,28,0,1,59.88,7.7682,17,0.9374,70.13,1,1,REvil
BENIGN_01602,1740.47,4.8075,5,1,0,0,56,0,0,0.07,3.7528,0,0.2024,100.17,0,0,Benign
MALWARE_01376,458.1,7.62,5,0,3,0,0,1,1,53.43,7.7314,29,0.7583,28.34,2,1,Cerber
MALWARE_02195,354.87,7.0754,9,0,8,1,0,0,1,64.42,7.6853,20,0.7839,25.04,2,1,WannaCry
BENIGN_00481,1667.93,4.589,4,0,2,0,84,0,0,0.18,4.1983,0,0.1074,102.8,0,0,Benign
MALWARE_00326,270.2,7.6009,5,0,2,0,0,1,1,35.76,7.489,22,0.853,32.96,2,1,Maze
MALWARE_01830,428.78,7.5027,9,0,4,1,28,1,1,35.33,7.9424,18,0.7789,36.28,3,1,LockBit
MALWARE_01041,614.82,7.0389,9,0,3,0,0,1,1,49.91,7.7124,19,0.8451,58.7,1,1,LockBit
MALWARE_02139,705.7,7.5499,2,0,8,1,0,0,1,22.92,7.5951,21,0.8358,61.58,2,1,Cerber
MALWARE_00547,1179.77,6.862,5,0,9,1,0,1,1,45.66,7.6572,14,0.8445,21.13,1,1,Ryuk
MALWARE_01491,224.75,7.3189,5,0,4,0,0,1,1,37.18,7.6034,17,0.9493,12.7,1,1,Ryuk
BENIGN_01767,620.6,5.3804,5,0,0,0,56,0,0,0.01,3.9551,0,0.1006,15.0,0,0,Benign
MALWARE_01974,962.6,7.5859,9,0,2,1,0,1,0,40.95,7.8165,25,0.7539,38.34,3,1,Cerber
BENIGN_02454,1941.74,5.0106,5,1,0,0,0,0,1,0.4,1.8194,0,0.1769,155.11,0,0,Benign
MALWARE_00378,238.39,7.6498,9,0,3,1,0,1,1,26.81,7.658,20,0.7261,67.71,1,1,Ryuk
MALWARE_01316,646.52,7.99,7,0,4,0,0,1,1,35.03,7.5369,20,0.904,26.72,3,1,Maze
MALWARE_01517,283.56,7.7,9,0,4,0,0,1,1,60.81,7.7481,25,0.838,39.89,1,1,Ryuk
MALWARE_02178,407.16,7.1776,7,0,2,0,0,1,1,73.45,7.7603,27,0.8279,58.36,3,1,LockBit
MALWARE_01180,10.0,7.3342,9,0,5,1,0,1,1,28.14,7.6919,21,0.7436,45.75,2,1,REvil
BENIGN_01272,1177.35,4.7008,4,1,2,0,56,0,0,0.33,4.233,0,0.1669,99.09,0,0,Benign
MALWARE_00578,700.45,7.6749,9,0,2,0,0,1,1,33.54,7.7365,22,0.9581,47.93,1,1,Ryuk
MALWARE_02002,508.66,7.99,5,0,6,1,28,1,1,44.39,7.6069,21,0.7578,33.28,4,1,LockBit
MALWARE_00595,654.56,7.433,7,0,4,1,0,1,1,63.61,7.4887,16,0.7996,39.79,1,1,Ryuk
MALWARE_02154,889.21,7.4964,2,0,5,0,0,1,1,49.6,7.6347,19,0.8959,76.25,1,1,Ryuk
BENIGN_00348,1036.7,4.3833,3,1,0,0,56,0,0,0.02,3.2515,0,0.0875,107.01,0,0,Benign
MALWARE_01382,658.67,7.8793,7,0,2,1,0,1,1,47.71,7.4385,27,0.6705,61.53,2,1,LockBit
MALWARE_02124,564.24,7.3558,7,0,7,2,28,1,1,27.41,7.7296,10,0.8702,21.87,1,1,Ryuk
MALWARE_00063,527.64,7.3645,7,0,2,2,0,1,0,24.48,7.9606,20,0.8031,65.25,2,1,Cerber
MALWARE_02091,546.1,7.1685,9,0,0,1,0,1,1,12.61,7.5364,27,0.8215,62.27,2,1,WannaCry
BENIGN_01424,2249.21,5.9727,4,1,0,0,56,0,0,0.02,3.97,0,0.0542,203.65,0,0,Benign
BENIGN_00657,505.13,5.5668,4,0,0,0,0,0,0,0.14,3.7154,0,0.1187,195.25,0,0,Benign
BENIGN_02103,1212.64,4.9215,4,1,0,0,0,0,0,0.3,3.987,0,0.05,142.54,0,0,Benign
BENIGN_00633,2926.62,6.618,5,0,2,0,0,0,0,0.14,4.2108,0,0.2469,90.02,0,0,Benign
MALWARE_00393,300.95,7.8649,7,0,3,0,0,1,0,20.71,7.5312,25,0.8035,37.29,2,1,WannaCry
BENIGN_02494,1578.69,4.6398,6,0,0,0,0,0,0,0.26,3.9222,0,0.0978,89.88,0,0,Benign
MALWARE_00166,202.85,7.99,5,0,4,0,0,1,1,23.06,7.6272,18,1.0,50.95,1,1,Maze
MALWARE_01516,1141.41,7.8938,5,0,6,0,0,1,0,53.41,7.8659,10,0.8672,57.18,1,1,WannaCry
MALWARE_01163,858.02,7.99,7,0,7,0,28,1,1,40.25,7.4893,15,0.9091,51.67,1,1,Maze
MALWARE_00808,692.9,7.0114,9,0,6,0,0,1,1,38.61,7.99,22,0.9396,40.72,3,1,LockBit
MALWARE_00597,654.64,7.4396,2,0,2,1,0,1,1,60.69,7.6824,9,0.869,61.14,2,1,REvil
MALWARE_01420,848.23,7.1817,5,0,1,0,28,0,1,46.47,7.5415,19,0.9319,58.06,1,1,Maze
MALWARE_00001,448.29,7.7079,2,0,1,2,0,0,0,23.32,7.5727,14,0.788,92.69,1,1,Maze
BENIGN_01466,204.25,5.0701,4,1,0,0,56,0,0,0.04,4.4499,0,0.1689,177.58,0,0,Benign
MALWARE_00334,772.46,7.7679,7,0,7,2,28,1,1,33.6,7.8468,20,0.801,53.2,2,1,Ryuk
BENIGN_00116,2154.21,4.2797,5,1,0,0,0,0,0,0.03,4.5178,0,0.1545,146.48,1,0,Benign
BENIGN_01822,51.66,5.807,4,1,0,0,84,0,0,0.04,4.5546,0,0.1152,109.65,0,0,Benign
BENIGN_01495,1593.63,4.9951,5,1,0,0,84,0,0,0.25,5.1861,0,0.1091,110.57,0,0,Benign
BENIGN_02402,2560.84,4.6227,4,1,0,0,56,0,0,0.04,4.0507,0,0.05,15.0,0,0,Benign
BENIGN_01233,469.32,3.9436,5,1,0,0,84,0,0,0.2,4.9461,0,0.2182,112.22,0,0,Benign
MALWARE_00162,756.95,7.7752,5,0,2,2,0,1,1,38.27,7.4351,15,0.9774,12.62,1,1,WannaCry
MALWARE_01601,927.43,7.5707,5,0,2,0,28,1,1,41.26,7.4777,22,0.65,50.76,2,1,Cerber
MALWARE_02074,375.93,7.4032,5,0,4,0,0,1,1,44.22,7.8435,27,0.8201,59.27,2,1,Ryuk
BENIGN_01154,882.88,6.4433,5,1,1,0,56,0,0,0.4,4.4757,0,0.05,67.18,1,0,Benign
MALWARE_01349,634.57,7.488,5,0,2,0,28,1,1,77.09,7.7079,16,0.6908,42.93,1,1,LockBit
BENIGN_00058,1291.41,4.6034,4,1,1,0,56,0,0,0.22,4.0364,0,0.1285,64.67,0,0,Benign
MALWARE_01605,10.0,7.5806,5,0,4,0,56,1,1,20.46,7.8886,21,0.876,69.33,2,1,Cerber
MALWARE_01789,388.56,7.4775,5,0,2,1,0,1,1,33.08,7.77,19,0.9145,42.89,1,1,WannaCry
MALWARE_02446,1080.1,7.9086,7,0,7,0,28,1,1,39.57,7.8404,19,0.8788,67.52,4,1,WannaCry
BENIGN_01736,1774.97,4.9394,4,1,1,0,0,0,0,0.08,4.063,0,0.1524,16.22,0,0,Benign
BENIGN_02197,1469.78,3.5107,5,1,1,0,112,0,0,0.53,3.6167,0,0.086,203.83,0,0,Benign
MALWARE_01054,624.88,7.5926,7,0,4,1,0,1,1,39.94,7.9501,24,0.7442,62.72,1,1,LockBit
BENIGN_02476,78.98,5.1355,4,1,0,0,0,0,0,0.29,4.084,0,0.0728,116.59,0,0,Benign
MALWARE_00065,603.9,7.43,5,0,6,2,56,0,0,51.0,7.8444,25,0.7724,44.61,4,1,Cerber
MALWARE_00659,74.99,7.6054,7,0,1,0,0,1,1,41.77,7.7699,19,0.7301,71.1,2,1,LockBit
MALWARE_01535,244.94,7.4626,2,0,5,0,0,1,1,81.34,7.7384,16,0.8957,24.88,1,1,Cerber
MALWARE_01156,706.48,7.6719,7,0,6,1,0,1,0,61.04,7.6453,17,0.7547,23.52,2,1,LockBit
BENIGN_00708,2489.47,4.1897,4,0,0,0,56,0,0,0.03,3.9031,0,0.1998,152.08,0,0,Benign
MALWARE_01781,662.06,7.6499,9,0,4,0,0,1,1,38.67,7.7218,16,1.0,45.52,3,1,Ryuk
BENIGN_01094,2386.94,4.5334,4,1,4,0,0,0,0,0.23,3.5309,0,0.1003,53.34,0,0,Benign
MALWARE_02340,994.34,6.9682,5,0,4,0,0,1,1,63.14,7.6552,23,0.9584,48.09,2,1,LockBit
BENIGN_01377,1774.28,6.2548,5,1,1,0,0,0,0,0.25,3.4552,0,0.1042,182.81,0,0,Benign
MALWARE_02414,697.98,7.446,7,0,2,0,0,1,1,56.12,7.5219,22,0.8856,25.59,1,1,Maze
BENIGN_00073,2478.54,4.2533,4,1,0,0,112,0,0,0.11,5.1477,0,0.1082,98.99,0,0,Benign
BENIGN_01923,2765.41,6.1608,4,1,0,0,56,0,0,0.19,3.8314,0,0.1365,76.31,0,0,Benign
MALWARE_00674,961.74,7.3209,9,0,4,0,0,1,1,73.69,7.7954,17,0.8101,67.58,2,1,Maze
BENIGN_01765,683.5,4.1471,6,1,1,0,84,0,0,0.09,4.2535,0,0.1662,160.32,0,0,Benign
BENIGN_00744,1668.97,3.816,5,1,0,0,0,0,0,0.0,3.8743,0,0.2712,177.32,0,0,Benign
MALWARE_01819,1012.51,7.3598,7,0,3,2,0,1,1,34.6,7.5167,22,0.6952,62.32,1,1,Maze
BENIGN_01006,2125.68,5.9727,4,1,0,0,56,0,0,0.67,4.8555,0,0.05,144.21,0,0,Benign
MALWARE_00169,532.64,7.7614,7,0,10,2,0,1,1,26.13,7.506,13,0.9395,51.64,1,1,Ryuk
BENIGN_01191,2925.62,4.5049,5,1,1,0,0,0,0,0.26,4.1092,0,0.1705,70.54,0,0,Benign
MALWARE_02132,1222.9,7.0497,5,0,4,0,56,0,1,50.11,7.9042,18,0.9888,11.3,2,1,LockBit
MALWARE_00102,167.75,7.7676,9,1,5,0,28,1,1,51.58,7.6994,11,0.7021,56.25,1,1,Maze
BENIGN_01126,1203.15,3.7309,5,1,0,0,0,0,0,0.2,3.2948,0,0.2488,151.86,0,0,Benign
BENIGN_01242,1695.19,4.0902,5,1,0,0,84,0,0,0.22,4.2185,0,0.1169,72.76,0,0,Benign
MALWARE_02107,164.1,7.8788,2,0,5,2,0,0,1,58.78,7.8808,23,0.8346,39.55,3,1,LockBit
MALWARE_01631,740.7,7.6784,7,0,4,0,0,1,1,27.62,7.5995,18,0.7706,34.06,2,1,LockBit
MALWARE_00943,457.72,7.5969,7,0,3,1,0,1,1,45.91,7.5981,20,0.821,58.56,1,1,LockBit
BENIGN_00999,2472.81,4.2245,6,1,1,0,56,0,0,0.07,4.0155,0,0.0726,148.22,1,0,Benign
MALWARE_00887,195.85,7.7001,7,1,6,1,0,1,1,25.92,7.4259,20,0.9104,27.72,1,1,Ryuk
MALWARE_00185,657.7,7.4235,5,1,9,0,0,1,1,48.62,7.7088,20,0.9364,53.44,1,1,Cerber
BENIGN_01578,1095.23,6.2042,4,1,0,0,56,0,0,0.22,4.0014,0,0.2217,118.16,0,0,Benign
MALWARE_02291,939.48,7.3859,7,0,5,1,0,1,1,43.31,7.99,21,0.8167,54.68,1,1,Ryuk
BENIGN_01827,643.03,3.5018,5,0,2,0,56,0,0,0.16,4.2571,0,0.1404,153.93,0,0,Benign
MALWARE_00793,565.25,7.7688,9,0,5,2,0,1,1,48.84,7.99,21,0.8131,29.98,2,1,REvil
MALWARE_02490,746.03,7.7321,7,0,4,0,56,1,1,65.08,7.5829,19,0.8843,61.53,2,1,LockBit
MALWARE_01037,486.53,7.2443,5,0,5,2,0,1,1,56.1,7.5781,15,0.8244,55.35,1,1,Cerber
BENIGN_00441,2211.32,3.9026,6,1,1,0,0,0,0,0.29,4.8173,0,0.1901,132.42,0,0,Benign
MALWARE_02452,587.68,6.9471,9,0,0,0,28,1,1,70.17,7.805,23,0.7844,55.07,2,1,REvil
BENIGN_01101,783.63,5.0826,5,0,2,0,56,0,0,0.58,3.6141,0,0.228,142.45,0,0,Benign
MALWARE_01511,723.45,7.6215,2,0,4,1,28,1,1,26.11,7.516,19,0.7886,57.36,1,1,LockBit
MALWARE_00559,596.1,7.443,7,0,3,1,0,1,1,35.11,7.6673,23,0.7026,78.99,2,1,LockBit
BENIGN_00650,20.0,3.8,4,1,0,0,0,0,0,0.01,4.423,0,0.1988,118.0,0,0,Benign
BENIGN_01547,2218.67,4.4364,6,1,0,0,0,0,0,0.33,5.388,0,0.1649,124.22,0,0,Benign
MALWARE_02257,926.99,7.3116,5,0,3,0,0,1,1,47.52,7.9371,16,0.7493,55.7,4,1,Cerber
MALWARE_01061,211.14,7.4563,7,0,4,0,0,1,1,40.11,7.6636,19,0.8675,34.04,3,1,Ryuk
MALWARE_01387,627.38,7.6304,2,0,4,0,0,1,1,28.63,7.2023,21,0.9133,32.9,2,1,WannaCry
MALWARE_01242,921.39,7.4209,7,0,4,0,0,1,1,69.71,7.3229,14,1.0,59.46,2,1,WannaCry
BENIGN_00631,1466.5,4.7251,4,1,0,0,56,0,0,0.1,3.6431,0,0.2495,137.77,0,0,Benign
BENIGN_00673,1060.62,4.1317,5,1,0,0,0,0,0,0.09,4.4568,0,0.2878,201.96,0,0,Benign
BENIGN_01250,1635.58,4.8331,4,1,0,0,84,0,0,0.04,4.533,0,0.0697,114.5,0,0,Benign
BENIGN_00483,3250.8,4.613,3,1,0,0,0,0,0,0.51,3.7477,0,0.1806,176.25,0,0,Benign
BENIGN_01585,1417.51,5.2293,5,1,0,0,56,0,0,0.3,3.8853,0,0.1853,57.28,0,0,Benign
MALWARE_00575,379.75,7.6393,9,0,6,0,28,1,1,61.92,7.5552,13,0.8157,35.84,2,1,Ryuk
MALWARE_02128,1084.07,7.5091,7,0,3,1,0,1,1,65.39,7.5676,22,0.8548,8.0,2,1,Ryuk
MALWARE_00539,945.69,7.8016,2,0,4,0,0,1,1,18.23,7.7788,20,0.8552,75.69,1,1,Ryuk
BENIGN_01463,2655.64,6.0627,4,1,1,0,56,0,0,0.78,3.8191,0,0.3381,211.27,0,0,Benign
MALWARE_01430,405.38,7.5749,7,0,6,1,28,1,1,46.72,7.6696,21,0.9041,53.47,3,1,WannaCry
MALWARE_01122,472.98,7.1266,2,0,4,1,0,1,0,32.88,7.6736,14,0.9581,31.76,2,1,Ryuk
MALWARE_00079,723.5,7.679,2,0,1,1,0,1,1,74.7,7.7833,22,0.8064,55.87,2,1,Maze
MALWARE_01302,508.14,7.1709,7,0,8,0,0,1,1,54.16,7.6353,20,0.8797,40.58,2,1,REvil
BENIGN_00050,1375.46,4.7041,5,1,0,0,84,0,0,0.15,4.2682,0,0.2197,103.7,0,0,Benign
MALWARE_01790,605.5,7.6204,9,0,1,0,28,1,1,74.18,7.8616,15,0.8397,41.55,1,1,Ryuk
MALWARE_00845,227.03,7.9405,2,0,3,1,28,1,1,62.44,7.99,22,0.8328,79.54,1,1,WannaCry
BENIGN_00859,994.03,4.0066,4,1,1,0,56,0,0,0.01,5.2652,0,0.1746,155.1,0,0,Benign
BENIGN_01073,1160.42,4.3979,4,0,0,0,56,0,0,0.17,2.9011,0,0.05,99.08,0,0,Benign
BENIGN_00720,1487.16,5.9209,4,1,2,0,56,0,0,0.06,5.72,0,0.1843,158.52,0,0,Benign
MALWARE_01218,1171.18,7.3323,2,0,8,1,0,1,1,59.69,7.5956,23,0.8337,56.95,2,1,Ryuk
MALWARE_00132,872.11,7.99,9,0,3,0,0,0,0,35.19,7.9878,26,0.8379,8.0,1,1,Maze
MALWARE_02374,561.85,7.6792,5,0,1,0,0,0,1,47.08,7.612,16,0.8933,46.04,2,1,LockBit
BENIGN_01661,305.18,4.3173,3,1,0,0,84,0,0,0.03,4.0204,0,0.1026,93.06,0,0,Benign
BENIGN_01657,3168.02,2.9686,5,1,0,0,112,0,0,0.35,4.7989,0,0.2505,105.1,0,0,Benign
BENIGN_02426,1506.96,4.2586,5,1,0,0,84,0,0,0.16,5.2762,0,0.05,33.76,0,0,Benign
MALWARE_01025,426.52,7.6628,7,0,3,0,0,0,1,45.86,7.99,19,0.8931,34.38,1,1,Maze
MALWARE_01730,504.13,7.8162,7,0,6,1,0,1,1,40.92,7.3709,19,0.8705,37.82,1,1,WannaCry
MALWARE_02475,859.73,7.6803,7,0,4,1,28,1,1,54.94,7.99,25,0.7308,63.01,3,1,LockBit
MALWARE_00810,777.46,7.5815,2,0,4,0,0,1,1,37.05,7.8037,20,0.8825,8.0,2,1,WannaCry
MALWARE_01977,827.92,7.5042,7,0,3,0,0,1,1,47.41,7.1568,20,0.8577,27.25,1,1,Ryuk
MALWARE_00806,889.69,7.2054,7,0,6,0,0,1,1,47.51,7.8353,15,0.945,66.63,1,1,Maze
MALWARE_02252,893.51,7.4766,7,0,2,0,28,1,0,30.99,7.99,15,0.932,26.77,1,1,WannaCry
MALWARE_01627,1014.47,7.4679,7,0,6,0,0,0,1,30.21,7.6826,25,0.9756,49.88,1,1,Ryuk
MALWARE_00107,588.0,7.418,5,0,7,0,0,1,1,70.47,7.6587,25,0.8407,55.93,1,1,WannaCry
BENIGN_01386,1191.01,5.4207,5,1,0,0,0,0,0,0.1,4.2523,0,0.2464,114.52,0,0,Benign
MALWARE_01336,736.01,7.6135,5,0,4,0,0,1,1,61.05,7.571,25,0.8049,38.27,1,1,Ryuk
BENIGN_01400,1497.0,4.0872,3,0,4,0,56,0,0,0.1,5.1363,0,0.1448,130.26,0,0,Benign
BENIGN_01196,1442.5,4.2592,5,1,0,0,112,0,0,0.01,4.9935,0,0.1938,126.58,1,0,Benign
BENIGN_01409,1714.83,3.8552,6,1,0,0,0,0,0,0.28,3.4396,0,0.0965,73.09,0,0,Benign
MALWARE_01325,646.68,7.3388,5,0,3,0,0,1,1,66.32,7.3398,24,0.6661,43.57,1,1,REvil
BENIGN_01799,251.3,5.3291,6,1,0,0,56,0,0,0.02,4.808,0,0.1713,71.32,0,0,Benign
BENIGN_01476,1122.0,6.0663,4,1,0,0,84,0,0,0.09,4.4251,0,0.1405,145.06,0,0,Benign
MALWARE_02466,1154.35,7.4767,2,0,5,2,0,0,1,54.49,7.6302,12,0.848,54.47,2,1,Cerber
BENIGN_00036,1124.66,5.0364,4,0,2,0,0,0,0,0.4,3.5416,0,0.1504,122.35,0,0,Benign
MALWARE_01042,391.2,7.2926,9,0,3,0,0,1,1,49.95,7.7663,16,0.877,66.4,1,1,Ryuk
BENIGN_02346,1729.36,3.6957,4,1,0,0,56,0,0,0.15,3.7097,0,0.1408,143.77,0,0,Benign
MALWARE_02179,249.35,7.2945,5,0,4,1,56,1,1,53.53,7.662,17,0.8798,30.41,2,1,WannaCry
BENIGN_02360,1058.74,4.756,5,1,0,0,112,0,0,0.04,4.2135,0,0.0615,194.79,0,0,Benign
BENIGN_02207,2417.58,5.2739,5,1,0,0,84,0,0,0.06,4.3545,0,0.2339,101.4,0,0,Benign
MALWARE_01268,1191.05,7.4839,5,1,4,1,0,0,1,45.6,7.7223,21,0.6811,33.88,2,1,Maze
BENIGN_01287,2003.15,4.6983,4,0,0,0,56,0,0,0.71,3.545,0,0.2193,112.18,0,0,Benign
BENIGN_00350,948.89,5.5415,4,1,1,0,0,0,0,0.66,5.5225,0,0.2596,38.36,0,0,Benign
BENIGN_02138,2262.15,4.8508,4,0,0,0,56,0,0,0.0,3.5084,0,0.1687,106.07,0,0,Benign
MALWARE_00192,855.01,7.2409,5,0,2,1,0,1,1,29.84,7.638,22,0.9189,22.6,1,1,WannaCry
MALWARE_02061,749.73,7.7327,7,0,7,0,0,1,1,41.44,7.8562,19,0.7528,39.64,3,1,Ryuk
MALWARE_01468,889.34,7.6392,7,0,6,2,0,1,1,46.49,7.7324,13,0.7915,42.63,3,1,Cerber
BENIGN_01682,2358.7,5.0661,5,1,0,0,84,0,0,0.04,4.261,0,0.1382,131.38,0,0,Benign
MALWARE_02335,572.17,7.5906,5,0,3,0,0,1,0,42.98,7.5325,22,0.8055,39.9,1,1,LockBit
BENIGN_01444,521.92,4.3056,4,1,0,0,56,0,0,0.34,4.7072,0,0.1421,123.71,0,0,Benign
MALWARE_00744,731.33,7.7931,2,0,4,0,28,1,1,48.32,7.7981,21,0.8829,8.0,2,1,LockBit
BENIGN_01672,2847.05,4.5495,5,0,1,0,56,0,0,0.6,5.8699,0,0.05,164.01,0,0,Benign
MALWARE_01337,453.91,7.9253,7,0,3,1,0,1,1,62.98,7.4257,20,0.9032,53.56,2,1,Cerber
BENIGN_01180,966.99,6.0124,4,1,2,0,112,0,0,0.2,4.1218,0,0.2317,161.12,0,0,Benign
MALWARE_00299,600.99,7.792,5,0,5,2,0,1,1,28.03,7.4061,12,0.677,58.15,1,1,REvil
BENIGN_01693,1780.8,5.2432,4,0,0,0,112,0,0,0.16,4.2219,0,0.05,42.61,0,0,Benign
MALWARE_01457,562.23,7.99,7,1,5,1,0,0,0,32.89,7.99,15,0.9636,39.58,1,1,Maze
BENIGN_00373,590.26,4.0857,5,1,2,0,56,0,0,0.24,4.1881,0,0.1414,181.01,0,0,Benign
MALWARE_01111,487.87,7.0799,9,0,5,1,0,1,1,30.52,7.448,17,0.7206,47.1,1,1,Maze
BENIGN_01917,2676.66,6.1892,5,1,0,0,56,0,0,0.08,4.1196,0,0.1576,89.26,0,0,Benign
BENIGN_01358,1434.61,3.8955,5,1,1,0,56,0,0,0.08,3.4263,0,0.1787,220.68,0,0,Benign
BENIGN_01826,1436.35,4.5087,3,1,1,0,84,0,0,0.06,4.261,0,0.05,81.9,0,0,Benign
BENIGN_00787,2476.44,6.4108,5,1,0,0,56,0,0,0.41,4.9945,0,0.1266,72.71,0,0,Benign
BENIGN_00470,1162.72,4.8856,4,1,0,0,84,0,0,0.11,3.9929,0,0.0942,72.3,0,0,Benign
BENIGN_00141,1516.63,4.2176,5,1,0,0,0,0,0,0.04,4.8972,0,0.0885,47.69,0,0,Benign
BENIGN_00789,2211.64,5.8969,5,1,0,0,56,0,0,0.46,3.4476,0,0.0701,133.63,0,0,Benign
BENIGN_00324,1634.45,4.8271,4,1,0,0,0,0,0,1.03,3.5749,0,0.2502,97.59,0,0,Benign
BENIGN_00051,1299.9,5.8408,4,1,0,0,56,0,0,0.46,4.6976,0,0.05,131.78,0,0,Benign
BENIGN_00715,2145.34,2.4455,5,1,0,0,56,0,0,0.21,5.6301,0,0.1407,203.34,0,0,Benign
MALWARE_02390,355.4,7.3302,7,0,3,1,0,1,1,25.22,7.6805,25,0.8896,8.0,2,1,Maze
MALWARE_00341,884.32,7.4807,5,0,2,0,0,1,1,64.65,7.9571,16,0.7176,31.69,2,1,Maze
BENIGN_02447,1449.49,2.975,5,1,0,0,112,0,0,0.21,3.9982,0,0.1699,148.84,0,0,Benign
MALWARE_02314,164.28,7.2971,5,0,4,0,0,1,1,35.68,7.6918,22,0.7888,76.45,2,1,WannaCry
MALWARE_01920,807.65,7.6009,2,1,5,0,0,1,0,20.96,7.3869,22,0.7947,39.02,1,1,Ryuk
MALWARE_02097,599.21,7.1996,7,0,2,0,0,1,1,61.16,7.3993,25,0.7553,43.56,1,1,Maze
MALWARE_00516,861.9,7.8292,5,0,1,1,0,1,1,35.78,7.6524,19,0.7425,27.49,1,1,Ryuk
MALWARE_00167,490.18,7.1303,2,0,6,0,0,1,1,37.12,7.8398,15,0.8239,29.94,1,1,Ryuk
BENIGN_00407,1892.06,5.2381,4,1,1,1,0,0,0,0.15,5.3239,0,0.2282,121.88,1,0,Benign
MALWARE_01225,734.11,7.7499,7,0,3,0,0,1,1,39.73,7.9885,14,0.7739,35.15,2,1,Maze
BENIGN_01005,789.03,5.5222,3,1,3,0,56,0,0,0.27,3.6823,0,0.1564,115.93,0,0,Benign
MALWARE_01288,617.4,7.99,9,0,6,0,0,1,1,28.09,7.8144,20,0.955,52.23,2,1,Maze
BENIGN_00891,1139.41,3.1986,4,1,0,0,84,0,0,0.1,3.8939,0,0.1019,75.42,0,0,Benign
BENIGN_02412,20.0,5.4152,4,1,0,0,0,0,0,0.33,3.8042,0,0.1359,147.46,1,0,Benign
MALWARE_00046,389.98,6.7483,9,0,3,0,0,1,1,34.92,7.8455,21,0.8658,32.67,2,1,WannaCry
MALWARE_02334,734.83,7.1267,7,0,2,0,0,1,0,52.92,7.4028,24,0.6995,79.79,2,1,Maze
BENIGN_02391,1980.58,3.3006,3,1,1,0,84,0,0,0.04,4.5357,0,0.2367,63.83,0,0,Benign
MALWARE_01441,421.0,7.514,5,0,3,0,0,1,1,42.79,7.5643,16,0.7839,24.17,4,1,WannaCry
BENIGN_00043,1062.18,3.8176,4,1,0,0,84,0,0,0.06,4.5459,0,0.1749,273.94,0,0,Benign
MALWARE_00331,806.1,7.5728,7,0,4,0,0,1,1,55.8,7.3015,22,0.9637,44.76,1,1,REvil
MALWARE_01466,890.22,7.8041,9,0,4,0,0,0,1,53.67,7.778,25,0.6462,43.91,1,1,WannaCry
BENIGN_00304,138.29,5.2002,4,1,0,0,84,0,0,0.4,3.8798,0,0.1628,101.69,0,0,Benign
MALWARE_02014,143.09,7.4561,9,0,5,1,0,1,1,52.14,7.8954,17,0.8285,18.21,1,1,LockBit
MALWARE_01248,480.93,7.5131,7,1,6,0,0,0,1,54.03,7.8189,15,0.8945,30.11,1,1,REvil
BENIGN_00665,2311.4,5.3215,4,1,1,0,56,0,0,0.05,3.6565,0,0.0851,157.67,0,0,Benign
BENIGN_01178,2525.47,4.2516,4,1,1,0,0,0,0,0.04,3.3066,0,0.0559,151.45,0,0,Benign
MALWARE_00177,303.89,7.3527,9,0,3,0,0,1,1,44.68,7.8396,24,0.947,44.79,1,1,Cerber
BENIGN_01948,647.99,4.7988,5,1,0,0,0,0,0,0.09,3.4711,0,0.0878,123.73,0,0,Benign
MALWARE_00002,534.89,7.1785,2,0,2,1,0,1,1,57.61,7.5083,19,1.0,8.45,3,1,WannaCry
BENIGN_01474,989.94,6.5796,6,1,0,0,112,0,0,0.7,4.2539,0,0.05,229.82,0,0,Benign
MALWARE_00984,826.92,7.8647,7,0,3,0,28,0,1,48.86,7.8293,16,0.9188,56.55,1,1,REvil
MALWARE_01021,575.03,7.5939,9,0,4,1,0,1,0,17.04,7.4944,25,0.9264,21.42,1,1,LockBit
BENIGN_02133,1126.18,5.283,4,1,1,0,84,0,0,0.02,4.8365,0,0.1558,43.43,0,0,Benign
BENIGN_01027,2741.96,3.4644,4,1,0,0,0,0,0,0.01,4.3522,0,0.05,113.25,0,0,Benign
BENIGN_00962,1172.54,6.2818,4,1,0,0,56,0,0,0.24,4.0219,0,0.05,237.98,0,0,Benign
MALWARE_00390,81.82,7.7697,5,0,7,0,0,1,1,29.93,7.7023,15,0.9402,67.69,2,1,REvil
MALWARE_00635,405.19,6.7,5,0,5,1,28,1,1,53.07,7.9247,15,0.797,85.0,1,1,Cerber
BENIGN_02010,1423.87,4.3849,5,0,0,0,0,0,0,0.03,4.8264,0,0.085,87.09,0,0,Benign
BENIGN_02150,1268.59,4.57,5,0,0,1,0,0,0,0.14,4.7807,0,0.142,139.86,1,0,Benign
MALWARE_00824,396.84,7.478,7,0,3,0,0,1,1,49.56,7.8514,24,0.859,47.57,1,1,LockBit
BENIGN_02339,2013.11,3.8677,3,1,1,0,84,0,0,0.14,3.8276,0,0.0595,62.23,0,0,Benign
MALWARE_01389,399.26,7.1062,9,0,4,0,0,1,1,40.13,7.7724,21,0.712,85.12,1,1,REvil
BENIGN_00305,2523.61,3.0265,4,1,1,0,56,0,0,0.03,3.8509,0,0.0561,110.1,0,0,Benign
BENIGN_01441,1587.03,3.9453,4,1,0,0,56,0,0,0.03,4.5723,0,0.1354,106.63,0,0,Benign
BENIGN_01497,2068.34,3.9553,5,1,2,0,56,0,0,0.04,3.6832,0,0.05,178.46,0,0,Benign
MALWARE_00153,798.45,7.4619,5,0,8,0,28,1,1,51.15,7.9302,27,0.7591,47.48,4,1,REvil
MALWARE_00376,652.8,7.3075,9,0,6,0,28,1,1,37.63,7.99,27,0.9493,68.19,4,1,Maze
BENIGN_00917,1828.34,5.4153,3,1,0,0,112,0,0,0.23,3.9823,0,0.05,109.03,0,0,Benign
MALWARE_01683,740.77,7.9479,5,0,5,1,0,1,0,63.63,7.8616,24,1.0,27.61,1,1,Maze
MALWARE_01222,592.12,7.7861,5,0,1,0,0,1,1,52.37,7.2688,19,0.8934,29.28,2,1,REvil
MALWARE_00273,697.03,7.175,2,0,5,0,0,1,1,19.52,7.536,11,0.7959,30.81,3,1,Maze
BENIGN_01625,2214.44,4.6091,5,1,0,0,0,0,0,0.02,4.1673,0,0.148,153.7,0,0,Benign
MALWARE_01338,743.66,7.4521,2,0,3,2,0,1,1,51.12,7.2906,10,1.0,50.21,1,1,Ryuk
BENIGN_00822,348.33,5.563,4,1,0,0,56,0,0,0.04,5.5031,0,0.1798,148.6,0,0,Benign
MALWARE_01465,912.03,7.4977,7,0,6,0,28,1,1,70.85,7.4761,24,0.9806,55.78,2,1,WannaCry
BENIGN_01355,2685.96,5.5504,4,1,0,0,84,0,0,0.0,4.0143,0,0.1345,168.22,0,0,Benign
MALWARE_01998,1025.12,7.645,2,0,4,2,0,1,1,30.48,7.4472,13,0.9658,60.12,2,1,LockBit
BENIGN_00851,1177.2,5.4576,6,1,0,0,56,0,0,0.86,5.3377,0,0.05,64.53,0,0,Benign
BENIGN_01001,1766.26,3.273,4,0,1,0,56,0,0,0.09,4.3836,0,0.1353,132.58,0,0,Benign
MALWARE_00878,574.73,7.381,7,0,1,1,0,1,1,61.11,7.99,24,0.771,43.0,3,1,WannaCry
BENIGN_00019,792.91,4.923,5,0,0,0,84,0,0,0.24,3.6246,0,0.2606,165.26,0,0,Benign
BENIGN_01638,2648.54,3.5233,5,1,0,0,56,0,0,0.06,5.0219,0,0.1916,118.02,0,0,Benign
BENIGN_01668,1848.15,5.6957,3,1,0,0,56,0,0,0.54,3.9131,0,0.2032,181.33,0,0,Benign
BENIGN_00494,1818.44,5.0894,6,1,1,0,0,0,0,0.25,4.3919,0,0.05,101.5,0,0,Benign
BENIGN_01348,20.0,5.9898,3,1,0,0,0,0,0,0.09,4.7239,0,0.0913,119.45,1,0,Benign
MALWARE_01228,483.01,7.6673,7,0,4,2,0,1,1,33.74,7.7512,21,1.0,19.44,1,1,REvil
MALWARE_02326,10.0,7.792,9,0,4,0,0,1,0,40.7,7.7,18,0.8397,61.05,2,1,Cerber
MALWARE_01115,152.15,7.0706,5,0,3,0,0,1,0,34.32,7.8263,22,0.8399,27.0,2,1,Ryuk
MALWARE_00982,1132.91,7.6215,7,0,7,2,0,1,0,65.83,7.8151,14,0.9501,64.92,1,1,WannaCry
BENIGN_00688,649.37,4.4762,5,1,0,0,112,0,0,0.8,4.8797,0,0.2511,69.5,0,0,Benign
MALWARE_01232,802.3,7.4877,5,0,6,0,0,1,1,50.26,7.7815,27,0.9118,20.77,1,1,Ryuk
BENIGN_01609,946.17,4.7689,5,1,0,0,112,0,0,0.14,4.6386,0,0.2182,111.7,0,0,Benign
MALWARE_01585,971.37,6.9958,7,1,3,0,0,1,1,51.63,7.512,23,0.7106,28.69,1,1,WannaCry
MALWARE_00903,595.98,7.7895,9,0,5,0,0,1,1,34.81,7.454,14,0.9042,59.06,1,1,REvil
BENIGN_01010,1225.9,4.1931,4,0,0,0,56,0,0,0.07,4.5734,0,0.0695,130.08,0,0,Benign
BENIGN_02409,2278.7,6.206,5,1,1,0,56,0,0,0.1,4.8906,0,0.1329,127.81,0,0,Benign
BENIGN_01093,2249.62,4.5886,6,1,0,0,84,0,0,0.01,3.9881,0,0.1525,85.83,0,0,Benign
BENIGN_01328,427.69,3.8435,5,1,1,0,84,0,0,0.47,3.8025,0,0.2731,141.85,0,0,Benign
BENIGN_01678,1373.45,4.4332,5,1,0,0,0,0,0,0.21,4.6238,0,0.1229,134.6,0,0,Benign
BENIGN_02000,741.51,3.9567,4,1,1,0,112,0,0,0.0,2.9648,0,0.2984,43.35,0,0,Benign
BENIGN_01311,600.2,3.5661,6,1,3,1,56,0,0,0.05,3.7256,0,0.1569,95.73,0,0,Benign
MALWARE_00759,114.56,7.6719,5,0,2,0,0,1,1,46.12,7.99,20,0.8484,59.73,2,1,REvil
BENIGN_01988,2079.87,4.2936,4,1,0,0,0,0,0,0.03,4.7662,0,0.0878,162.49,0,0,Benign
MALWARE_01149,476.96,7.8235,9,0,1,1,0,1,1,42.44,7.851,20,0.8554,39.27,2,1,REvil
BENIGN_00345,370.16,4.8721,5,1,0,0,56,0,0,0.06,3.0147,0,0.2101,16.75,0,0,Benign
MALWARE_01983,405.6,7.9035,7,0,3,0,0,1,0,65.38,7.6545,16,0.8681,34.13,2,1,LockBit
BENIGN_00987,1484.09,3.7685,4,0,0,0,112,0,0,0.05,2.8921,0,0.1455,36.02,0,0,Benign
MALWARE_02045,748.0,7.6242,5,1,2,0,0,1,1,41.48,7.4357,20,0.8464,36.5,3,1,Cerber
MALWARE_01308,189.48,7.5673,7,0,8,0,0,1,1,41.22,7.7063,17,0.8409,31.02,1,1,Maze
MALWARE_02024,706.55,7.3827,2,0,5,1,0,1,1,49.5,7.933,21,0.7584,58.16,1,1,REvil
MALWARE_01503,815.3,6.9301,7,0,3,0,0,1,0,28.14,7.9246,17,0.8197,52.46,1,1,WannaCry
MALWARE_00592,10.0,7.6373,5,0,4,0,0,1,1,19.15,7.4836,20,0.8682,37.67,2,1,Cerber
MALWARE_01462,346.48,7.4421,9,0,5,2,0,1,0,50.31,7.5306,22,0.6491,45.65,2,1,WannaCry
BENIGN_01143,1597.2,4.0354,5,1,0,0,84,0,0,0.18,4.0742,0,0.1562,134.51,0,0,Benign
BENIGN_02359,770.23,5.3761,5,1,1,0,56,0,0,0.03,4.6412,0,0.095,119.38,0,0,Benign
BENIGN_01199,670.14,4.1723,5,1,0,0,0,0,0,0.02,4.1885,0,0.2193,141.98,1,0,Benign
BENIGN_00086,1858.17,4.0445,3,0,0,0,56,0,0,0.03,4.3939,0,0.0959,210.05,0,0,Benign
BENIGN_01519,20.0,5.9573,4,1,0,0,0,0,0,0.2,3.2615,0,0.168,67.93,0,0,Benign
BENIGN_00517,2310.76,5.7699,4,1,0,0,56,0,0,0.26,3.7217,0,0.1533,141.75,0,0,Benign
BENIGN_01382,1502.62,4.6382,5,1,0,0,56,0,0,0.07,3.6378,0,0.1708,183.53,0,0,Benign
MALWARE_00217,462.63,7.84,5,0,1,2,0,1,1,82.65,7.3856,18,0.8167,50.39,1,1,Cerber
MALWARE_00585,858.86,7.6051,5,0,6,0,0,1,1,29.87,7.8681,16,0.7042,52.68,2,1,Maze
BENIGN_01015,1554.57,5.4544,5,1,1,0,56,0,0,0.14,3.0448,0,0.2082,148.95,0,0,Benign
BENIGN_00129,2102.67,5.1049,5,1,0,0,0,0,0,0.26,4.9728,0,0.1162,133.03,0,0,Benign
BENIGN_01365,1665.2,4.8714,6,1,0,0,56,0,0,0.07,3.4606,0,0.2375,99.78,0,0,Benign
MALWARE_01124,420.09,7.822,2,0,3,0,0,1,1,39.22,7.6301,16,0.8262,41.96,1,1,Maze
MALWARE_02471,315.24,7.7833,7,0,1,0,28,1,0,73.27,7.7983,17,0.7781,39.06,1,1,REvil
BENIGN_00892,1544.73,5.3555,4,1,1,0,0,0,0,0.16,5.7437,0,0.1696,57.87,0,0,Benign
MALWARE_00294,802.08,7.5393,5,0,6,0,0,1,1,49.11,7.3956,17,0.7062,31.79,2,1,REvil
MALWARE_01739,524.41,7.9606,7,1,3,0,56,1,1,55.53,7.8833,27,0.8956,8.0,1,1,Ryuk
BENIGN_01360,2313.74,4.4583,4,1,1,0,56,0,0,0.27,4.6925,0,0.0943,214.89,0,0,Benign
BENIGN_00308,1595.65,3.3279,5,1,0,0,0,0,0,0.02,4.1806,0,0.2182,226.03,0,0,Benign
BENIGN_01662,2447.76,5.7817,3,1,0,0,56,0,0,0.2,2.9236,0,0.1814,15.32,0,0,Benign
BENIGN_02432,1925.22,5.0359,5,1,0,0,0,0,0,0.19,3.9151,0,0.0816,62.28,0,0,Benign
MALWARE_01435,219.9,7.0923,2,0,7,1,0,1,1,70.72,7.8613,23,0.8836,78.67,1,1,Maze
BENIGN_01318,2370.35,5.2151,5,0,0,0,56,0,0,0.12,4.333,0,0.2666,63.8,1,0,Benign
MALWARE_01804,451.7,7.9165,7,0,6,0,0,1,0,47.3,7.8606,14,0.6786,31.97,1,1,Cerber
BENIGN_02475,852.74,4.0953,4,1,1,0,56,0,0,0.2,4.8223,0,0.0698,169.47,1,0,Benign
MALWARE_00043,310.83,7.0041,2,0,6,1,0,1,1,41.93,7.4956,19,1.0,67.63,1,1,LockBit
BENIGN_01247,931.98,5.3217,4,1,0,0,84,0,0,0.14,4.4602,0,0.199,74.44,0,0,Benign
BENIGN_01209,851.47,4.0488,5,1,0,0,112,0,0,0.12,3.2528,0,0.2271,47.99,0,0,Benign
BENIGN_00217,1579.68,3.4722,5,1,0,0,84,0,0,0.49,4.1247,0,0.1762,124.29,1,0,Benign
MALWARE_01793,10.0,7.1687,9,0,7,0,0,1,1,52.21,7.7541,13,0.8215,53.45,1,1,Cerber
MALWARE_00563,963.48,7.99,5,0,5,1,0,1,0,43.86,7.6827,16,0.8478,44.87,2,1,Maze
BENIGN_01240,1087.68,5.4727,4,1,0,0,56,0,0,0.16,3.1923,0,0.1291,102.76,0,0,Benign
BENIGN_02290,2249.4,5.1901,6,1,1,0,0,0,0,0.06,3.6378,0,0.0856,30.0,1,0,Benign
MALWARE_00241,1290.46,7.873,7,0,6,0,0,1,1,44.92,7.7742,13,0.8502,79.35,2,1,Cerber
BENIGN_00276,2564.46,4.4986,6,1,3,0,84,0,0,0.13,4.0762,0,0.05,208.33,0,0,Benign
BENIGN_00490,1142.1,3.4158,5,1,0,0,56,0,0,0.34,5.0003,0,0.0633,126.14,0,0,Benign
BENIGN_01036,1430.42,5.7399,4,1,1,0,112,0,0,0.04,3.0726,0,0.1011,159.38,0,0,Benign
BENIGN_01230,20.0,4.9146,4,1,0,0,0,0,0,0.11,3.7459,0,0.1518,58.05,0,0,Benign
MALWARE_02086,1101.04,7.2778,9,0,2,0,0,1,1,24.7,7.6119,20,0.9312,45.02,1,1,Maze
BENIGN_01009,1097.47,3.9891,4,1,0,0,84,0,0,0.09,4.2154,0,0.1607,177.14,0,0,Benign
MALWARE_02190,1003.72,7.99,7,0,2,0,0,1,1,30.32,7.8945,16,0.6728,53.39,3,1,Cerber
MALWARE_01527,478.31,7.7543,7,0,1,1,0,1,1,63.5,7.2649,22,0.8599,41.19,2,1,LockBit
MALWARE_00683,809.47,7.39,7,0,0,0,0,1,1,42.44,7.7401,23,0.7403,31.48,3,1,Maze
MALWARE_00033,1132.89,7.1491,2,0,11,1,0,1,1,34.2,7.345,16,0.834,30.02,1,1,REvil
MALWARE_01670,501.32,7.2942,5,0,5,1,56,1,0,46.8,7.7698,24,0.867,60.47,2,1,WannaCry
BENIGN_01059,3145.27,4.4233,5,1,1,0,56,0,0,0.07,3.923,0,0.05,176.32,0,0,Benign
BENIGN_02167,1177.86,4.7334,4,1,0,0,0,0,0,0.01,3.5161,0,0.1233,94.2,0,0,Benign
MALWARE_02079,575.71,7.2977,7,0,2,0,0,1,1,41.03,7.7167,24,0.7644,54.66,1,1,LockBit
BENIGN_00282,20.0,4.889,5,1,1,0,0,0,0,0.22,4.2915,0,0.247,206.74,0,0,Benign
MALWARE_01066,801.59,7.99,5,0,3,1,0,1,1,33.23,7.603,14,0.9996,42.92,3,1,Ryuk
BENIGN_01317,2258.74,5.382,4,1,0,0,56,0,0,0.01,2.8204,0,0.1636,15.0,0,0,Benign
MALWARE_02479,18.57,7.99,7,0,4,0,0,1,1,21.37,7.749,18,0.731,27.47,2,1,Ryuk
BENIGN_00969,1424.58,4.9452,5,1,2,0,84,0,0,0.01,3.9289,0,0.2726,116.73,0,0,Benign
MALWARE_00627,1044.87,7.7889,5,0,6,1,0,1,0,17.73,7.9081,17,0.7457,85.48,2,1,WannaCry
MALWARE_01421,743.13,7.5407,7,0,4,0,0,1,1,11.05,7.5063,24,0.8955,52.26,1,1,Maze
MALWARE_00667,776.55,7.2573,7,0,1,0,0,1,1,39.17,7.5533,20,0.8342,60.18,1,1,Cerber
MALWARE_01020,574.07,7.5631,5,0,5,2,0,1,0,77.7,7.4563,8,0.952,69.6,1,1,WannaCry
BENIGN_00620,2348.87,4.4683,4,1,0,0,112,0,0,0.16,3.7654,0,0.05,97.83,0,0,Benign
MALWARE_00847,449.03,7.553,5,0,3,1,28,1,1,44.94,7.99,24,0.9739,56.19,1,1,Ryuk
BENIGN_01743,949.59,4.5551,5,1,2,0,56,0,0,0.15,5.0813,0,0.1448,91.92,0,0,Benign
BENIGN_01391,2751.43,5.3366,6,1,0,0,0,0,0,0.13,4.1857,0,0.0907,204.44,0,0,Benign
MALWARE_01551,401.26,7.5715,5,0,5,0,0,1,1,43.23,7.6651,21,0.7725,32.07,1,1,LockBit
BENIGN_01848,1453.47,4.0257,6,1,0,0,0,0,0,0.02,3.2326,0,0.1319,66.17,0,0,Benign
BENIGN_01580,908.91,4.2255,5,0,0,0,56,0,0,0.03,3.8308,0,0.1948,195.2,0,0,Benign
BENIGN_01656,1592.69,5.7318,4,1,1,0,56,0,0,0.0,4.3637,0,0.0671,157.51,0,0,Benign
BENIGN_02353,1165.22,4.119,4,1,1,0,56,0,0,0.66,4.653,0,0.193,128.9,0,0,Benign
BENIGN_02213,729.69,5.2111,4,1,1,0,0,0,0,0.07,3.8564,0,0.2182,95.9,0,0,Benign
BENIGN_02021,577.71,4.4864,5,1,1,0,56,0,0,0.1,4.1584,0,0.2056,179.77,0,0,Benign
MALWARE_02473,812.95,7.3008,2,1,5,1,0,1,1,61.19,7.5006,21,0.8081,60.51,1,1,Ryuk
BENIGN_01957,2256.21,4.9237,6,0,1,0,84,0,0,0.27,4.7192,0,0.05,94.5,0,0,Benign
BENIGN_01308,2056.23,4.3647,4,0,0,0,56,0,0,0.67,3.3618,0,0.2849,181.64,0,0,Benign
BENIGN_02004,1548.44,4.7499,5,1,0,0,84,0,1,0.2,3.4987,0,0.2723,142.65,0,0,Benign
MALWARE_01956,10.0,7.975,7,0,3,1,0,1,1,62.78,7.4273,17,0.8285,55.83,1,1,Cerber
BENIGN_00576,743.18,4.7109,6,0,0,0,112,0,0,0.11,4.3795,0,0.05,129.22,0,0,Benign
MALWARE_01590,309.01,7.7409,2,0,2,0,28,1,1,39.33,7.99,26,0.8935,41.99,2,1,WannaCry
MALWARE_01820,1635.56,7.5601,5,0,5,0,56,1,1,46.94,7.6702,21,0.7558,15.45,1,1,Ryuk
MALWARE_01937,758.65,7.6396,9,0,2,2,0,1,1,52.03,7.7595,19,0.8521,75.6,1,1,REvil
BENIGN_01707,3027.02,5.3551,4,1,0,1,56,0,0,0.03,5.0482,0,0.2815,91.62,1,0,Benign
MALWARE_01243,789.18,7.99,9,0,4,1,28,1,0,55.68,7.6745,20,0.7602,65.77,1,1,LockBit
MALWARE_00971,336.48,7.3049,5,0,5,0,0,0,1,70.11,7.6219,14,0.9992,51.07,2,1,Maze
BENIGN_01281,1979.71,5.8174,6,1,1,0,56,0,0,0.31,3.7858,0,0.05,148.56,0,0,Benign
BENIGN_00862,935.75,4.1797,4,1,0,0,0,0,0,0.28,4.8726,0,0.2301,80.92,0,0,Benign
MALWARE_01646,1061.9,7.2626,5,0,7,1,0,0,0,28.0,7.8022,20,0.9198,32.5,1,1,Cerber
BENIGN_01802,655.85,6.1036,5,1,0,0,112,0,0,0.08,4.0813,0,0.2183,165.14,1,0,Benign
BENIGN_01629,1511.27,4.8523,5,1,0,0,56,0,0,0.09,4.6165,0,0.05,54.72,0,0,Benign
BENIGN_01994,2415.36,4.199,5,1,1,0,56,0,0,0.07,4.5954,0,0.0967,125.36,1,0,Benign
MALWARE_00140,1156.64,7.99,5,0,5,0,0,1,1,32.93,7.5304,18,0.9088,39.48,2,1,Cerber
BENIGN_00270,1010.27,4.5011,5,0,0,0,0,0,0,0.1,3.8956,0,0.1558,99.43,0,0,Benign
BENIGN_00630,1164.83,5.6229,4,1,0,0,0,0,0,0.14,3.7537,0,0.2317,191.82,0,0,Benign
MALWARE_00582,441.49,7.5266,7,0,4,0,0,1,1,34.09,7.6344,18,0.7338,55.42,3,1,REvil
BENIGN_02335,80.82,4.1633,5,1,0,0,56,0,0,0.09,3.2903,0,0.1202,161.51,0,0,Benign
MALWARE_00467,737.8,7.2927,5,0,5,0,0,0,0,52.28,7.8696,22,1.0,54.94,2,1,LockBit
BENIGN_00301,189.92,4.8957,4,0,1,0,56,0,0,0.02,3.5319,0,0.2916,15.0,0,0,Benign
BENIGN_00460,1932.23,5.3236,3,1,1,0,56,0,0,0.13,4.2559,0,0.05,85.13,0,0,Benign
BENIGN_01448,1642.23,4.2799,5,1,0,0,56,0,0,0.08,3.9288,0,0.1194,29.99,0,0,Benign
BENIGN_01473,2369.83,4.532,3,1,0,0,56,0,0,0.15,3.0095,0,0.1922,146.35,0,0,Benign
BENIGN_02047,1341.01,4.6657,3,0,0,0,0,0,0,0.47,4.1956,0,0.2151,79.07,0,0,Benign
MALWARE_01729,579.74,7.7557,5,0,2,0,0,1,1,45.67,7.3343,16,0.7278,15.98,2,1,Maze
MALWARE_01265,539.37,7.3764,2,0,4,0,0,1,1,65.01,7.3073,22,0.9433,26.49,2,1,Maze
BENIGN_02114,1534.87,4.6748,6,1,2,0,112,0,0,0.23,4.7047,0,0.1698,81.95,0,0,Benign
BENIGN_00028,523.54,5.2377,5,1,1,0,112,0,0,0.35,4.0787,0,0.2046,104.49,0,0,Benign
MALWARE_01340,476.94,7.0094,5,0,2,0,0,1,1,43.01,7.453,17,0.8867,47.09,2,1,REvil
MALWARE_02023,495.58,7.454,5,0,4,0,0,1,1,44.21,7.6998,24,1.0,50.98,3,1,Ryuk
BENIGN_00838,383.65,5.1638,4,1,0,0,84,0,0,0.49,4.1603,0,0.1864,58.58,1,0,Benign
MALWARE_01327,381.5,7.6274,5,0,7,0,0,1,1,58.38,7.7187,16,0.7423,55.5,3,1,Maze
BENIGN_02009,1766.16,4.8946,5,1,0,1,56,0,0,0.02,3.5599,0,0.0624,139.68,0,0,Benign
MALWARE_02408,488.0,6.7,5,0,7,0,0,1,1,16.44,7.7531,20,0.8312,39.82,2,1,Maze
BENIGN_00504,2032.83,4.9474,5,1,0,0,56,0,0,0.04,3.948,0,0.05,213.29,0,0,Benign
MALWARE_00707,546.46,7.6945,5,0,6,0,28,1,1,54.85,7.7442,19,0.7015,40.45,1,1,Ryuk
MALWARE_01805,716.67,7.0535,7,0,2,2,0,0,0,28.83,7.5088,18,0.7693,62.95,1,1,REvil
BENIGN_00381,965.32,4.7511,4,1,1,0,56,0,0,0.72,3.9895,0,0.05,188.49,0,0,Benign
BENIGN_01852,2272.62,5.631,5,1,0,0,112,0,0,0.65,4.8413,0,0.1947,165.88,0,0,Benign
BENIGN_01526,1823.52,4.6991,4,1,0,0,56,0,0,0.22,4.396,0,0.1015,146.91,0,0,Benign
BENIGN_02366,2739.9,4.5564,3,1,0,0,84,0,1,0.34,4.806,0,0.1984,198.5,0,0,Benign
MALWARE_01648,903.23,7.6539,5,0,7,1,0,1,1,34.18,7.4339,17,0.8605,8.0,1,1,Cerber
MALWARE_00553,109.98,7.99,2,0,5,0,28,1,0,29.55,7.834,25,0.694,38.86,2,1,Cerber
MALWARE_00385,955.13,7.7268,7,0,5,1,28,1,1,36.14,7.7046,18,0.7958,18.21,1,1,Ryuk
BENIGN_02341,1026.35,5.6539,4,1,1,0,112,0,0,0.12,3.8572,0,0.2765,104.72,0,0,Benign
BENIGN_00375,20.0,4.5461,5,0,0,0,56,0,0,0.05,3.0204,0,0.1434,120.87,0,0,Benign
MALWARE_00761,846.94,7.4259,2,0,3,1,28,1,1,28.24,7.492,15,0.8251,11.18,3,1,WannaCry
BENIGN_02382,629.79,4.9251,5,0,0,0,0,0,0,0.25,4.1958,0,0.1397,114.24,0,0,Benign
MALWARE_01810,123.99,7.5152,2,0,1,1,0,1,1,50.09,7.7659,21,0.7993,28.59,2,1,WannaCry
BENIGN_00940,801.97,4.1321,4,1,1,0,0,0,0,0.02,4.402,0,0.1472,93.65,0,0,Benign
MALWARE_01699,733.85,7.1613,2,0,4,0,28,1,1,45.47,7.5983,13,0.6939,46.85,1,1,LockBit
MALWARE_01666,650.52,7.2428,2,0,5,1,0,1,0,53.69,7.887,19,1.0,26.77,1,1,LockBit
MALWARE_00300,675.27,7.871,2,0,3,1,28,1,1,41.67,7.881,15,0.898,32.57,1,1,LockBit
BENIGN_02148,241.58,4.5167,5,1,1,0,112,0,0,0.04,4.3836,0,0.2869,86.73,0,0,Benign
MALWARE_01318,846.8,7.4711,9,0,3,1,0,1,1,45.76,7.5291,16,0.8983,20.49,1,1,REvil
MALWARE_02041,849.53,7.7332,9,0,4,0,0,1,1,42.69,7.6686,20,0.9061,29.73,3,1,WannaCry
MALWARE_01717,389.03,7.4969,7,0,2,0,0,1,0,68.31,7.8355,18,0.9547,54.81,2,1,Ryuk
BENIGN_02069,750.59,6.1584,3,1,0,0,0,0,1,0.12,3.6115,0,0.05,156.62,0,0,Benign
BENIGN_00530,1297.67,6.2949,4,1,0,0,56,0,0,0.46,4.2209,0,0.05,177.98,0,0,Benign
MALWARE_02105,205.96,7.7386,7,0,9,1,0,1,1,46.74,7.5903,24,0.7733,42.3,2,1,WannaCry
BENIGN_00637,1249.86,4.1632,5,1,0,0,84,0,0,0.39,4.3269,0,0.3074,105.25,0,0,Benign
BENIGN_01270,1711.63,5.7303,4,1,2,0,0,0,0,0.19,4.1117,0,0.1755,92.22,0,0,Benign
BENIGN_00186,2691.89,4.4833,4,1,0,0,56,0,0,0.63,4.0922,0,0.1517,131.54,1,0,Benign
MALWARE_01850,416.61,7.4949,9,0,5,0,0,1,1,47.96,7.4505,16,0.9085,32.1,3,1,Cerber
MALWARE_00680,932.64,7.9188,7,0,6,0,0,1,1,58.87,7.6181,23,0.7295,48.71,2,1,Ryuk
MALWARE_00955,732.9,7.7508,5,0,3,0,0,1,1,35.37,7.7879,19,0.7067,73.09,2,1,Ryuk
BENIGN_01798,1296.49,5.437,5,1,0,0,56,0,0,0.71,4.0425,0,0.0988,135.33,0,0,Benign
MALWARE_00480,725.35,7.0641,2,0,0,1,56,0,1,38.95,7.9768,16,0.8719,31.31,1,1,Ryuk
BENIGN_01442,2262.24,5.0013,6,1,0,0,56,0,0,0.21,3.9073,0,0.1536,98.13,0,0,Benign
MALWARE_00928,453.93,7.2264,9,0,2,0,0,1,1,38.89,7.5928,17,0.7573,78.66,1,1,Maze
MALWARE_02375,394.38,7.7799,5,0,3,0,0,1,1,53.27,7.6259,22,0.8561,47.62,1,1,Cerber
BENIGN_01536,1816.57,4.7035,5,1,0,0,0,0,0,0.05,3.5881,0,0.0896,214.83,0,0,Benign
MALWARE_00944,898.67,7.99,9,0,5,0,0,0,1,33.17,7.6694,26,0.8081,22.27,2,1,LockBit
BENIGN_01274,20.0,5.2109,3,1,0,0,84,0,0,0.05,3.8031,0,0.1992,40.31,0,0,Benign
BENIGN_02468,2865.78,4.3147,4,1,0,0,0,0,0,0.45,4.541,0,0.2948,42.05,0,0,Benign
BENIGN_00608,714.14,4.2422,5,1,0,0,56,0,0,0.53,4.3458,0,0.2113,99.31,0,0,Benign
MALWARE_01014,886.96,7.6725,5,0,2,0,56,1,1,30.16,7.911,17,0.7516,31.95,2,1,Ryuk
BENIGN_01713,1736.04,4.1701,5,1,0,0,112,0,0,0.33,4.4077,0,0.1555,196.92,0,0,Benign
BENIGN_02200,1839.16,4.9737,5,1,0,0,0,0,0,0.97,3.5818,0,0.2221,136.49,0,0,Benign
BENIGN_00956,653.48,6.0459,5,1,1,0,56,0,1,0.29,3.5744,0,0.1513,146.46,0,0,Benign
MALWARE_00080,707.36,7.5175,5,0,7,1,0,1,1,59.08,7.6364,23,1.0,62.07,2,1,Ryuk
MALWARE_01398,562.45,7.8772,7,0,6,2,28,1,1,67.6,7.7154,14,0.8525,41.72,3,1,Maze
MALWARE_01926,511.29,7.8207,7,0,3,1,28,1,1,51.32,7.4352,22,1.0,68.31,1,1,Maze
MALWARE_00881,431.16,7.5598,7,0,4,2,0,1,1,62.69,7.99,22,0.842,70.09,2,1,LockBit
MALWARE_01186,428.59,7.5391,7,0,6,0,0,1,1,65.04,7.7905,32,0.9079,74.76,1,1,REvil
BENIGN_00404,1662.36,5.1842,4,1,1,0,84,0,0,0.08,3.5669,0,0.2677,85.03,0,0,Benign
BENIGN_02072,559.31,4.507,5,1,0,0,56,0,0,0.08,5.1376,0,0.1075,140.87,0,0,Benign
MALWARE_02256,600.95,7.9785,9,0,3,1,0,1,1,51.51,7.7289,24,1.0,18.58,1,1,Ryuk
BENIGN_01978,2389.1,4.4514,3,1,0,0,0,0,0,0.01,5.1072,0,0.0808,163.64,0,0,Benign
BENIGN_00159,57.49,3.5327,6,1,0,0,84,0,0,0.34,4.2869,0,0.1008,84.59,0,0,Benign
BENIGN_01749,1608.04,5.5515,6,1,1,0,56,0,0,0.04,4.4373,0,0.247,79.09,0,0,Benign
MALWARE_00410,763.78,7.99,5,0,4,0,0,1,1,38.33,7.6024,23,1.0,35.99,2,1,Cerber
MALWARE_01035,790.64,7.7662,2,0,6,0,56,0,1,32.56,7.7008,23,0.7851,75.18,1,1,REvil
BENIGN_00903,926.82,6.1912,5,1,0,0,0,0,0,0.63,4.0546,0,0.227,70.71,0,0,Benign
BENIGN_00353,1189.32,4.5555,4,1,0,0,0,0,0,0.12,4.2477,0,0.1552,123.99,1,0,Benign
BENIGN_01231,1521.74,4.3029,4,1,0,0,84,0,0,0.41,3.2368,0,0.2535,147.87,1,0,Benign
MALWARE_02171,666.55,7.6685,7,0,4,0,0,0,1,44.07,7.8872,18,0.6692,26.42,3,1,LockBit
BENIGN_02141,103.3,5.3939,4,1,0,0,112,0,0,0.01,5.05,0,0.1743,127.65,0,0,Benign
BENIGN_00445,234.22,4.8402,5,1,1,0,0,0,0,0.04,4.8203,0,0.1174,165.4,1,0,Benign
MALWARE_02449,798.76,7.4239,7,0,4,0,0,1,0,59.99,7.5395,11,0.9047,72.85,1,1,LockBit
BENIGN_00755,1937.26,5.4167,6,1,2,0,0,0,0,0.15,4.7828,0,0.05,60.62,0,0,Benign
BENIGN_01738,878.77,4.3212,4,0,1,0,84,0,0,0.03,4.038,0,0.1094,158.86,0,0,Benign
MALWARE_00472,215.72,7.5299,5,0,1,1,0,1,1,44.6,7.9069,24,0.6995,54.53,2,1,Ryuk
MALWARE_02480,695.88,7.1944,7,0,2,0,28,1,0,51.88,7.5527,19,0.7733,39.44,2,1,REvil
MALWARE_00421,602.91,7.4907,2,0,4,0,0,1,1,21.6,7.6763,18,0.841,19.03,2,1,WannaCry
BENIGN_00312,2417.15,5.3196,3,1,1,0,0,0,0,0.14,3.9816,0,0.0594,157.96,0,0,Benign
BENIGN_00549,113.7,6.3209,4,1,1,0,56,0,0,0.09,3.0124,0,0.1381,101.61,0,0,Benign
MALWARE_01553,224.65,7.8204,7,0,5,0,28,1,0,38.67,7.8603,14,0.8506,63.17,1,1,REvil
MALWARE_02262,1107.31,7.8089,7,0,3,1,0,0,1,49.18,7.7714,19,0.7129,49.03,4,1,LockBit
BENIGN_01990,1011.33,4.0413,3,1,0,0,0,0,0,0.14,5.2658,0,0.2115,17.34,0,0,Benign
BENIGN_00307,202.88,5.147,5,1,1,0,56,0,0,0.06,5.2857,0,0.05,27.63,0,0,Benign
BENIGN_02336,2206.47,4.8126,4,1,0,0,56,0,0,0.01,4.8015,0,0.2531,225.38,0,0,Benign
BENIGN_00695,2262.54,5.4313,4,1,0,0,56,0,0,0.03,4.5681,0,0.0999,131.25,0,0,Benign
BENIGN_02357,2031.21,4.5883,4,1,0,0,84,0,0,0.21,4.4709,0,0.1763,181.01,0,0,Benign
BENIGN_01928,682.99,3.8673,4,1,1,0,0,0,0,0.99,3.7875,0,0.3009,28.15,0,0,Benign
BENIGN_00685,20.0,6.735,4,1,0,0,0,0,0,0.18,3.8705,0,0.1163,185.74,0,0,Benign
BENIGN_00750,1404.35,2.4618,5,1,0,0,0,0,0,0.0,3.5137,0,0.2774,90.61,0,0,Benign
MALWARE_01509,377.4,7.9634,7,0,7,0,0,1,1,40.47,7.511,17,0.7165,8.31,1,1,WannaCry
BENIGN_01267,1832.12,4.9812,4,1,1,0,56,0,0,0.35,4.3597,0,0.1702,117.23,0,0,Benign
MALWARE_00786,731.05,7.556,5,0,4,1,0,1,1,72.41,7.2615,23,0.7525,18.95,1,1,LockBit
MALWARE_01030,813.84,7.6516,2,1,5,1,0,1,0,37.12,7.8942,24,0.7305,54.48,1,1,Cerber
MALWARE_01924,45.36,7.7354,5,0,0,0,0,1,1,28.41,7.7577,28,1.0,88.76,2,1,REvil
MALWARE_01485,609.2,7.6531,5,0,1,1,0,1,1,48.07,7.4337,13,0.9726,63.15,3,1,REvil
MALWARE_00584,833.15,7.704,5,0,2,1,0,1,1,64.76,7.4894,13,0.9031,8.0,3,1,REvil
MALWARE_00562,926.09,7.3231,7,0,5,0,28,1,1,35.2,7.7188,21,0.9596,52.24,1,1,WannaCry
MALWARE_00526,597.89,7.7978,9,0,8,0,0,1,1,42.6,7.4587,16,0.7402,45.12,4,1,Ryuk
BENIGN_00971,1132.32,3.9494,4,1,0,0,84,0,0,0.45,5.0494,0,0.2317,90.42,0,0,Benign
BENIGN_00014,2545.71,4.5404,5,0,0,0,56,0,0,0.45,4.0765,0,0.17,137.32,0,0,Benign
BENIGN_00874,463.16,3.7947,4,0,0,0,0,0,0,0.07,3.9564,0,0.1527,77.27,0,0,Benign
BENIGN_00809,20.0,4.7918,4,1,1,0,0,0,0,0.23,5.212,0,0.0948,158.71,0,0,Benign
MALWARE_00699,621.37,7.4228,5,0,2,0,0,1,1,58.84,7.8663,15,0.8332,44.41,2,1,REvil
BENIGN_00515,1401.49,5.2821,5,1,0,0,0,0,0,0.15,4.5618,0,0.2136,81.52,0,0,Benign
MALWARE_01973,750.08,7.8158,5,0,2,1,0,1,1,62.84,7.5974,23,1.0,56.41,2,1,REvil
BENIGN_00410,1602.92,4.9109,5,1,0,0,84,0,0,0.02,3.5483,0,0.1968,101.49,0,0,Benign
MALWARE_00909,701.37,7.99,5,1,10,0,0,1,0,54.34,7.7032,17,0.8142,35.83,2,1,WannaCry
MALWARE_01843,725.04,7.2338,7,0,5,0,0,1,0,24.14,7.7104,14,0.8383,28.76,2,1,LockBit
BENIGN_00208,340.28,5.5588,6,1,0,0,112,0,0,0.02,3.4284,0,0.2839,187.02,0,0,Benign
MALWARE_01192,75.82,7.4281,9,0,4,1,0,1,1,18.35,7.6786,21,1.0,55.75,2,1,LockBit
BENIGN_00459,2279.08,4.2025,3,1,0,0,0,0,0,0.02,3.294,0,0.1324,110.31,0,0,Benign
MALWARE_00972,165.71,7.7272,7,0,4,0,28,1,1,31.49,7.6687,13,0.93,49.45,2,1,REvil
BENIGN_02431,1423.24,5.7385,4,1,0,0,112,0,0,0.08,4.672,0,0.2838,109.52,1,0,Benign
MALWARE_01158,564.71,7.8004,7,0,7,1,28,1,1,52.92,7.4621,16,0.9155,40.29,1,1,REvil
BENIGN_00111,2056.0,6.3572,5,1,0,0,112,0,0,0.23,4.3016,0,0.05,114.44,0,0,Benign
MALWARE_02090,604.73,7.842,7,0,3,0,0,1,1,45.52,7.4432,15,0.6389,58.47,1,1,WannaCry
MALWARE_01545,225.27,7.7542,9,0,3,1,0,1,1,48.73,7.5118,15,0.8139,11.53,1,1,Cerber
BENIGN_01884,2400.67,5.007,6,1,0,0,0,0,0,0.14,4.0196,0,0.0614,208.79,0,0,Benign
BENIGN_01714,1399.71,5.9598,4,1,0,0,56,0,0,0.2,4.1924,0,0.1264,70.64,0,0,Benign
MALWARE_01459,623.32,7.8755,9,0,4,1,0,1,1,41.63,7.7438,17,0.7878,50.48,3,1,WannaCry
MALWARE_00900,308.58,7.4669,9,0,3,0,28,1,1,12.67,7.4852,21,1.0,17.85,1,1,Cerber
BENIGN_00553,1207.46,5.2034,5,1,1,0,0,0,0,0.66,3.1177,0,0.1765,138.23,0,0,Benign
BENIGN_01440,2186.45,4.1312,5,1,0,0,56,0,0,0.57,3.2339,0,0.1129,96.48,0,0,Benign
BENIGN_02271,2519.04,2.9997,4,1,0,0,56,0,0,0.37,3.8834,0,0.0611,157.69,0,0,Benign
MALWARE_00645,429.79,7.4413,9,0,5,1,0,1,1,19.6,7.9635,18,0.8125,80.65,2,1,Maze
MALWARE_00322,116.95,7.2449,7,1,8,0,0,1,0,38.51,7.6437,27,0.7725,58.03,4,1,Ryuk
MALWARE_02282,969.48,7.4645,5,0,5,0,28,0,1,24.95,7.2748,22,0.9466,29.75,3,1,REvil
BENIGN_01926,887.72,6.1303,6,1,0,0,56,0,0,0.01,4.9385,0,0.05,100.85,0,0,Benign
BENIGN_00635,798.89,5.3443,5,1,0,0,112,0,0,0.05,4.8357,0,0.1056,171.9,0,0,Benign
MALWARE_02306,352.26,7.5207,7,0,7,2,0,1,0,46.91,7.4253,22,0.8634,64.54,2,1,LockBit
BENIGN_00317,1211.97,4.2175,5,0,0,1,56,0,0,0.28,4.6901,0,0.1159,140.1,0,0,Benign
MALWARE_01718,709.05,7.99,5,0,2,1,28,0,1,32.36,7.868,23,0.8195,54.36,3,1,Ryuk
MALWARE_02200,631.26,7.4456,2,0,2,2,28,0,0,51.52,7.7,25,0.9094,62.5,1,1,WannaCry
BENIGN_01329,1279.46,4.5739,3,1,0,1,56,0,0,0.24,5.3028,0,0.1838,107.56,0,0,Benign
BENIGN_00428,2526.7,4.8663,5,1,0,0,84,0,0,0.35,3.7631,0,0.2723,138.27,0,0,Benign
MALWARE_01875,346.37,7.2738,5,0,3,2,28,1,1,31.17,7.5767,21,0.787,42.33,1,1,REvil
BENIGN_00106,1156.48,5.7649,5,1,0,0,56,0,0,0.46,4.4304,0,0.0505,85.35,0,0,Benign
MALWARE_00542,783.05,7.8483,7,0,1,1,28,0,1,49.98,7.7613,14,0.8293,19.66,3,1,Cerber
BENIGN_00143,1158.91,5.7188,5,0,0,0,0,0,0,0.17,4.9129,0,0.1929,158.27,0,0,Benign
BENIGN_02170,2280.09,5.7061,5,1,2,0,84,0,0,0.27,4.1884,0,0.2401,112.88,0,0,Benign
MALWARE_00959,569.99,7.838,7,0,0,0,0,1,1,80.34,7.99,17,0.8658,8.0,1,1,Ryuk
BENIGN_00090,1814.79,4.3364,5,1,1,0,56,0,0,0.15,4.8534,0,0.1204,130.23,0,0,Benign
MALWARE_00419,958.92,7.5512,7,0,3,0,56,1,1,48.76,7.4067,20,0.8348,98.35,3,1,LockBit
MALWARE_00738,745.88,7.5735,7,0,1,0,0,1,1,31.4,7.4293,23,0.9063,69.36,1,1,REvil
BENIGN_02242,1290.81,5.5675,5,0,1,0,56,0,0,0.49,4.8681,0,0.1666,97.84,0,0,Benign
MALWARE_00675,906.61,7.0819,7,0,4,1,0,1,1,35.71,7.3898,19,0.8991,62.23,1,1,REvil
MALWARE_00913,604.91,7.4531,2,0,3,0,0,1,1,43.37,7.99,32,0.8151,75.17,1,1,Maze
BENIGN_02164,763.71,5.0699,4,1,0,0,56,0,0,0.35,3.1369,0,0.164,133.75,0,0,Benign
MALWARE_00137,1025.0,7.99,5,1,3,0,0,1,0,44.31,7.96,23,0.8419,63.9,3,1,Ryuk
BENIGN_01950,1991.32,5.8925,4,1,1,0,0,0,0,0.07,3.4893,0,0.1405,189.35,0,0,Benign
BENIGN_01769,2156.0,3.9033,4,1,0,0,0,0,0,0.0,5.3105,0,0.05,91.36,0,0,Benign
MALWARE_01791,487.28,7.371,7,0,4,2,0,0,1,54.87,7.99,15,0.8343,34.85,3,1,Cerber
BENIGN_02273,2110.29,4.7866,4,1,0,0,56,0,0,0.13,4.0897,0,0.2163,216.58,0,0,Benign
BENIGN_00002,760.73,3.4201,5,1,0,0,56,0,0,0.04,3.8626,0,0.3548,139.71,0,0,Benign
MALWARE_00783,544.17,7.8819,2,0,9,0,0,1,1,47.47,7.5704,17,0.7787,24.14,4,1,Maze
MALWARE_02458,733.45,7.5576,9,0,7,0,0,0,1,38.14,7.6692,10,0.9399,47.92,1,1,Ryuk
BENIGN_01952,431.88,6.7042,5,1,0,0,56,0,0,0.02,4.2683,0,0.05,146.52,1,0,Benign
BENIGN_00936,1022.75,5.5959,4,1,0,0,0,0,0,0.31,3.8797,0,0.0803,118.96,0,0,Benign
MALWARE_01797,748.19,7.3986,5,0,8,1,0,0,1,52.98,7.7377,18,0.7883,60.82,2,1,REvil
MALWARE_00221,294.05,7.0869,7,1,4,1,0,1,1,47.97,7.923,15,0.8609,29.88,1,1,Cerber
MALWARE_01948,122.95,7.752,5,0,5,0,0,1,1,58.19,7.6267,19,0.8388,52.76,3,1,LockBit
BENIGN_01110,1966.18,4.8966,4,1,0,0,84,0,0,0.0,3.8166,0,0.2785,62.98,0,0,Benign
MALWARE_01461,323.09,7.5104,2,0,5,1,0,1,0,55.61,7.62,12,0.9273,26.91,1,1,WannaCry
BENIGN_00592,459.0,6.753,6,1,0,0,112,0,0,0.08,4.4623,0,0.087,76.41,0,0,Benign
BENIGN_01696,625.3,6.0155,3,1,0,0,56,0,0,0.05,4.638,0,0.0926,50.34,0,0,Benign
MALWARE_00951,785.13,7.99,9,1,7,0,0,1,0,65.39,7.6509,16,0.8575,70.47,2,1,Cerber
MALWARE_00437,268.93,7.5685,7,0,4,1,0,0,1,65.97,7.7565,24,0.7849,21.73,1,1,REvil
MALWARE_01705,191.46,7.1031,2,0,3,2,0,0,1,51.98,7.785,22,1.0,8.0,1,1,Maze
MALWARE_00912,318.52,7.1599,7,0,2,2,28,1,1,30.96,7.6862,18,0.7464,64.05,2,1,REvil
BENIGN_01577,1391.12,4.642,4,0,0,0,0,0,0,0.18,4.1962,0,0.05,179.16,0,0,Benign
MALWARE_01455,703.07,7.9271,9,0,4,1,0,1,1,50.93,7.7802,19,1.0,67.43,3,1,Maze
BENIGN_00214,1332.55,3.4258,4,0,0,0,56,0,0,0.06,4.3709,0,0.1015,205.97,0,0,Benign
BENIGN_00779,1637.67,4.8366,4,1,0,0,112,0,0,0.31,4.442,0,0.05,104.92,0,0,Benign
BENIGN_01416,1433.93,6.5033,5,1,0,0,56,0,0,0.07,4.2878,0,0.2313,46.65,0,0,Benign
MALWARE_01260,625.12,7.99,5,0,1,0,0,1,0,40.91,7.5739,23,1.0,53.27,1,1,Ryuk
BENIGN_02044,2687.25,5.3054,5,1,0,0,112,0,0,0.01,3.7631,0,0.1788,162.43,0,0,Benign
MALWARE_00349,838.06,7.9145,7,0,5,1,0,1,1,60.4,7.7519,18,0.7981,67.44,2,1,LockBit
MALWARE_02038,10.0,7.0187,2,0,2,0,0,1,0,35.97,7.6995,16,0.8184,54.29,1,1,Cerber
MALWARE_01006,936.23,7.4422,5,0,3,1,56,1,1,22.12,7.6658,21,0.8193,61.29,1,1,LockBit
MALWARE_01314,964.55,7.8301,9,0,3,1,28,1,1,62.12,7.5226,16,0.6819,51.05,3,1,REvil
BENIGN_01568,1715.0,6.1976,4,1,0,0,84,0,0,0.1,3.8586,0,0.2316,144.23,0,0,Benign
BENIGN_00166,1203.99,3.357,6,1,1,0,56,0,0,0.83,3.987,0,0.05,45.69,0,0,Benign
MALWARE_02215,1055.79,7.4439,2,0,1,0,0,1,0,42.3,7.9224,17,0.8541,87.43,2,1,REvil
MALWARE_01773,646.26,7.4228,7,0,6,0,56,1,1,42.96,7.7168,15,0.7767,63.3,1,1,LockBit
MALWARE_02427,980.05,7.6788,9,0,5,0,0,1,0,45.5,7.94,20,0.7532,56.91,1,1,Maze
BENIGN_01344,1950.6,4.7102,5,1,0,1,84,0,0,0.16,4.2177,0,0.2355,84.4,1,0,Benign
BENIGN_02014,1369.84,5.3395,4,1,0,0,56,0,0,0.43,4.1912,0,0.0974,188.53,0,0,Benign
BENIGN_00274,1864.72,4.1549,4,1,0,0,56,0,0,0.04,3.3926,0,0.05,158.8,0,0,Benign
BENIGN_00072,1607.99,5.9576,4,1,1,0,0,0,0,0.0,4.3179,0,0.1566,173.27,1,0,Benign
MALWARE_01388,254.68,7.693,5,0,6,0,0,0,1,34.61,7.1497,26,0.9266,40.88,3,1,Ryuk
BENIGN_01088,1417.79,5.8699,5,1,1,0,56,0,0,0.4,4.0472,0,0.2717,95.03,0,0,Benign
BENIGN_00395,2661.69,4.8113,4,0,1,0,0,0,0,0.34,3.7504,0,0.1323,61.15,0,0,Benign
BENIGN_00584,1103.76,4.395,4,1,1,0,56,0,0,0.29,4.0923,0,0.3151,127.9,0,0,Benign
BENIGN_01368,854.18,4.6443,5,0,0,0,0,0,0,0.03,5.0208,0,0.0726,91.72,1,0,Benign
MALWARE_02488,603.69,7.9527,5,0,4,2,28,1,0,49.44,7.5749,9,1.0,62.74,2,1,Ryuk
MALWARE_01589,1225.86,6.8418,2,0,6,0,0,1,1,56.23,7.4031,20,0.7759,32.72,2,1,LockBit
MALWARE_00049,916.95,7.6191,5,0,5,0,0,1,1,36.89,7.7206,12,0.9016,69.1,1,1,Ryuk
BENIGN_01014,1505.83,5.0398,5,1,0,0,84,0,0,0.27,3.2066,0,0.2873,124.67,1,0,Benign
MALWARE_02398,369.27,7.667,7,0,3,2,0,1,1,64.6,7.8495,12,0.9544,38.2,4,1,Maze
MALWARE_00504,345.9,7.021,5,0,0,2,0,1,0,39.55,7.3916,19,0.8785,41.72,1,1,REvil
MALWARE_02289,314.96,7.7711,2,0,6,0,0,1,1,34.77,7.5973,27,0.7879,30.53,3,1,Ryuk
MALWARE_01908,284.71,7.743,9,0,6,2,0,1,1,11.53,7.6116,14,0.8248,52.81,1,1,Cerber
MALWARE_01033,497.7,7.5214,9,0,6,1,0,0,1,35.53,7.6507,22,0.8565,25.38,1,1,WannaCry
BENIGN_01764,716.66,4.2337,6,1,1,0,56,0,1,0.15,5.0402,0,0.126,189.24,0,0,Benign
BENIGN_01876,2277.04,4.1536,4,1,0,0,56,0,0,0.14,4.8077,0,0.1415,82.21,0,0,Benign
BENIGN_01260,1680.14,4.6103,4,1,0,0,84,0,0,0.26,3.3043,0,0.3435,118.44,0,0,Benign
MALWARE_02031,631.03,7.6094,2,0,5,1,0,1,0,49.91,7.9453,17,0.8088,55.25,1,1,Ryuk
BENIGN_02254,1591.19,4.8666,6,1,0,0,84,0,0,0.95,3.6886,0,0.1578,76.36,0,0,Benign
MALWARE_00282,300.99,7.7383,2,0,4,2,28,1,1,45.77,7.4661,16,0.9129,38.82,4,1,Maze
MALWARE_01093,890.4,7.646,9,0,6,1,0,1,0,39.18,7.8232,23,0.8238,25.71,1,1,LockBit
BENIGN_00527,585.33,4.87,3,1,0,0,112,0,0,0.22,4.3081,0,0.0915,145.5,0,0,Benign
MALWARE_01764,821.79,7.6723,2,0,4,0,28,1,1,44.75,7.5915,14,0.7668,52.45,1,1,Ryuk
MALWARE_00447,514.69,7.6748,7,0,5,1,0,0,1,54.61,7.5706,19,0.8751,43.54,1,1,LockBit
BENIGN_00378,2016.8,4.863,4,1,0,0,84,0,0,0.02,4.8324,0,0.1014,99.78,0,0,Benign
BENIGN_01560,2221.66,4.9052,4,1,0,0,0,0,0,0.0,4.0948,0,0.1258,80.41,0,0,Benign
MALWARE_01321,113.52,7.9399,2,0,5,0,0,1,1,25.91,7.4615,13,0.9284,75.46,1,1,LockBit
BENIGN_01964,849.75,5.0433,5,1,0,0,0,0,0,0.38,4.257,0,0.0903,15.0,0,0,Benign
MALWARE_02233,96.39,7.5465,7,0,2,1,28,1,1,33.63,7.151,21,1.0,72.51,3,1,Ryuk
BENIGN_00349,1724.43,5.6129,5,1,0,0,56,0,0,0.07,4.5102,0,0.1323,118.88,1,0,Benign
BENIGN_02435,1589.35,2.7827,4,0,1,0,56,0,0,0.16,4.2867,0,0.153,120.77,0,0,Benign
BENIGN_02247,1000.95,4.4351,4,1,1,0,0,0,0,0.01,4.2513,0,0.2218,110.88,1,0,Benign
MALWARE_01667,353.63,7.7355,5,0,5,0,0,1,1,51.42,7.6554,16,0.9609,40.4,4,1,Maze
BENIGN_01710,1729.1,4.688,5,1,0,0,56,0,0,0.15,5.0263,0,0.2442,165.64,0,0,Benign
BENIGN_01051,1910.82,6.3378,4,1,0,0,84,0,0,0.46,5.0201,0,0.209,147.35,0,0,Benign
BENIGN_00591,578.4,4.8873,3,1,0,0,56,0,0,0.08,4.1514,0,0.1403,104.99,0,0,Benign
BENIGN_00520,3065.29,4.6821,6,1,0,0,56,0,1,0.22,4.7784,0,0.1411,105.43,0,0,Benign
MALWARE_02253,752.48,7.4535,2,0,4,0,0,1,1,62.12,7.7141,21,0.7829,33.81,3,1,Maze
MALWARE_01809,920.45,7.1649,7,0,5,0,0,1,1,30.01,7.8372,25,0.7114,51.84,1,1,REvil
BENIGN_02478,1600.44,4.4005,5,1,1,0,56,0,0,1.0,3.6028,0,0.1978,112.36,0,0,Benign
BENIGN_01084,1186.96,6.8,3,1,1,0,56,0,0,0.16,3.4761,0,0.05,107.55,0,0,Benign
MALWARE_01089,1066.92,7.9079,2,0,3,0,0,1,1,30.29,7.99,26,0.7428,16.7,3,1,Cerber
MALWARE_02279,591.01,7.6913,5,0,4,1,0,0,1,27.74,7.4304,19,0.9404,76.5,1,1,REvil
MALWARE_02010,339.36,7.6338,9,0,7,1,0,1,1,52.91,7.67,20,0.8003,75.24,1,1,REvil
BENIGN_01295,1208.72,3.7866,4,1,0,0,56,0,0,0.21,5.1517,0,0.153,148.24,1,0,Benign
BENIGN_01810,1398.89,4.0467,5,1,1,1,0,0,0,0.21,4.5036,0,0.0873,15.0,0,0,Benign
BENIGN_00792,1342.79,5.2945,4,1,0,0,56,0,0,0.86,4.4079,0,0.1294,183.72,0,0,Benign
BENIGN_00793,1107.51,4.5738,4,1,0,0,56,0,0,0.02,4.5225,0,0.1604,158.61,1,0,Benign
MALWARE_01615,420.67,7.5636,7,0,6,0,0,1,1,76.65,7.7996,29,0.7541,48.94,1,1,REvil
BENIGN_01856,1910.57,4.9362,4,1,0,0,112,0,0,0.15,3.892,0,0.1624,148.84,0,0,Benign
MALWARE_02258,293.5,7.6124,2,0,3,1,0,1,1,27.07,7.4444,21,0.8113,61.53,1,1,Maze
BENIGN_01981,227.12,3.3856,5,1,0,0,112,0,0,0.12,4.6407,0,0.2824,77.62,0,0,Benign
MALWARE_00734,201.63,7.4965,5,0,3,0,28,0,1,54.28,7.9288,16,0.8144,70.46,2,1,Ryuk
MALWARE_01409,444.93,7.567,9,0,3,1,0,1,1,26.11,7.6627,27,0.7486,41.43,3,1,Ryuk
MALWARE_02485,614.13,7.5433,5,0,1,1,0,1,0,46.29,7.4961,22,0.8193,31.34,2,1,Ryuk
MALWARE_00829,1035.77,7.569,7,0,2,0,0,1,0,81.98,7.4313,26,0.9747,27.36,1,1,Cerber
BENIGN_01531,2766.97,5.063,3,1,0,0,0,0,1,0.16,3.4508,0,0.2234,62.3,0,0,Benign
BENIGN_01411,2715.22,4.8089,4,0,0,0,56,0,0,0.26,5.0662,0,0.0679,149.74,0,0,Benign
MALWARE_01795,542.98,7.4185,7,0,9,1,0,1,1,30.72,7.6407,24,1.0,51.47,2,1,Maze
MALWARE_02149,759.63,7.99,7,0,4,1,0,1,1,40.35,7.7448,18,0.9558,78.94,2,1,REvil
BENIGN_00084,1098.36,5.6975,4,0,0,0,112,0,0,0.2,4.9863,0,0.05,85.4,1,0,Benign
BENIGN_00869,1979.27,4.9405,4,1,1,0,56,0,0,0.11,4.1318,0,0.2779,153.66,0,0,Benign
BENIGN_02351,409.35,4.1876,4,1,0,0,56,0,0,0.03,4.2331,0,0.0938,15.0,0,0,Benign
BENIGN_00021,69.2,5.0858,5,1,0,0,56,0,0,0.15,3.7708,0,0.2044,83.48,0,0,Benign
MALWARE_00925,738.23,7.0702,9,1,7,1,28,1,1,26.94,7.7169,20,1.0,55.59,1,1,Cerber
MALWARE_00296,824.07,7.7359,2,0,6,0,28,1,1,40.17,7.6835,23,0.683,49.25,2,1,REvil
MALWARE_02073,41.1,7.4886,9,0,1,0,0,1,1,51.41,7.99,19,0.8148,61.84,3,1,WannaCry
BENIGN_01563,2263.73,5.8043,3,1,0,0,0,0,0,0.02,4.6718,0,0.2047,78.07,0,0,Benign
MALWARE_00594,618.05,7.6044,7,0,3,0,0,1,1,58.22,7.6463,20,0.9488,47.9,1,1,Ryuk
MALWARE_00656,711.73,7.4592,7,0,0,0,56,1,0,67.03,7.8671,23,0.9439,56.46,1,1,LockBit
BENIGN_00974,604.05,5.3885,4,1,1,0,0,0,0,0.17,4.7555,0,0.05,58.51,0,0,Benign
BENIGN_01711,2175.89,4.9176,6,1,0,0,56,0,0,0.09,4.5312,0,0.1955,15.0,0,0,Benign
MALWARE_00702,961.47,7.336,5,0,4,0,0,1,1,39.77,7.854,27,0.7304,42.84,2,1,Maze
MALWARE_01872,283.73,7.4194,2,0,7,0,0,1,1,45.65,7.5044,14,0.9672,54.93,2,1,Cerber
MALWARE_02320,399.61,7.8985,2,0,3,1,0,1,1,47.89,7.8762,21,0.7921,27.38,2,1,Maze
BENIGN_01099,582.72,5.6977,6,1,0,0,0,0,0,0.2,4.2086,0,0.1652,107.83,0,0,Benign
MALWARE_01662,609.76,7.6574,7,0,4,2,0,1,1,42.4,7.6429,21,0.8132,46.78,1,1,WannaCry
MALWARE_00345,312.69,7.7327,2,0,7,0,0,1,0,55.04,7.4705,21,0.7762,102.39,1,1,Cerber
BENIGN_00887,701.14,3.6864,4,1,0,0,56,0,0,0.2,4.0367,0,0.2487,141.62,0,0,Benign
MALWARE_02432,354.78,7.4937,7,0,5,0,0,1,1,45.56,7.5836,23,0.803,8.0,4,1,Maze
MALWARE_01179,296.3,7.8718,5,1,2,0,0,1,0,7.16,7.78,15,0.8936,53.69,2,1,LockBit
MALWARE_02081,750.97,7.5406,2,1,8,0,0,0,1,27.8,7.4771,22,0.8873,56.45,2,1,WannaCry
MALWARE_01067,246.52,7.6191,2,0,3,0,0,1,1,73.39,7.7161,16,0.7135,25.7,1,1,Cerber
MALWARE_01902,513.91,7.99,2,0,5,2,0,1,1,67.75,7.8881,19,0.7439,64.52,1,1,WannaCry
BENIGN_00516,1760.84,5.5806,6,1,1,0,56,0,0,0.27,4.2005,0,0.2823,151.15,1,0,Benign
MALWARE_02121,480.7,7.5526,5,0,6,1,0,1,0,46.14,7.8305,23,0.9068,59.23,1,1,LockBit
BENIGN_00738,1185.8,5.5424,6,1,0,0,56,0,0,0.07,4.3251,0,0.2913,144.03,0,0,Benign
BENIGN_01454,600.29,5.9012,4,1,0,0,84,0,0,0.14,4.3206,0,0.196,105.83,0,0,Benign
MALWARE_01472,968.45,7.1348,9,0,7,0,0,1,1,38.74,7.5973,22,0.9119,57.87,1,1,Ryuk
MALWARE_02201,567.34,7.99,9,0,4,1,0,1,1,18.02,7.529,19,0.9079,18.66,3,1,Maze
MALWARE_00007,1319.81,7.799,9,0,2,2,0,0,1,54.31,7.99,20,0.9976,29.53,1,1,LockBit
MALWARE_00495,1100.18,7.7747,7,0,3,0,0,1,1,41.95,7.576,15,0.8331,16.16,4,1,Maze
BENIGN_02127,1381.01,4.6829,4,1,1,0,0,0,0,0.02,4.6703,0,0.2004,61.49,0,0,Benign
MALWARE_00427,133.01,7.3988,2,0,3,2,0,1,1,56.54,7.3157,16,0.7058,56.16,3,1,Ryuk
MALWARE_02246,800.55,7.0746,5,0,4,0,28,0,1,57.89,7.99,23,0.7024,33.21,1,1,Ryuk
BENIGN_00907,1582.59,3.2241,5,1,1,0,56,0,0,0.36,4.1502,0,0.1342,153.62,0,0,Benign
MALWARE_01148,10.0,6.898,9,0,6,0,0,1,1,48.13,7.6173,20,0.885,67.12,4,1,Cerber
BENIGN_01031,313.23,5.2919,4,1,0,0,56,0,0,0.03,5.0309,0,0.1817,78.34,1,0,Benign
MALWARE_00008,400.02,7.4174,2,0,3,1,0,1,1,63.72,7.9899,19,0.7914,67.34,1,1,LockBit
BENIGN_02429,195.04,4.0826,5,1,0,0,112,0,0,0.07,3.5728,0,0.1734,135.42,0,0,Benign
BENIGN_00948,1693.13,3.3986,5,1,1,0,56,0,0,0.11,4.8773,0,0.1109,106.71,0,0,Benign
MALWARE_01307,760.12,7.5297,5,0,6,0,0,1,1,46.9,7.4227,22,0.654,30.45,2,1,Cerber
MALWARE_02255,810.91,7.2324,9,0,1,2,0,1,1,44.18,7.6807,27,0.7833,44.8,1,1,REvil
BENIGN_00716,1745.78,6.3793,5,1,0,0,56,0,0,0.45,4.4264,0,0.1603,90.43,0,0,Benign
MALWARE_01556,530.45,7.0708,7,0,8,0,0,1,1,81.5,7.8572,23,0.8426,54.78,4,1,Maze
BENIGN_00687,2581.63,6.4795,5,1,0,0,84,0,0,0.28,3.773,0,0.0942,99.9,0,0,Benign
BENIGN_00704,696.02,4.9457,4,1,1,0,112,0,0,0.13,3.5784,0,0.2897,156.13,0,0,Benign
MALWARE_00842,677.96,7.7874,9,0,3,0,0,1,1,46.26,7.4833,23,0.87,68.92,1,1,WannaCry
BENIGN_02354,1154.95,4.7835,4,1,1,0,0,0,0,0.13,3.7183,0,0.0761,195.92,0,0,Benign
BENIGN_02258,1178.26,5.8339,5,1,1,0,56,0,0,0.12,3.6075,0,0.1396,90.38,0,0,Benign
MALWARE_01052,301.76,7.8839,7,0,4,0,0,1,1,25.54,7.5406,17,0.9096,9.87,3,1,Cerber
BENIGN_00474,2379.19,5.7473,6,1,0,1,56,0,0,0.03,4.8217,0,0.1171,171.08,0,0,Benign
BENIGN_00022,1673.17,6.7112,5,1,1,0,84,0,0,0.12,5.306,0,0.0883,203.07,0,0,Benign
MALWARE_00253,698.97,7.4444,7,0,3,0,0,1,1,59.05,7.8981,32,0.8657,57.21,1,1,Ryuk
BENIGN_00886,2251.79,5.6015,5,1,1,0,112,0,0,0.16,4.4403,0,0.1063,93.98,0,0,Benign
BENIGN_02449,2128.32,4.2394,5,1,0,0,56,0,0,0.0,4.4134,0,0.1413,160.53,0,0,Benign
BENIGN_00918,1687.94,6.2074,4,0,0,0,84,0,0,0.21,3.9286,0,0.2623,132.26,0,0,Benign
MALWARE_01258,240.2,7.3922,5,0,3,0,0,1,1,53.5,7.8058,25,0.8496,47.27,3,1,WannaCry
MALWARE_01252,736.36,7.4304,9,0,4,0,28,1,1,61.27,7.8626,16,0.8746,45.18,1,1,WannaCry
BENIGN_02240,329.23,5.2156,4,1,0,0,56,0,0,0.12,4.1457,0,0.2596,199.35,0,0,Benign
MALWARE_01345,1055.7,7.4729,9,0,5,1,0,1,1,19.19,7.5239,20,0.7553,41.81,3,1,LockBit
MALWARE_00896,765.96,7.8669,5,0,2,0,56,1,1,33.07,7.7301,21,0.9194,8.0,2,1,LockBit
BENIGN_01266,2587.77,4.624,4,1,0,0,56,0,0,0.26,4.6436,0,0.133,105.61,1,0,Benign
BENIGN_00484,105.78,3.6452,3,1,0,0,56,0,0,0.5,4.6121,0,0.05,101.07,0,0,Benign
MALWARE_01838,864.12,7.8025,2,0,2,0,0,1,1,17.12,7.9111,20,0.6814,59.48,1,1,LockBit
MALWARE_00464,375.51,7.4912,2,0,9,0,28,1,1,25.41,7.593,15,0.8446,46.37,1,1,Ryuk
BENIGN_01220,2941.48,4.9536,3,1,1,0,112,0,0,0.65,5.1553,0,0.05,74.12,0,0,Benign
BENIGN_00278,2164.15,4.4375,5,1,0,0,56,0,0,0.06,4.7368,0,0.0912,156.07,0,0,Benign
BENIGN_00989,519.72,5.1042,4,1,0,0,56,0,0,0.21,3.7549,0,0.1195,149.42,0,0,Benign
BENIGN_02085,864.89,5.7599,4,1,0,0,0,0,0,0.04,4.3135,0,0.1045,85.1,1,0,Benign
BENIGN_01246,2064.08,4.1129,5,1,0,0,84,0,0,0.09,3.5507,0,0.05,59.75,1,0,Benign
BENIGN_02383,1404.13,3.5495,3,1,0,0,0,0,0,0.32,4.5597,0,0.2815,81.75,0,0,Benign
BENIGN_00572,3257.32,4.799,6,1,0,0,0,0,0,0.06,4.5606,0,0.05,129.63,0,0,Benign
BENIGN_01436,885.34,3.9891,4,1,0,0,112,0,0,0.09,3.5399,0,0.3578,63.51,0,0,Benign
BENIGN_00994,3002.62,4.2653,5,1,1,0,84,0,0,0.15,3.3633,0,0.0522,74.22,0,0,Benign
MALWARE_01431,519.01,7.1351,9,0,6,0,28,1,1,9.57,7.8501,21,0.9676,9.78,1,1,REvil
MALWARE_00948,705.04,7.8322,9,0,4,2,0,1,1,47.68,7.298,20,1.0,33.58,1,1,Maze
BENIGN_00586,1526.82,6.1422,4,1,1,0,112,0,0,0.05,3.7061,0,0.1509,53.2,0,0,Benign
MALWARE_01159,10.0,7.5398,2,0,4,1,0,1,1,59.07,7.8202,18,0.9101,83.41,1,1,Maze
MALWARE_00015,550.39,7.6997,9,0,5,1,0,1,1,42.22,7.644,18,0.8657,44.89,1,1,Cerber
BENIGN_01350,1089.35,5.3622,4,1,0,0,0,0,0,0.11,4.3299,0,0.2439,69.1,0,0,Benign
BENIGN_01008,284.72,6.3615,5,1,0,0,84,0,0,0.24,4.2468,0,0.05,42.28,0,0,Benign
BENIGN_00675,2248.37,5.2067,3,1,0,0,56,0,0,0.1,4.5852,0,0.1284,130.89,0,0,Benign
BENIGN_02413,2134.13,5.0419,5,1,0,0,0,0,0,0.62,4.139,0,0.05,196.7,0,0,Benign
MALWARE_00404,317.49,7.0973,7,0,4,0,0,1,1,37.86,7.9747,19,0.7933,42.5,1,1,Ryuk
BENIGN_00448,597.55,3.8809,4,1,0,0,56,0,0,0.0,4.3536,0,0.1675,97.68,1,0,Benign
MALWARE_01335,851.59,7.0884,2,0,4,1,0,1,1,57.06,7.8317,19,0.907,40.8,2,1,REvil
MALWARE_01259,304.09,7.6211,2,0,9,0,28,1,1,62.79,7.4476,14,0.7483,63.62,1,1,REvil
MALWARE_01204,349.38,7.4917,9,0,2,0,0,1,1,59.41,7.8191,16,0.728,67.67,2,1,Ryuk
BENIGN_00360,1421.61,4.5621,4,1,0,0,0,0,0,0.56,4.0522,0,0.05,116.94,0,0,Benign
BENIGN_02065,730.65,4.2314,5,1,1,0,56,0,0,0.19,4.4063,0,0.1771,208.35,1,0,Benign
MALWARE_01950,1016.16,6.7,5,0,4,1,0,1,1,37.31,7.4799,18,0.951,54.09,1,1,Ryuk
MALWARE_01311,674.64,7.3855,2,0,4,1,0,1,1,70.22,7.6143,18,0.7694,64.75,2,1,LockBit
BENIGN_01691,1304.41,4.5152,3,0,0,0,56,0,0,0.18,4.0385,0,0.0697,204.84,0,0,Benign
MALWARE_01827,1023.06,7.5469,5,0,2,0,0,1,1,24.93,7.6355,25,0.8363,52.82,1,1,WannaCry
BENIGN_01549,2157.64,6.1295,5,1,1,0,0,0,0,0.3,3.2266,0,0.05,85.54,0,0,Benign
BENIGN_01248,767.35,4.9376,4,1,0,0,0,0,0,0.09,3.847,0,0.1251,85.32,0,0,Benign
BENIGN_01986,20.0,4.9699,3,1,0,1,56,0,0,0.15,4.0304,0,0.1113,15.0,0,0,Benign
BENIGN_00295,934.62,5.5189,6,1,2,0,0,0,0,0.15,4.6092,0,0.1601,108.88,0,0,Benign
BENIGN_01548,2179.57,3.9852,5,1,0,0,56,0,0,0.21,3.5433,0,0.0577,115.32,0,0,Benign
BENIGN_02013,1915.1,4.8225,4,1,0,0,0,0,0,0.11,3.9297,0,0.2003,100.81,0,0,Benign
BENIGN_00589,1199.49,3.7561,4,1,0,0,56,0,0,0.03,4.0953,0,0.2301,96.69,0,0,Benign
MALWARE_00830,139.49,7.0826,7,0,9,0,0,1,1,71.61,7.5818,20,1.0,36.92,2,1,WannaCry
BENIGN_02404,2713.85,5.2157,3,1,3,0,0,0,0,0.77,4.1495,0,0.05,129.21,0,0,Benign
BENIGN_02130,2194.93,4.2283,6,0,0,0,0,0,0,0.38,4.8307,0,0.1511,79.86,0,0,Benign
MALWARE_01889,475.24,7.5507,7,0,1,1,0,1,1,57.79,7.3205,16,0.7038,51.43,2,1,Cerber
BENIGN_02411,1064.76,4.2106,4,1,1,0,112,0,0,0.53,3.7235,0,0.05,169.44,0,0,Benign
MALWARE_00220,1071.64,7.438,7,0,11,1,0,0,1,66.61,7.7713,25,0.8571,43.35,3,1,LockBit
BENIGN_00426,2147.97,5.1579,5,1,0,0,56,0,0,0.1,3.8993,0,0.3216,164.73,0,0,Benign
MALWARE_00083,574.1,7.59,5,0,5,0,0,1,1,39.6,7.5599,9,0.9195,86.47,1,1,Ryuk
BENIGN_01055,987.42,3.0194,5,1,1,0,56,0,0,0.32,4.3443,0,0.2971,76.24,0,0,Benign
MALWARE_01467,473.06,7.45,5,0,5,1,0,1,1,46.68,7.8017,19,0.8676,46.96,2,1,LockBit
MALWARE_02063,1126.97,7.99,7,0,2,0,0,1,1,42.17,7.5247,20,0.7992,73.43,1,1,REvil
BENIGN_00557,20.0,5.0688,5,1,0,0,56,0,0,0.23,4.5702,0,0.05,152.86,0,0,Benign
MALWARE_01859,579.71,7.2498,7,0,9,1,0,1,1,50.01,7.8235,25,0.8933,68.7,3,1,Maze
MALWARE_01439,1197.14,7.5919,7,1,9,1,0,1,0,18.54,7.8022,19,0.967,62.9,2,1,Maze
MALWARE_02213,456.34,7.8686,5,1,6,0,28,1,1,53.71,7.99,18,0.8641,47.02,1,1,REvil
BENIGN_02470,304.37,3.2604,5,1,1,0,84,0,0,0.05,4.2186,0,0.3109,125.96,0,0,Benign
MALWARE_02211,563.53,7.1713,9,0,4,1,0,1,1,52.29,7.7244,18,0.7552,23.53,2,1,Ryuk
BENIGN_00356,1350.49,5.7168,4,1,0,0,0,0,0,0.07,3.7336,0,0.05,115.08,0,0,Benign
BENIGN_01194,2425.87,5.4114,4,1,0,0,0,0,0,0.31,5.3835,0,0.0797,148.79,0,0,Benign
BENIGN_01717,20.0,4.1208,5,1,1,0,0,0,0,0.16,3.9987,0,0.05,154.68,0,0,Benign
MALWARE_00917,69.04,7.3136,9,0,4,0,0,1,1,58.57,7.9494,23,0.866,63.29,2,1,Cerber
MALWARE_00105,418.85,7.736,7,0,5,0,0,1,1,61.07,7.5313,21,1.0,60.0,1,1,Maze
MALWARE_01630,900.02,7.6422,9,0,3,0,0,1,1,33.01,7.5631,16,0.8666,30.33,3,1,Ryuk
MALWARE_00329,276.9,7.4377,2,0,2,0,28,1,0,38.27,7.9476,22,0.8916,38.2,1,1,Maze
BENIGN_01705,1493.57,3.6263,6,1,1,0,56,0,0,0.2,4.6794,0,0.1627,15.0,0,0,Benign
MALWARE_00364,615.5,7.0817,7,1,5,0,0,1,1,54.86,7.947,20,0.6738,45.04,2,1,Cerber
MALWARE_00119,746.37,7.4315,7,0,3,1,0,1,1,29.63,7.4122,18,0.856,45.48,2,1,Maze
BENIGN_02401,1451.99,5.1082,3,1,0,0,112,0,0,0.56,3.8123,0,0.1046,101.7,1,0,Benign
BENIGN_02140,20.0,6.1533,4,1,1,0,56,0,0,0.11,3.4818,0,0.1007,139.68,0,0,Benign
MALWARE_00740,642.35,7.7543,7,1,9,0,0,1,0,62.81,7.4908,20,0.6785,58.75,3,1,Maze
BENIGN_02384,1693.18,5.1817,6,1,1,0,0,0,0,0.0,5.0539,0,0.053,195.42,0,0,Benign
MALWARE_00719,902.59,7.601,9,0,4,0,0,0,1,38.61,7.9596,21,0.934,58.87,1,1,REvil
MALWARE_01436,256.7,7.7697,7,0,2,0,0,1,0,46.13,7.8755,19,0.7658,60.8,1,1,Ryuk
BENIGN_01286,1495.25,5.4033,4,1,0,0,84,0,0,0.01,4.105,0,0.3024,92.09,0,0,Benign
MALWARE_01297,909.31,7.7157,5,0,3,1,0,1,1,35.01,7.542,16,0.8273,49.64,3,1,Ryuk
MALWARE_02395,455.21,7.4771,7,0,6,0,0,1,1,70.12,7.7299,22,0.8104,30.07,1,1,WannaCry
MALWARE_01969,768.79,7.4444,9,0,3,1,0,1,1,35.8,7.572,27,0.8379,57.0,3,1,Cerber
BENIGN_02088,1214.26,5.2836,5,1,0,0,0,0,0,0.15,4.8555,0,0.1976,55.1,1,0,Benign
BENIGN_01890,2297.94,4.5983,6,0,1,0,56,0,0,0.32,3.2408,0,0.1309,153.88,0,0,Benign
MALWARE_02123,319.05,7.2055,2,0,4,1,0,0,0,56.6,7.4897,18,0.9658,51.18,3,1,LockBit
BENIGN_01592,1605.05,2.7793,5,1,0,0,0,0,0,0.26,4.4951,0,0.2472,67.31,0,0,Benign
BENIGN_01347,96.81,4.9849,5,1,2,0,112,0,0,1.04,4.6478,0,0.2221,154.7,0,0,Benign
MALWARE_01932,539.08,7.4755,7,0,6,1,0,1,1,42.55,7.5997,19,0.8275,49.85,1,1,WannaCry
BENIGN_02163,1085.0,4.9828,5,0,1,0,112,0,0,0.11,4.2281,0,0.2098,114.24,0,0,Benign
BENIGN_02397,1744.67,5.2882,5,1,0,0,84,0,0,0.21,5.9319,0,0.2341,145.85,0,0,Benign
MALWARE_02269,602.95,7.29,5,0,5,1,0,1,1,50.96,7.413,14,0.7948,65.79,1,1,LockBit
BENIGN_02272,1346.88,4.3076,4,1,0,0,56,0,0,0.62,3.5898,0,0.1159,83.72,0,0,Benign
MALWARE_01991,900.59,7.1993,9,0,5,0,28,1,1,30.74,7.4474,16,0.877,43.79,1,1,Cerber
MALWARE_00612,822.53,7.4755,7,0,2,1,0,1,1,32.26,7.5941,14,0.9357,48.55,2,1,WannaCry
BENIGN_01138,1507.82,4.8921,5,1,0,0,84,0,0,0.39,3.413,0,0.1733,158.63,0,0,Benign
MALWARE_01396,442.73,7.8804,2,0,2,0,0,1,0,44.74,7.7269,28,0.8266,31.35,2,1,Ryuk
BENIGN_00973,1840.93,4.0157,3,1,0,0,0,0,0,0.05,3.7416,0,0.0916,202.13,0,0,Benign
BENIGN_00796,2457.95,5.2291,5,0,0,0,56,0,0,0.46,3.1973,0,0.0717,119.44,0,0,Benign
MALWARE_00521,495.82,7.6618,7,0,3,0,56,1,1,35.37,7.756,13,0.9208,50.01,3,1,Maze
BENIGN_01712,982.91,4.912,3,1,0,0,56,0,0,0.0,3.2952,0,0.2075,53.23,0,0,Benign
MALWARE_00888,536.32,7.2068,2,0,3,1,56,1,1,52.3,7.46,15,0.7018,45.95,2,1,Cerber
BENIGN_00037,1249.58,3.5207,4,0,0,0,56,0,0,0.09,4.3994,0,0.0901,197.56,0,0,Benign
BENIGN_00454,1839.11,4.4793,4,1,0,0,56,0,0,0.07,4.6895,0,0.05,221.13,0,0,Benign
BENIGN_00914,20.0,4.718,5,0,0,0,84,0,0,0.28,4.3714,0,0.1799,106.87,0,0,Benign
MALWARE_01582,1284.31,7.6841,7,0,9,1,0,1,1,35.93,7.8923,16,0.9019,18.66,1,1,REvil
BENIGN_01200,1461.43,4.1067,5,1,0,0,0,0,0,0.25,4.4094,0,0.1643,71.19,0,0,Benign
BENIGN_01275,20.0,4.1882,5,1,0,0,84,0,0,0.18,4.6179,0,0.2136,30.83,0,0,Benign
BENIGN_02376,2101.71,4.2014,4,1,1,0,0,0,0,0.09,4.62,0,0.1748,112.93,1,0,Benign
BENIGN_00038,1592.54,4.936,5,0,0,0,0,0,0,0.19,4.8919,0,0.0728,154.3,0,0,Benign
BENIGN_00975,869.43,3.9537,6,1,1,0,56,0,0,0.03,3.4289,0,0.1249,74.44,0,0,Benign
MALWARE_00696,524.31,7.4382,7,0,7,0,0,1,1,24.65,7.9324,17,0.7355,53.92,2,1,LockBit
BENIGN_00984,1829.66,4.5557,5,0,1,0,0,0,0,0.0,4.8063,0,0.0918,112.49,0,0,Benign
MALWARE_01405,409.96,7.676,5,0,7,0,0,1,0,68.05,7.4587,22,0.8171,15.58,1,1,Cerber
MALWARE_01570,312.38,7.1702,2,0,2,0,0,1,1,55.37,7.5873,19,0.811,17.87,2,1,Maze
BENIGN_01419,1863.23,6.1735,4,0,1,0,112,0,0,0.1,4.7099,0,0.05,210.82,0,0,Benign
MALWARE_00833,394.76,7.3835,7,0,1,1,0,1,1,46.38,7.9043,19,0.8524,40.75,2,1,Ryuk
BENIGN_01561,856.85,5.4383,5,1,0,0,84,0,0,0.07,4.1251,0,0.2101,28.5,0,0,Benign
BENIGN_00040,1473.84,5.6981,4,1,0,0,0,0,0,0.2,3.3353,0,0.1089,67.04,0,0,Benign
BENIGN_01487,1602.85,4.5701,4,1,2,0,84,0,0,0.02,3.6134,0,0.2323,29.58,0,0,Benign
MALWARE_01384,187.39,7.9224,9,0,2,0,0,1,1,54.28,7.7247,14,0.6974,22.32,2,1,WannaCry
BENIGN_00170,1204.31,4.7003,6,1,1,0,0,0,0,0.29,3.4964,0,0.1692,15.0,0,0,Benign
BENIGN_01356,1385.41,4.4468,4,0,0,0,0,0,0,0.17,4.736,0,0.1268,129.15,0,0,Benign
MALWARE_00286,219.7,7.1915,5,0,9,1,0,1,1,49.39,7.9857,24,0.9822,8.0,3,1,REvil
MALWARE_01133,536.41,7.6633,2,0,4,1,0,1,1,57.3,7.9461,16,0.8189,54.36,3,1,Ryuk
MALWARE_02249,227.55,7.4092,7,0,8,0,0,1,1,51.36,7.6824,21,0.8807,8.0,2,1,Ryuk
MALWARE_01505,718.75,7.3946,9,1,5,2,0,0,0,40.15,7.8762,17,0.932,63.6,1,1,Ryuk
MALWARE_00183,487.91,7.923,5,0,7,1,0,1,0,42.12,7.7282,26,0.9512,60.69,2,1,Maze
MALWARE_02205,513.31,7.4566,2,0,2,0,0,1,1,53.31,7.27,17,0.6861,76.05,2,1,Ryuk
MALWARE_01526,654.65,7.6494,5,0,2,0,0,1,1,33.35,7.3833,19,0.62,39.15,1,1,LockBit
BENIGN_01641,2757.9,4.2087,3,1,0,0,0,0,0,0.18,3.7525,0,0.2429,76.12,1,0,Benign
BENIGN_01291,1589.15,4.6558,4,1,1,0,84,0,0,0.09,3.9402,0,0.05,129.64,1,0,Benign
BENIGN_01381,2039.17,3.5856,6,0,0,0,56,0,0,0.82,3.5583,0,0.0548,113.09,0,0,Benign
BENIGN_01934,2129.56,4.6872,5,1,0,0,112,0,0,0.07,3.4197,0,0.1113,191.6,0,0,Benign
BENIGN_00580,1382.52,3.8723,4,1,0,0,84,0,0,0.2,4.0467,0,0.2647,134.24,0,0,Benign
MALWARE_01721,648.84,7.0895,2,0,4,0,0,1,0,42.69,7.5759,18,0.7316,79.9,1,1,Cerber
MALWARE_00661,532.05,7.4123,9,0,2,0,0,1,0,77.5,7.7445,18,0.7838,50.26,1,1,Maze
BENIGN_02031,1636.88,5.5017,5,1,0,0,56,0,0,0.09,3.7225,0,0.0904,77.99,0,0,Benign
BENIGN_00893,1985.76,3.9411,4,1,0,0,112,0,0,0.0,3.7354,0,0.1321,136.53,1,0,Benign
MALWARE_01452,524.17,7.544,9,0,7,0,0,1,1,24.35,7.7774,24,0.8239,62.18,4,1,WannaCry
BENIGN_00781,1208.94,5.2098,3,1,0,0,0,0,0,0.23,4.4738,0,0.1206,75.17,0,0,Benign
BENIGN_00160,1774.25,3.0785,4,1,1,0,56,0,0,0.22,3.7685,0,0.0628,190.55,0,0,Benign
BENIGN_00003,579.21,5.1006,3,0,2,0,56,0,0,0.03,3.8798,0,0.1496,108.53,0,0,Benign
BENIGN_02264,2835.96,4.9563,5,0,1,0,84,0,0,0.03,4.1606,0,0.2466,142.19,0,0,Benign
MALWARE_00717,295.04,7.8782,7,1,2,0,0,1,1,67.32,7.5935,15,0.7517,53.26,3,1,WannaCry
BENIGN_02110,2541.43,5.0003,5,1,0,1,84,0,0,0.5,3.4958,0,0.065,130.96,0,0,Benign
BENIGN_00850,1192.17,6.0449,5,1,0,0,56,0,0,0.81,4.348,0,0.1757,125.83,0,0,Benign
MALWARE_00238,260.39,7.5723,5,0,4,0,0,1,0,52.9,7.6017,28,0.7524,58.66,1,1,Ryuk
BENIGN_02467,1550.91,4.5274,4,1,1,0,56,0,0,0.06,5.0436,0,0.2069,113.68,0,0,Benign
MALWARE_01151,634.95,7.5143,5,0,4,0,0,1,1,55.57,7.8124,19,0.7726,50.81,2,1,REvil
BENIGN_01597,1056.07,4.4081,5,1,0,0,112,0,0,0.39,4.1674,0,0.0766,41.99,0,0,Benign
BENIGN_01777,1504.71,4.9032,5,1,1,0,0,0,0,0.07,3.0295,0,0.0837,149.57,0,0,Benign
BENIGN_01914,1977.97,4.7768,5,0,0,0,56,0,0,0.19,4.1032,0,0.3552,139.32,0,0,Benign
BENIGN_01044,2634.05,3.4918,5,1,0,0,84,0,0,0.4,3.6488,0,0.1409,119.44,0,0,Benign
MALWARE_02214,559.41,7.3341,5,1,1,0,28,1,1,49.67,7.9722,18,0.8691,58.16,1,1,Maze
BENIGN_01545,1519.63,4.585,4,1,0,0,56,0,0,0.47,2.4028,0,0.1478,159.62,0,0,Benign
MALWARE_00237,421.25,7.99,5,0,3,0,0,1,1,44.45,7.5592,23,0.7539,30.62,2,1,WannaCry
MALWARE_01207,632.23,7.5294,5,0,6,0,0,1,1,44.97,7.6333,27,0.9408,27.18,2,1,Maze
MALWARE_02118,606.07,7.2066,7,0,4,0,56,1,1,54.57,7.5196,20,0.858,42.77,3,1,Maze
BENIGN_00054,1057.88,5.4957,5,1,0,0,0,0,0,0.18,5.0134,0,0.0787,15.0,1,0,Benign
BENIGN_01797,1296.63,4.28,4,1,0,0,112,0,0,0.06,3.8667,0,0.1138,169.99,0,0,Benign
BENIGN_01912,2133.65,3.3934,5,1,0,0,84,0,0,0.03,3.9554,0,0.2633,119.87,0,0,Benign
BENIGN_02307,2112.02,5.3527,5,1,1,0,84,0,0,0.05,3.6861,0,0.1974,127.84,1,0,Benign
MALWARE_00054,498.26,7.0658,9,0,2,0,28,1,1,22.01,7.7098,19,0.882,8.0,1,1,Maze
MALWARE_00301,348.13,7.5128,7,0,1,0,0,1,1,52.29,7.99,25,0.8963,35.98,2,1,WannaCry
MALWARE_01587,645.01,7.4323,7,0,2,1,56,1,1,47.86,7.6259,14,0.9642,40.56,3,1,Ryuk
MALWARE_01628,853.21,7.5104,9,0,7,1,28,1,1,33.03,7.9363,14,1.0,39.06,1,1,Maze
BENIGN_00825,1155.66,6.4068,5,1,0,0,0,0,0,0.29,3.6899,0,0.1685,135.41,1,0,Benign
MALWARE_02234,899.19,7.6011,5,0,3,0,0,1,1,55.26,7.3545,23,0.9157,45.41,1,1,Ryuk
MALWARE_00679,361.87,7.9265,7,0,7,1,0,1,1,74.97,7.4386,22,0.5886,49.65,2,1,Maze
MALWARE_00902,396.63,7.0899,5,0,3,2,0,1,1,54.04,7.5084,13,0.8494,43.36,2,1,Maze
BENIGN_01390,2645.31,5.5678,3,0,0,0,56,0,0,0.28,3.9396,0,0.0959,155.63,1,0,Benign
MALWARE_01065,617.66,7.6593,2,0,3,0,0,1,0,50.26,7.3048,17,0.7641,20.71,3,1,LockBit
MALWARE_02377,573.81,7.5561,7,0,5,1,0,1,0,64.75,7.3588,18,0.9276,86.44,4,1,Cerber
BENIGN_00885,1229.27,5.5453,3,0,0,0,56,0,0,0.23,3.9798,0,0.1188,218.44,0,0,Benign
MALWARE_01306,598.77,7.1775,9,0,4,1,0,0,1,59.44,7.5408,26,0.8264,58.96,1,1,REvil
BENIGN_01608,1470.45,4.8053,4,1,0,0,0,0,0,1.0,4.3865,0,0.05,168.76,0,0,Benign
BENIGN_01595,697.25,4.0249,4,1,1,0,84,0,0,0.11,4.3718,0,0.2944,115.08,0,0,Benign
BENIGN_00772,1947.86,3.3494,4,0,0,0,0,0,0,0.41,4.5822,0,0.1868,113.02,1,0,Benign
MALWARE_00112,1099.98,7.128,5,0,7,1,0,1,1,23.44,7.878,15,0.9248,76.99,2,1,Ryuk
MALWARE_02162,324.84,7.6609,7,0,3,0,0,1,0,59.34,7.9503,23,0.7648,43.09,1,1,Cerber
BENIGN_02274,1611.45,4.3357,3,1,0,0,56,0,0,0.08,3.6086,0,0.1755,108.75,0,0,Benign
BENIGN_01869,1366.08,6.2411,5,1,0,0,56,0,0,0.25,3.6288,0,0.2124,92.35,0,0,Benign
BENIGN_01086,828.57,3.5771,6,1,1,0,84,0,0,0.47,5.1343,0,0.1113,118.58,1,0,Benign
BENIGN_00011,1548.18,6.7706,3,1,1,0,56,0,1,0.06,4.8857,0,0.2102,159.55,0,0,Benign
MALWARE_01112,572.04,7.2752,7,0,4,2,28,1,1,44.69,7.9675,23,0.8148,40.7,1,1,REvil
BENIGN_01326,508.7,5.0469,5,1,1,0,56,0,0,0.01,4.4799,0,0.0857,180.83,0,0,Benign
MALWARE_00891,456.88,7.9153,7,0,6,0,0,1,1,45.93,7.8328,22,0.7631,50.77,1,1,Cerber
BENIGN_01464,100.94,4.9487,4,1,0,0,56,0,0,0.18,4.5817,0,0.1817,59.4,0,0,Benign
BENIGN_00807,1183.96,5.0472,3,1,0,0,112,0,0,0.08,4.8733,0,0.1843,215.46,0,0,Benign
MALWARE_01761,393.81,7.7532,5,0,8,0,0,1,1,55.77,7.8528,16,0.8241,50.5,1,1,Ryuk
MALWARE_01486,565.61,7.7987,9,1,6,0,0,1,1,49.53,7.4927,15,0.7661,25.54,1,1,Cerber
MALWARE_01272,855.04,7.4833,9,0,8,1,0,1,0,35.61,7.8955,17,0.8525,47.46,1,1,Maze
BENIGN_02109,2352.49,3.865,4,1,0,1,56,0,0,0.58,3.966,0,0.2385,34.23,0,0,Benign
MALWARE_01736,765.87,7.687,5,0,3,0,0,0,1,30.1,7.2298,19,0.8139,29.13,1,1,Cerber
MALWARE_02457,548.94,7.7032,5,0,1,1,0,1,0,45.21,7.6249,24,0.7917,32.71,1,1,LockBit
BENIGN_02235,795.24,6.4096,5,1,0,0,56,0,0,0.61,5.699,0,0.1524,186.18,0,0,Benign
MALWARE_00712,351.74,7.484,5,1,5,0,0,0,1,50.64,7.99,21,0.938,63.21,1,1,LockBit
BENIGN_00964,2246.74,5.015,3,1,0,0,84,0,0,0.09,3.891,0,0.2303,147.42,1,0,Benign
MALWARE_00916,774.46,7.6354,5,0,5,0,0,1,1,43.03,7.407,20,0.8882,57.24,1,1,Maze
MALWARE_01254,503.65,7.6739,5,0,6,0,0,1,1,46.52,7.5607,13,0.7916,39.47,3,1,LockBit
BENIGN_00399,1287.5,5.6292,5,1,0,0,56,0,0,0.15,4.19,0,0.1415,97.32,0,0,Benign
MALWARE_00133,518.89,7.705,2,0,5,0,56,1,1,44.26,7.8954,20,0.8397,48.94,1,1,Cerber
MALWARE_02352,529.53,6.9881,5,0,3,1,0,1,1,52.18,7.4577,18,0.8963,45.46,2,1,Cerber
MALWARE_00497,523.71,7.3568,7,0,4,1,56,1,1,43.74,7.8792,17,0.8415,39.28,1,1,LockBit
BENIGN_00705,1295.07,5.8203,3,1,0,0,56,0,0,0.44,3.9175,0,0.2397,200.0,0,0,Benign
BENIGN_00432,1953.42,5.0501,5,1,1,0,56,0,0,0.06,5.2695,0,0.2575,184.66,0,0,Benign
BENIGN_00293,827.69,5.3412,3,1,0,0,56,0,0,0.32,3.7103,0,0.1563,163.08,0,0,Benign
MALWARE_02368,107.47,7.5786,7,0,2,0,0,0,1,55.98,7.5245,27,0.9362,45.93,3,1,WannaCry
BENIGN_00146,2288.58,4.8262,5,1,1,0,0,0,0,0.34,4.0399,0,0.2946,137.54,0,0,Benign
MALWARE_01894,884.45,7.6307,9,0,5,1,0,0,1,43.7,7.58,12,0.7509,62.46,2,1,Cerber
BENIGN_02034,1611.05,5.0209,5,1,1,0,0,0,0,0.13,4.9136,0,0.1351,97.31,0,0,Benign
MALWARE_01784,420.88,7.99,7,0,5,2,0,1,1,50.86,7.8266,33,0.8832,83.29,2,1,Maze
BENIGN_01166,1165.8,4.3503,4,1,2,0,56,0,0,0.05,5.1957,0,0.198,76.97,0,0,Benign
MALWARE_01001,704.53,7.0976,7,0,4,1,56,1,1,54.78,7.9518,26,0.7946,45.76,3,1,Cerber
BENIGN_02051,2484.2,4.277,5,1,0,0,84,0,0,0.34,5.2849,0,0.1643,131.09,1,0,Benign
MALWARE_00125,578.41,7.1442,2,0,2,1,28,1,0,51.77,7.6782,32,0.8065,54.4,1,1,Ryuk
MALWARE_01879,696.11,7.2274,5,0,1,0,0,1,1,50.06,7.7301,24,0.873,21.62,4,1,Ryuk
BENIGN_00340,1230.89,5.4021,5,1,0,0,56,0,0,0.29,3.4875,0,0.1548,139.42,0,0,Benign
MALWARE_01380,1004.06,7.5984,7,0,2,1,0,1,1,69.9,7.9133,13,0.7356,22.11,1,1,Maze
MALWARE_02133,224.64,7.7646,7,0,4,0,0,0,1,49.48,7.3811,13,0.8523,11.87,1,1,Maze
MALWARE_00474,517.54,7.3974,2,0,3,0,0,1,1,56.4,7.99,17,0.8659,63.63,2,1,Ryuk
BENIGN_00266,2054.18,5.9716,5,1,0,0,84,0,0,0.36,3.863,0,0.246,127.02,0,0,Benign
BENIGN_02425,1378.16,5.8835,4,1,0,0,112,0,0,0.0,3.9634,0,0.2043,47.39,0,0,Benign
BENIGN_01263,1896.41,4.1336,5,1,0,0,56,0,0,0.02,4.5113,0,0.2023,149.62,0,0,Benign
BENIGN_01772,1750.58,5.2268,4,1,1,1,56,0,0,0.14,4.5149,0,0.139,150.14,0,0,Benign
MALWARE_01012,1134.72,7.6747,5,0,8,0,28,1,1,26.05,7.99,18,0.779,34.64,2,1,Cerber
BENIGN_00272,20.0,5.7682,5,1,0,0,112,0,0,0.12,4.0386,0,0.2174,101.54,0,0,Benign
BENIGN_00697,1005.31,4.1641,5,1,1,0,56,0,0,0.08,3.8827,0,0.2122,47.06,0,0,Benign
BENIGN_00748,2518.96,4.746,5,1,1,0,56,0,0,0.03,4.9162,0,0.05,161.56,0,0,Benign
BENIGN_00245,513.38,5.3286,5,1,0,0,56,0,0,0.07,3.8353,0,0.1069,92.59,1,0,Benign
BENIGN_00318,922.43,3.8856,5,1,0,0,56,0,0,0.1,4.6921,0,0.1771,103.29,0,0,Benign
BENIGN_00477,1163.79,4.8886,4,1,1,0,56,0,0,0.06,3.7991,0,0.0875,88.94,0,0,Benign
BENIGN_02033,1056.83,4.1614,6,1,1,1,112,0,0,0.0,4.6765,0,0.1346,114.37,0,0,Benign
BENIGN_00958,1689.37,3.7488,5,0,0,0,56,0,0,0.07,4.3587,0,0.1526,100.86,1,0,Benign
MALWARE_01317,780.38,7.2359,7,0,3,0,0,0,1,56.88,7.631,22,0.7998,8.0,3,1,LockBit
BENIGN_00814,3121.45,4.5855,5,1,0,0,56,0,0,0.39,3.9344,0,0.2161,114.8,0,0,Benign
MALWARE_02033,204.48,7.4597,2,0,3,2,0,1,1,59.85,7.9856,22,0.8426,85.71,1,1,Cerber
BENIGN_01915,1695.57,4.7911,3,1,0,0,56,0,0,0.38,4.4157,0,0.05,158.13,0,0,Benign
MALWARE_02103,624.6,7.1468,2,0,4,0,0,1,1,23.93,7.6686,26,0.9239,41.12,3,1,LockBit
MALWARE_00988,807.6,7.4741,7,0,1,0,28,1,1,22.72,7.3167,18,0.7824,51.89,1,1,REvil
BENIGN_01298,20.0,4.3559,4,1,0,0,0,0,0,0.06,2.9058,0,0.2059,127.81,0,0,Benign
MALWARE_01531,1324.18,7.4394,5,0,6,1,0,1,0,51.35,7.7543,18,0.8389,43.96,2,1,WannaCry
BENIGN_01805,1296.78,5.2794,5,1,1,0,0,0,0,0.07,4.751,0,0.1946,114.6,0,0,Benign
BENIGN_00759,1088.73,5.5181,6,1,0,0,0,0,0,0.36,3.7505,0,0.2418,84.24,0,0,Benign
BENIGN_00251,1167.04,3.8959,5,1,1,0,0,0,0,0.17,4.0947,0,0.2035,124.9,0,0,Benign
BENIGN_02462,1905.5,5.2666,5,1,1,0,56,0,0,0.41,3.6919,0,0.1039,104.53,0,0,Benign
BENIGN_00546,2073.07,4.1458,5,1,2,0,56,0,0,0.05,5.5225,0,0.2614,125.56,0,0,Benign
MALWARE_00742,54.54,7.3232,7,0,5,0,0,1,1,85.1,7.9137,18,0.739,39.28,2,1,REvil
BENIGN_00739,1828.31,5.7717,6,1,0,0,0,0,0,0.01,4.2971,0,0.2808,90.13,0,0,Benign
BENIGN_00311,924.79,3.5495,5,1,0,0,84,0,0,0.0,5.5822,0,0.05,182.96,1,0,Benign
MALWARE_01281,181.04,7.4302,2,0,6,0,0,0,1,52.37,7.8234,21,0.8257,28.96,2,1,Maze
MALWARE_00442,688.63,7.3443,9,0,4,0,28,1,1,34.89,7.2598,19,0.9128,24.3,1,1,REvil
BENIGN_01132,2627.92,3.5643,3,1,1,0,84,0,0,0.06,4.8914,0,0.202,34.63,0,0,Benign
BENIGN_01450,2528.55,5.2159,3,1,0,0,84,0,0,0.15,3.7892,0,0.2065,79.02,0,0,Benign
MALWARE_02420,649.86,7.2682,7,0,5,1,0,1,1,48.87,7.9134,15,0.7929,20.6,2,1,WannaCry
BENIGN_00016,2129.67,5.416,5,1,0,0,56,0,0,0.06,4.961,0,0.1438,137.06,0,0,Benign
MALWARE_00733,602.38,7.6899,9,1,2,1,0,1,1,49.09,7.7287,16,0.9776,26.5,1,1,LockBit
MALWARE_00270,427.2,7.6245,5,1,3,0,0,1,1,31.55,7.2085,22,0.8535,17.56,1,1,LockBit
MALWARE_00969,98.5,7.7626,2,0,4,1,0,1,1,35.52,7.6944,22,1.0,43.94,1,1,Maze
BENIGN_00921,2469.14,4.3956,5,1,0,0,0,0,0,0.05,4.6864,0,0.2903,175.92,0,0,Benign
MALWARE_00530,687.57,7.8736,5,0,7,0,0,1,1,46.83,7.6606,22,0.848,89.91,2,1,LockBit
BENIGN_01373,1093.97,5.4673,4,1,2,0,56,0,0,0.33,4.8725,0,0.1196,177.2,0,0,Benign
MALWARE_01088,369.81,7.6043,5,0,1,0,0,0,0,5.0,7.7096,21,0.7299,56.75,1,1,Ryuk
MALWARE_00045,448.95,7.784,7,0,5,0,0,1,1,14.26,7.99,25,0.9661,76.29,1,1,WannaCry
MALWARE_01099,730.48,7.6876,2,0,5,1,0,1,1,53.16,7.7589,10,0.7509,75.07,1,1,Ryuk
BENIGN_00039,115.3,5.9555,4,0,0,0,84,0,0,0.19,3.178,0,0.1456,139.2,0,0,Benign
BENIGN_00364,561.47,4.1145,3,1,2,0,112,0,0,0.33,3.5244,0,0.1244,121.24,0,0,Benign
MALWARE_01602,293.83,7.3875,7,1,4,2,0,0,1,33.23,7.8002,18,0.6785,25.19,2,1,Ryuk
BENIGN_00183,104.92,4.8952,5,1,0,0,0,0,0,0.11,2.6626,0,0.1347,240.63,0,0,Benign
MALWARE_00534,1068.71,7.4556,5,0,3,2,0,1,1,29.38,7.9274,19,0.7404,71.11,2,1,WannaCry
MALWARE_00484,769.72,7.8532,5,0,7,0,0,1,0,26.43,7.9233,22,0.9414,54.11,1,1,Maze
BENIGN_01195,1871.41,5.2544,4,1,0,0,0,0,0,0.02,2.6629,0,0.085,90.62,0,0,Benign
MALWARE_00353,829.36,7.7369,7,0,5,0,0,1,1,10.22,7.7065,29,0.7088,52.0,3,1,LockBit
MALWARE_02043,428.48,7.6802,7,1,4,0,0,1,0,61.03,7.6918,16,0.9722,9.94,2,1,REvil
BENIGN_01122,2488.96,4.0547,5,1,2,0,0,0,0,0.22,5.4112,0,0.05,196.4,0,0,Benign
BENIGN_02236,1911.87,5.3568,5,1,0,0,112,0,0,0.17,4.7914,0,0.1995,157.29,0,0,Benign
MALWARE_00168,615.09,7.9115,7,0,6,0,28,1,0,32.22,7.99,20,0.7792,26.26,1,1,WannaCry
MALWARE_01200,634.97,6.7,5,0,2,1,0,1,1,46.47,7.6872,21,0.9187,65.23,2,1,Ryuk
MALWARE_00724,1236.01,7.8451,7,0,2,0,28,1,1,40.14,7.7835,19,0.8681,41.65,2,1,REvil
BENIGN_01183,1163.21,4.872,3,1,0,0,56,0,0,0.15,4.5811,0,0.1748,99.19,0,0,Benign
MALWARE_01685,88.71,7.4705,9,0,3,1,0,1,1,41.79,7.5041,20,0.915,51.85,1,1,WannaCry
MALWARE_01794,330.28,7.3741,7,0,3,0,0,1,1,25.9,7.8147,22,0.8912,37.1,3,1,REvil
BENIGN_00615,1363.07,5.7979,5,1,1,0,0,0,0,0.75,4.0211,0,0.05,115.8,0,0,Benign
MALWARE_02409,80.3,7.859,9,0,4,1,0,1,1,69.87,7.8263,17,0.9123,49.84,3,1,LockBit
BENIGN_01467,1862.14,4.4556,5,1,2,0,0,0,0,0.01,4.0068,0,0.1877,124.08,0,0,Benign
BENIGN_00402,3610.54,3.5066,6,1,1,0,56,0,0,0.09,4.0624,0,0.1697,79.89,0,0,Benign
MALWARE_00543,701.96,7.9696,9,0,6,0,0,1,1,37.12,7.5507,17,0.7021,96.85,3,1,WannaCry
BENIGN_00935,1195.01,4.6343,5,1,0,0,112,0,0,0.26,3.6342,0,0.083,85.48,0,0,Benign
BENIGN_02420,1744.17,5.295,4,1,1,0,56,0,0,0.04,4.8678,0,0.1662,188.01,0,0,Benign
MALWARE_02361,961.27,7.99,2,0,1,1,28,1,1,61.99,7.8486,20,0.7844,46.58,1,1,REvil
MALWARE_02411,264.59,7.3677,5,0,7,0,28,0,1,54.23,7.8042,20,0.8141,15.69,1,1,Cerber
MALWARE_00142,959.67,7.4983,2,0,7,1,0,1,0,56.6,7.4335,24,0.7683,50.64,4,1,WannaCry
MALWARE_01518,597.78,7.5809,7,0,1,0,28,1,1,40.32,7.6621,14,0.9188,46.43,4,1,LockBit
BENIGN_00727,2164.4,4.0754,4,1,0,0,84,0,0,0.26,4.3287,0,0.1362,208.08,0,0,Benign
BENIGN_00827,211.79,5.4026,3,1,0,0,56,0,0,0.16,3.7845,0,0.0546,170.32,0,0,Benign
BENIGN_01522,1205.71,3.6037,5,0,0,0,56,0,0,0.28,4.0484,0,0.1009,37.35,0,0,Benign
MALWARE_02357,699.45,7.4282,5,0,4,1,0,0,1,81.93,7.9315,15,0.6813,42.33,1,1,Maze
MALWARE_00431,802.42,7.5281,9,0,6,0,0,1,1,53.92,7.6686,13,0.8748,21.64,1,1,Ryuk
BENIGN_00137,1784.02,4.6231,4,1,1,0,0,0,0,0.01,4.261,0,0.0595,31.86,0,0,Benign
MALWARE_01091,514.22,7.7491,2,0,5,0,0,1,1,44.83,7.6659,26,0.831,41.3,2,1,WannaCry
BENIGN_00629,3073.53,4.7687,4,1,1,0,112,0,0,0.12,3.8245,0,0.0717,126.11,0,0,Benign
BENIGN_00335,1755.62,6.1229,5,1,0,0,0,0,0,0.08,4.9956,0,0.0978,139.06,0,0,Benign
BENIGN_00391,3078.25,5.1321,5,1,0,0,56,0,0,0.17,4.5005,0,0.0797,157.12,0,0,Benign
MALWARE_01888,563.91,7.0916,5,0,7,1,0,1,1,52.0,7.6545,24,0.672,47.04,2,1,REvil
MALWARE_02405,275.99,7.5985,9,0,7,0,0,1,0,9.11,7.4819,21,0.8984,8.0,1,1,Cerber
MALWARE_01333,985.15,7.3601,9,0,5,0,0,0,1,39.59,7.529,16,0.9716,53.72,1,1,LockBit
BENIGN_01818,641.51,3.7682,5,0,0,0,56,0,0,0.41,4.9195,0,0.0736,27.24,0,0,Benign
BENIGN_00401,342.45,4.7526,5,1,1,0,56,0,0,0.32,5.2491,0,0.1187,108.32,0,0,Benign
BENIGN_00711,1968.43,5.1445,6,1,1,0,56,0,1,0.26,3.2186,0,0.1285,112.49,0,0,Benign
BENIGN_01040,1619.47,3.7033,6,1,0,0,56,0,0,0.19,5.157,0,0.0819,145.04,0,0,Benign
MALWARE_01490,593.79,7.3449,5,0,4,1,28,1,1,43.15,7.432,25,0.7628,45.37,4,1,Maze
MALWARE_00860,413.53,7.9381,9,0,0,1,0,1,1,37.97,7.6165,20,0.9268,24.39,3,1,REvil
BENIGN_00047,1038.58,5.4043,4,1,1,0,0,0,0,0.04,3.742,0,0.05,38.62,0,0,Benign
BENIGN_01562,1684.13,4.4105,5,1,0,0,84,0,0,0.06,3.7987,0,0.1053,55.12,0,0,Benign
MALWARE_02300,676.87,7.8857,9,0,6,1,0,1,1,47.88,7.6542,18,0.8255,36.6,1,1,Cerber
MALWARE_01143,469.73,7.1822,5,0,3,0,0,1,1,39.3,7.6607,23,0.8359,38.94,2,1,REvil
MALWARE_01227,667.82,7.8627,9,0,3,1,0,1,1,46.08,7.5752,14,0.8827,19.68,1,1,Cerber
MALWARE_02483,11.38,7.6293,5,0,9,1,0,1,0,47.57,7.7406,15,0.8548,19.66,2,1,LockBit
BENIGN_01113,1855.89,4.7694,3,0,0,0,56,0,0,0.42,4.0484,0,0.1806,119.11,1,0,Benign
MALWARE_00014,794.97,7.6578,7,0,8,0,28,1,1,68.66,7.7679,14,0.9452,43.54,2,1,WannaCry
MALWARE_01109,901.67,7.5373,5,0,3,0,0,1,1,60.2,7.8285,21,0.7792,17.8,3,1,Cerber
BENIGN_01224,490.04,3.8,5,0,1,0,84,0,0,0.44,4.3834,0,0.1128,110.97,0,0,Benign
MALWARE_01561,446.06,7.8071,7,0,5,0,0,1,1,38.84,7.5154,19,1.0,33.25,1,1,Cerber
MALWARE_00524,899.22,7.5294,5,0,1,0,0,1,1,40.88,7.99,13,0.7507,78.33,3,1,Maze
BENIGN_02422,1462.51,5.0475,6,1,0,0,0,0,0,0.1,4.4614,0,0.0699,74.97,1,0,Benign
BENIGN_01509,1849.98,4.4429,4,0,1,0,56,0,0,0.4,4.2716,0,0.1119,87.27,0,0,Benign
BENIGN_01751,2669.31,4.0369,4,1,1,0,0,0,0,0.35,4.4355,0,0.1248,15.0,0,0,Benign
MALWARE_02338,258.14,7.8004,2,0,4,1,0,1,1,26.48,7.7294,14,0.981,67.54,1,1,LockBit
MALWARE_01597,588.41,7.99,7,0,5,2,28,1,1,50.17,7.9719,19,0.7826,49.07,1,1,Maze
BENIGN_01800,2721.05,5.9814,4,1,1,0,0,0,0,0.21,3.767,0,0.156,101.21,0,0,Benign
BENIGN_00339,300.79,4.7265,6,1,1,0,84,0,0,0.25,3.9921,0,0.05,106.87,0,0,Benign
BENIGN_00216,2654.91,4.2406,4,1,0,0,84,0,0,0.23,3.9046,0,0.1235,89.39,0,0,Benign
MALWARE_01164,496.63,7.62,5,0,1,0,56,1,1,24.06,7.8082,10,1.0,81.72,2,1,Cerber
BENIGN_01342,20.0,4.1829,5,1,0,0,56,0,0,0.02,4.3395,0,0.1696,163.17,0,0,Benign
BENIGN_00012,772.49,5.9242,5,1,1,0,0,0,0,0.23,5.0354,0,0.1507,101.72,0,0,Benign
BENIGN_01521,1638.82,5.2238,3,1,0,0,56,0,0,0.07,5.0907,0,0.3813,155.19,0,0,Benign
MALWARE_01141,317.37,7.5885,5,0,7,0,0,1,1,49.18,7.7771,19,0.8728,17.05,1,1,Cerber
MALWARE_01438,346.85,7.8358,9,0,4,1,28,1,1,50.47,7.5046,11,0.954,83.3,1,1,REvil
MALWARE_01928,503.16,7.4112,7,0,5,0,0,1,0,50.61,7.6901,16,0.9164,71.37,1,1,WannaCry
MALWARE_00505,392.88,7.7265,2,0,4,1,0,1,1,48.07,7.9206,23,0.8102,45.05,2,1,LockBit
MALWARE_00365,633.28,7.7004,7,0,4,0,0,1,1,32.81,7.62,23,0.8236,44.09,1,1,WannaCry
MALWARE_00616,510.47,7.7522,9,0,4,0,0,1,1,44.83,7.5693,24,0.833,36.41,2,1,Maze
MALWARE_02341,223.35,7.8048,5,0,5,0,0,1,1,59.44,7.6769,17,0.6965,17.84,2,1,LockBit
BENIGN_02323,996.14,3.7223,4,1,0,0,56,0,0,0.07,3.5585,0,0.1876,179.83,0,0,Benign
MALWARE_00072,102.11,7.5788,7,0,5,0,0,1,0,42.16,7.7854,24,0.9424,24.16,3,1,Ryuk
MALWARE_00414,198.77,7.1592,5,0,4,1,0,1,1,65.56,7.7654,20,0.7953,8.0,1,1,Maze
BENIGN_00102,2742.05,4.2888,4,1,0,0,56,0,0,0.1,3.4061,0,0.1547,176.31,0,0,Benign
MALWARE_01050,867.68,7.5656,5,0,4,0,0,1,1,62.61,7.8674,19,0.7757,57.25,1,1,Ryuk
BENIGN_01459,1081.05,5.3853,5,1,0,0,0,0,0,0.04,4.986,0,0.05,49.08,0,0,Benign
BENIGN_00172,20.0,6.3657,5,1,0,0,56,0,0,0.07,4.0552,0,0.2263,145.65,0,0,Benign
BENIGN_00108,1396.14,5.7797,5,1,0,0,56,0,1,0.03,5.174,0,0.0857,201.96,0,0,Benign
MALWARE_01697,407.63,7.898,7,0,7,0,56,1,1,62.23,7.7777,35,0.9281,41.22,1,1,WannaCry
MALWARE_01070,1035.22,7.5529,9,0,1,0,0,1,1,71.78,7.7322,15,0.8299,86.71,2,1,Ryuk
MALWARE_02492,763.66,7.1982,5,0,4,0,0,1,1,47.81,7.8179,19,0.8373,51.9,1,1,Cerber
MALWARE_01796,479.05,7.4159,2,1,5,1,0,1,0,54.52,7.99,28,0.7965,42.6,1,1,Maze
MALWARE_01564,930.79,7.2632,5,0,2,0,0,0,1,52.02,7.7058,19,0.8539,43.3,1,1,REvil
MALWARE_01362,182.97,7.0541,5,0,5,1,0,1,1,64.21,7.6428,18,0.8115,53.58,1,1,Cerber
MALWARE_01623,543.75,7.7056,5,0,5,1,0,1,0,44.89,7.5403,29,0.8084,22.54,1,1,Maze
MALWARE_02130,749.57,7.7348,5,0,0,1,0,1,1,30.3,7.99,14,0.8296,17.37,1,1,Cerber
BENIGN_00061,2077.34,3.8968,3,1,1,0,0,0,0,0.06,4.6266,0,0.1855,101.95,0,0,Benign
BENIGN_01241,1657.59,4.4019,4,1,0,0,56,0,0,0.07,3.2087,0,0.089,192.34,0,0,Benign
MALWARE_02138,418.58,7.4724,7,0,2,1,0,1,0,46.82,7.9541,20,1.0,27.04,2,1,WannaCry
BENIGN_01041,1777.38,4.5304,3,1,1,0,84,0,0,0.45,4.3764,0,0.05,67.77,1,0,Benign
MALWARE_01688,728.34,7.1286,2,0,4,0,0,1,1,31.87,7.2752,15,0.7074,36.53,2,1,Maze
MALWARE_00261,280.28,7.7148,2,1,3,0,0,1,1,72.3,7.8867,21,0.7129,65.16,1,1,Cerber
BENIGN_02121,1359.03,5.202,3,1,0,0,56,0,0,0.2,4.4918,0,0.0695,78.98,0,0,Benign
BENIGN_01525,1566.22,4.6174,5,0,1,0,56,0,0,0.41,3.9158,0,0.2742,155.31,1,0,Benign
MALWARE_01022,506.37,7.8928,7,0,2,2,0,1,1,40.91,7.8082,28,0.7913,61.51,1,1,Maze
BENIGN_00154,2430.81,5.5802,5,1,0,0,56,0,0,0.3,4.5007,0,0.2209,131.5,0,0,Benign
BENIGN_02249,1628.56,5.8715,5,1,0,0,0,0,0,0.05,4.1152,0,0.2022,183.73,0,0,Benign
BENIGN_00482,1200.37,6.3806,3,1,0,0,56,0,0,0.27,3.5498,0,0.2434,83.8,0,0,Benign
MALWARE_01734,943.81,7.7618,5,0,6,2,28,1,1,71.24,7.7059,26,0.7459,24.56,3,1,REvil
MALWARE_01806,237.8,7.6614,5,0,4,0,0,1,1,40.69,7.6563,21,0.9102,36.22,2,1,Maze
MALWARE_01079,562.53,7.1351,7,0,7,2,0,1,1,43.64,7.4369,19,0.7146,25.86,2,1,Cerber
MALWARE_01626,792.74,7.3275,9,0,3,0,28,1,1,43.07,7.7709,22,0.7592,60.38,2,1,REvil
MALWARE_01063,775.68,7.2695,7,0,4,0,56,1,1,41.44,7.4923,14,0.8842,62.13,3,1,WannaCry
MALWARE_00816,828.74,7.4983,7,0,6,0,0,1,1,60.55,7.9668,15,0.7578,32.08,2,1,REvil
BENIGN_01763,2808.55,4.5672,5,1,0,0,0,0,0,0.14,4.4635,0,0.2015,30.1,0,0,Benign
MALWARE_01039,761.48,7.1911,5,0,3,0,0,0,1,43.54,7.7716,16,1.0,48.2,3,1,Ryuk
MALWARE_02304,390.23,6.9101,9,0,4,0,0,1,0,69.86,7.2393,20,0.777,44.39,4,1,Maze
BENIGN_00751,1611.91,5.2592,4,0,1,0,112,0,0,0.09,3.3558,0,0.05,138.57,0,0,Benign
MALWARE_01120,1468.59,7.6705,5,0,4,0,0,1,1,52.65,7.6633,20,0.8501,32.93,2,1,WannaCry
BENIGN_01786,2912.13,4.1637,5,1,0,0,0,0,0,0.03,4.285,0,0.0867,136.98,0,0,Benign
MALWARE_01771,308.04,7.8794,9,0,3,0,0,0,0,32.11,7.99,18,0.7941,52.34,2,1,REvil
MALWARE_00884,825.01,7.8703,2,0,3,0,0,1,1,51.7,7.7348,17,1.0,66.34,2,1,Ryuk
MALWARE_01849,581.55,7.7276,5,0,5,0,0,1,1,65.96,7.6787,21,0.7703,29.47,1,1,REvil
BENIGN_00406,1341.44,4.4128,5,1,0,0,84,0,0,0.59,4.2742,0,0.2626,95.79,0,0,Benign
BENIGN_00758,2008.2,5.3434,3,1,0,0,84,0,0,0.0,3.7739,0,0.05,185.97,0,0,Benign
MALWARE_00212,692.34,7.741,5,0,6,1,0,1,1,70.71,7.7278,21,0.7387,25.51,3,1,Maze
MALWARE_00171,10.0,7.5761,2,0,6,0,0,1,1,46.57,7.5924,22,0.7837,31.92,1,1,LockBit
MALWARE_01484,235.65,7.609,9,0,1,0,0,1,1,52.42,7.7189,17,0.9312,44.83,1,1,WannaCry
BENIGN_00098,1862.03,5.5984,4,1,0,0,56,0,0,0.05,2.4622,0,0.1721,87.46,0,0,Benign
BENIGN_01334,2372.78,5.915,5,1,0,0,84,0,0,0.22,3.2129,0,0.2302,204.29,0,0,Benign
MALWARE_01952,1019.55,7.99,5,0,3,2,0,1,1,51.4,7.5506,19,0.9202,38.4,3,1,Maze
MALWARE_00292,403.44,7.8456,5,0,6,0,0,1,0,27.26,7.9631,21,0.7262,80.79,3,1,LockBit
MALWARE_00355,440.16,7.072,2,0,3,0,0,1,1,40.36,7.6763,14,0.8847,50.71,1,1,Cerber
BENIGN_00187,1335.42,4.28,4,1,0,0,84,0,0,0.03,4.4989,0,0.2412,199.03,0,0,Benign
MALWARE_01504,830.81,7.5494,7,0,3,1,0,1,1,59.12,7.8401,28,0.7406,56.74,1,1,REvil
MALWARE_00224,787.61,7.4315,7,1,3,0,0,1,1,34.36,7.6755,20,1.0,59.06,4,1,LockBit
MALWARE_01084,153.62,7.1683,5,0,1,0,0,1,1,38.55,7.5339,18,0.7771,57.15,1,1,Cerber
BENIGN_02059,1183.43,5.1238,4,1,1,0,112,0,0,0.06,4.9265,0,0.1895,128.96,0,0,Benign
BENIGN_01320,906.18,4.8319,4,1,0,0,56,0,0,0.17,4.6701,0,0.1349,114.23,0,0,Benign
BENIGN_00149,1726.63,4.5929,4,1,0,0,56,0,0,0.07,4.8172,0,0.05,156.18,0,0,Benign
BENIGN_00029,1283.17,4.3095,6,0,0,0,56,0,0,0.08,4.8949,0,0.2133,151.21,0,0,Benign
MALWARE_01641,152.66,7.3802,5,0,7,2,0,1,0,40.32,7.6544,27,0.7654,20.67,2,1,Maze
MALWARE_01510,479.9,7.3287,2,0,3,1,0,1,1,21.45,7.8077,20,0.8525,66.36,1,1,Maze
MALWARE_00864,405.83,7.5437,2,0,2,2,0,1,1,47.61,7.6326,17,0.9105,62.17,4,1,Cerber
BENIGN_00693,20.0,4.6904,5,1,0,0,0,0,0,0.29,5.3554,0,0.0617,165.71,0,0,Benign
MALWARE_00367,712.08,7.6281,9,0,4,0,0,1,1,27.32,7.6889,21,0.8966,64.71,1,1,WannaCry
MALWARE_01277,559.55,7.3793,5,0,2,1,0,1,0,24.69,7.6445,21,1.0,45.48,2,1,Cerber
BENIGN_01387,262.13,5.4662,5,1,0,0,0,0,0,0.22,4.6061,0,0.0635,161.18,0,0,Benign
BENIGN_01846,1063.56,6.2266,4,1,1,0,56,0,0,0.02,3.8623,0,0.2753,151.04,0,0,Benign
MALWARE_02231,213.69,7.7315,7,0,7,1,0,0,1,46.75,7.7064,25,1.0,43.2,2,1,Ryuk
BENIGN_00130,379.59,3.8433,4,1,0,0,84,0,0,0.27,4.4668,0,0.05,64.68,0,0,Benign
BENIGN_01600,1336.17,4.936,4,1,0,0,56,0,0,0.12,4.2367,0,0.1028,46.01,0,0,Benign
MALWARE_01130,736.55,7.4481,2,0,5,2,0,1,1,44.47,7.5983,13,0.9693,53.48,1,1,WannaCry
MALWARE_02004,812.8,7.1318,5,0,3,1,0,1,0,54.71,7.8179,20,0.8614,13.16,2,1,Maze
BENIGN_00702,1705.79,4.5816,6,1,1,0,56,0,0,0.05,4.551,0,0.0773,150.21,0,0,Benign
MALWARE_01483,890.29,6.9723,7,0,2,0,0,1,1,22.87,7.5727,12,0.729,26.6,1,1,Maze
MALWARE_00529,1190.31,7.99,5,0,4,0,0,1,1,51.18,7.6567,27,0.7425,68.88,2,1,Ryuk
MALWARE_00470,484.19,7.5587,9,0,3,0,0,1,1,70.06,7.4971,18,0.8518,49.9,4,1,WannaCry
MALWARE_01857,786.83,6.8961,7,0,2,0,0,1,1,42.44,7.3363,17,0.8593,54.35,1,1,Cerber
BENIGN_01709,760.56,4.6109,5,1,1,1,0,0,0,0.06,4.1307,0,0.1057,164.49,1,0,Benign
MALWARE_00454,373.14,7.7784,5,0,5,0,0,1,1,79.02,7.3596,18,0.9607,57.5,1,1,Maze
BENIGN_00455,1868.98,5.0311,5,1,1,0,56,0,0,0.06,4.4166,0,0.2274,138.05,0,0,Benign
MALWARE_00369,672.99,7.5463,2,0,8,1,0,1,1,34.66,7.6664,28,0.9038,22.58,2,1,Maze
BENIGN_02041,549.75,3.8028,5,1,1,0,56,0,1,0.17,4.685,0,0.1966,125.42,0,0,Benign
BENIGN_01773,2204.38,4.4538,4,1,0,0,0,0,0,0.19,4.704,0,0.1936,112.51,0,0,Benign
BENIGN_02316,1343.6,3.3665,4,1,0,0,0,0,0,0.11,3.6265,0,0.267,190.28,0,0,Benign
BENIGN_00610,119.19,4.824,5,1,1,0,0,0,0,0.06,4.0453,0,0.1394,80.59,0,0,Benign
BENIGN_00168,2098.33,4.6625,5,1,0,1,84,0,0,0.17,3.5351,0,0.0516,144.83,0,0,Benign
BENIGN_00731,20.0,5.9439,5,0,1,0,56,0,0,0.16,3.6174,0,0.184,65.68,0,0,Benign
MALWARE_01749,383.4,6.7,5,0,4,0,56,1,1,66.31,7.3061,15,0.971,17.02,2,1,Cerber
MALWARE_00859,1075.8,7.2248,7,0,5,0,56,1,0,33.89,7.7618,22,0.8389,46.35,1,1,Cerber
BENIGN_02075,3155.27,4.1828,4,0,0,0,56,0,0,0.1,4.4068,0,0.1334,130.6,0,0,Benign
MALWARE_01540,555.8,7.7662,9,0,6,2,0,1,1,11.35,7.4394,17,1.0,59.54,1,1,WannaCry
MALWARE_01201,645.87,7.3321,7,0,0,0,56,1,1,32.37,7.7725,18,0.7924,28.7,1,1,REvil
BENIGN_01623,1273.37,5.8331,5,1,0,0,56,0,0,0.17,4.0984,0,0.1186,123.99,0,0,Benign
BENIGN_00588,1942.4,6.0313,5,1,0,0,56,0,0,0.12,5.1434,0,0.1707,95.77,0,0,Benign
BENIGN_01402,1073.77,4.5361,4,1,0,0,56,0,0,0.07,4.3704,0,0.1413,171.59,0,0,Benign
MALWARE_00546,589.33,7.0288,5,0,5,0,0,1,1,48.68,7.99,21,0.9198,55.61,1,1,LockBit
MALWARE_00725,672.98,7.5416,5,0,2,0,0,1,0,44.94,7.5869,21,0.9305,60.7,4,1,REvil
BENIGN_01701,1716.04,5.9189,4,1,1,1,56,0,0,0.0,4.121,0,0.1027,179.46,0,0,Benign
MALWARE_00589,334.75,7.6325,5,0,5,0,0,1,1,44.43,7.99,20,1.0,32.4,2,1,Cerber
MALWARE_01891,330.77,7.8037,5,0,9,2,0,1,1,42.18,7.4789,19,0.7752,67.86,1,1,Maze
MALWARE_00482,247.37,7.3623,5,0,4,0,0,1,1,31.67,7.7453,16,0.7947,65.38,3,1,REvil
BENIGN_00041,3144.07,4.5445,4,1,0,0,0,0,0,0.02,4.1358,0,0.0672,92.32,0,0,Benign
BENIGN_01380,920.43,5.1797,6,1,0,0,84,0,0,0.1,4.231,0,0.05,132.52,0,0,Benign
BENIGN_02090,915.22,5.2051,4,1,0,0,0,0,0,0.43,3.6217,0,0.0842,91.44,0,0,Benign
BENIGN_02176,1898.61,5.8697,3,1,0,0,0,0,0,0.61,4.2479,0,0.1413,27.79,0,0,Benign
MALWARE_00718,475.69,7.977,7,0,4,0,0,1,1,41.52,7.5486,16,0.7405,39.73,1,1,Cerber
MALWARE_00386,620.53,7.5002,9,0,5,1,28,1,1,53.22,7.713,15,0.8237,29.67,1,1,REvil
BENIGN_00075,3347.78,4.2689,4,0,0,0,56,0,0,0.14,3.8174,0,0.1075,88.84,0,0,Benign
MALWARE_01410,1031.92,7.5263,2,0,4,1,0,1,1,34.24,7.8265,16,0.8354,19.92,1,1,REvil
MALWARE_02465,600.22,7.4289,5,1,9,0,0,1,1,57.19,7.6305,14,0.7603,37.19,2,1,Ryuk
MALWARE_00158,418.87,7.99,7,0,3,0,0,1,1,49.3,7.5087,20,0.9958,34.04,1,1,Cerber
MALWARE_00681,689.89,6.9547,2,0,2,1,0,1,1,50.93,7.5523,18,0.7304,29.71,1,1,Cerber
BENIGN_02077,1566.37,4.4604,5,1,1,0,56,0,0,0.02,3.7956,0,0.2804,201.74,0,0,Benign
BENIGN_00442,1562.49,4.826,4,1,0,0,56,0,0,0.0,4.6834,0,0.1468,49.79,1,0,Benign
MALWARE_01552,839.03,7.6167,5,0,5,0,28,1,1,50.3,7.7121,19,1.0,23.81,1,1,Maze
BENIGN_02052,1757.38,5.5025,5,0,0,0,84,0,0,0.22,4.1103,0,0.106,162.17,0,0,Benign
MALWARE_00042,551.77,7.99,2,0,2,0,0,1,1,57.24,7.7796,14,0.6252,45.74,1,1,LockBit
MALWARE_00807,811.86,7.461,2,0,4,0,0,1,1,48.83,7.7526,14,0.6952,59.52,1,1,WannaCry
BENIGN_01302,2162.01,4.5928,4,1,0,0,84,0,0,0.35,3.2629,0,0.1884,106.42,1,0,Benign
BENIGN_01782,1675.32,5.4036,3,1,0,0,84,0,0,0.0,3.2959,0,0.1099,114.69,0,0,Benign
MALWARE_02315,210.25,7.6651,5,0,5,0,56,1,1,51.66,7.5561,21,0.7511,11.43,1,1,REvil
MALWARE_00931,267.25,7.5526,5,0,0,2,0,1,1,46.51,7.8033,21,0.7533,28.48,1,1,Ryuk
BENIGN_01305,1226.78,5.5145,5,1,0,1,84,0,0,0.07,4.2069,0,0.05,54.4,0,0,Benign
BENIGN_00237,715.79,6.8,4,1,0,0,112,0,0,0.18,3.9205,0,0.1379,116.3,0,0,Benign
MALWARE_00100,643.79,7.9891,2,0,6,0,0,1,1,28.07,7.5032,23,0.8835,33.2,2,1,Ryuk
BENIGN_00521,20.0,4.3303,4,1,0,0,56,0,0,0.08,3.7713,0,0.1623,149.43,0,0,Benign
MALWARE_00074,450.69,7.4834,7,0,3,1,0,1,0,25.06,7.4571,23,0.879,15.13,1,1,LockBit
MALWARE_00781,469.9,7.7835,5,0,5,0,0,1,1,57.51,7.4998,17,0.7941,79.12,1,1,Maze
MALWARE_00687,263.54,7.2232,7,0,1,0,28,1,1,50.87,7.6582,12,0.7298,45.51,1,1,WannaCry
MALWARE_00269,905.45,7.5485,2,0,3,0,0,1,1,25.47,7.7216,17,0.7276,47.38,2,1,REvil
BENIGN_00736,2016.9,4.6108,3,0,0,0,56,0,0,0.52,2.5265,0,0.1565,178.94,0,0,Benign
MALWARE_02204,744.93,7.8868,2,0,5,1,0,1,1,68.91,7.9793,14,0.8634,65.58,1,1,WannaCry
MALWARE_02430,922.14,7.2347,7,0,4,0,0,1,0,35.06,7.775,27,0.9089,94.64,1,1,REvil
BENIGN_02107,1859.41,5.2377,6,1,1,0,56,0,0,0.16,4.9035,0,0.1038,191.63,0,0,Benign
MALWARE_00180,652.96,7.5058,7,0,2,0,0,1,1,33.67,7.4429,25,0.7926,54.93,2,1,WannaCry
MALWARE_00730,365.19,7.8394,5,0,4,0,28,1,1,52.33,7.543,23,0.7571,62.47,4,1,Cerber
MALWARE_00262,114.72,7.2471,5,1,7,2,28,1,1,54.72,7.5826,11,0.7395,54.76,2,1,LockBit
BENIGN_00593,1517.87,6.1548,3,1,1,0,56,0,0,0.37,5.36,0,0.1705,119.42,0,0,Benign
BENIGN_01304,1192.2,6.0062,6,0,0,1,0,0,0,0.21,3.9548,0,0.1539,36.92,0,0,Benign
BENIGN_01388,1513.78,4.8609,5,1,0,0,56,0,0,0.12,4.3422,0,0.0633,123.44,0,0,Benign
MALWARE_02196,629.54,7.7548,7,0,3,0,56,1,1,28.64,7.845,8,0.8343,30.31,1,1,Maze
MALWARE_02027,615.41,7.877,5,0,4,1,0,1,0,52.53,7.6577,20,0.9895,40.6,2,1,Maze
MALWARE_01448,904.63,7.2075,9,0,4,0,0,1,1,34.06,7.6939,17,0.7861,33.22,1,1,Ryuk
BENIGN_01891,1859.93,4.1364,3,1,1,0,56,0,0,0.3,4.5904,0,0.2287,70.22,0,0,Benign
MALWARE_00488,725.96,7.7399,5,0,5,0,0,1,1,36.47,7.657,13,0.6951,28.34,3,1,LockBit
MALWARE_02425,10.0,7.7967,7,0,0,1,0,0,1,40.82,7.3557,22,0.7705,38.04,2,1,Cerber
MALWARE_00798,505.8,7.5926,5,0,6,0,0,1,1,54.95,7.6444,14,0.7244,28.77,2,1,REvil
BENIGN_00905,1805.86,5.6859,5,1,2,0,56,0,0,0.2,3.6227,0,0.15,115.24,0,0,Benign
MALWARE_02110,356.97,7.2027,2,0,6,1,0,1,0,42.74,7.431,19,0.7685,8.0,1,1,Cerber
BENIGN_01280,2192.29,3.39,5,1,1,0,112,0,0,0.57,4.3681,0,0.3067,162.42,0,0,Benign
BENIGN_00934,2328.32,6.1163,4,1,4,0,56,0,0,0.63,4.0589,0,0.2048,164.21,0,0,Benign
MALWARE_02400,745.86,7.6509,7,0,7,0,28,1,1,25.74,7.4303,8,0.7854,45.4,1,1,Ryuk
BENIGN_02309,2052.62,5.1031,4,1,0,0,0,0,0,0.02,3.0047,0,0.2407,123.02,0,0,Benign
BENIGN_01556,26.8,6.4923,4,1,0,0,112,0,0,0.43,4.1705,0,0.1734,101.88,0,0,Benign
MALWARE_02034,551.64,7.4888,7,0,2,1,0,1,1,30.39,7.9021,17,0.804,58.22,2,1,Cerber
MALWARE_00691,744.95,7.8267,9,0,2,0,0,0,0,32.33,7.57,20,0.9334,34.9,3,1,Ryuk
MALWARE_01942,240.51,7.6524,9,0,7,1,0,0,1,54.43,7.7607,19,0.8424,44.08,2,1,Cerber
BENIGN_00707,1249.02,4.5923,6,0,2,0,56,0,0,0.27,5.5239,0,0.1564,15.0,0,0,Benign
MALWARE_02191,502.26,7.6293,2,0,3,0,0,0,0,49.3,7.981,17,0.9555,10.32,1,1,REvil
MALWARE_00571,974.12,7.8541,2,0,4,1,28,1,1,39.44,7.9603,16,0.8349,61.95,3,1,Cerber
BENIGN_00746,2933.18,5.0018,4,1,1,0,56,0,0,0.04,3.0178,0,0.195,113.11,0,0,Benign
MALWARE_01095,188.87,7.4594,7,0,3,1,28,0,0,42.66,7.5057,11,0.9315,46.15,4,1,Cerber
BENIGN_01940,618.48,6.2257,4,1,1,0,0,0,0,0.06,3.4021,0,0.1828,178.79,0,0,Benign
MALWARE_01901,10.0,7.3658,5,0,5,0,0,1,1,50.64,7.8593,19,0.8434,51.92,1,1,LockBit
MALWARE_00363,903.61,7.387,9,0,5,1,0,0,1,40.13,7.2732,16,0.8949,35.7,3,1,Cerber
MALWARE_01497,1133.59,7.2557,9,1,4,2,0,1,1,15.14,7.8494,14,0.8203,42.95,2,1,WannaCry
BENIGN_00514,1177.0,5.1943,5,1,0,0,0,0,0,0.18,4.7002,0,0.2062,93.62,0,0,Benign
BENIGN_00082,1538.36,5.2863,4,0,1,0,84,0,0,0.17,4.312,0,0.2456,43.84,0,0,Benign
MALWARE_02477,461.68,7.9791,2,1,6,0,0,1,1,44.47,7.6482,21,0.6506,52.73,1,1,WannaCry
BENIGN_01309,2008.29,5.8163,4,0,1,1,84,0,0,0.6,4.1953,0,0.054,30.75,0,0,Benign
MALWARE_02115,418.34,7.586,9,0,6,2,0,1,1,46.12,7.7512,14,0.8661,64.97,1,1,Cerber
BENIGN_00915,2468.02,5.0226,4,1,0,0,0,0,0,0.36,4.9799,0,0.0929,166.54,0,0,Benign
MALWARE_00953,655.89,7.3519,5,0,4,0,0,1,1,41.89,7.4769,11,0.8885,62.67,2,1,WannaCry
MALWARE_01196,490.48,7.3284,7,0,7,0,0,1,1,47.39,7.9027,19,0.9624,48.35,1,1,Cerber
MALWARE_02305,453.9,7.5416,7,0,6,1,0,0,0,25.18,7.4774,18,0.8512,41.52,1,1,REvil
MALWARE_00657,290.16,7.1927,9,0,6,0,0,1,0,25.03,7.7073,19,0.9336,54.45,1,1,WannaCry
BENIGN_02199,1411.66,3.5962,5,1,0,0,112,0,0,0.23,5.0686,0,0.1751,121.97,0,0,Benign
MALWARE_01733,372.54,7.2878,7,0,4,0,0,1,1,27.5,7.762,16,1.0,35.06,3,1,Maze
BENIGN_00775,1319.72,6.1333,4,1,0,0,56,0,0,0.07,3.836,0,0.148,113.51,0,0,Benign
BENIGN_00330,1910.89,5.9567,5,1,0,0,0,0,0,0.11,4.2098,0,0.1194,113.81,0,0,Benign
BENIGN_02055,880.64,4.4251,5,1,0,0,56,0,0,0.19,3.2323,0,0.311,150.28,0,0,Benign
BENIGN_02002,2383.85,5.8736,5,1,0,0,0,0,0,0.16,4.1863,0,0.1211,127.23,0,0,Benign
BENIGN_00944,3286.49,5.6264,5,1,0,0,56,0,0,0.6,3.3743,0,0.05,56.72,0,0,Benign
BENIGN_00823,279.47,4.3224,6,1,0,0,84,0,0,0.11,4.1872,0,0.1486,72.1,0,0,Benign
MALWARE_02028,90.08,7.539,7,0,5,1,0,1,1,51.04,7.5108,20,0.9169,50.24,1,1,Cerber
BENIGN_00910,1378.38,5.5245,6,1,1,0,84,0,0,0.12,4.2914,0,0.221,40.85,0,0,Benign
MALWARE_00017,76.08,7.2163,5,0,4,0,28,1,1,50.57,7.835,22,0.8323,50.5,3,1,WannaCry
BENIGN_00182,642.51,4.2064,5,1,0,0,56,0,0,0.04,3.9492,0,0.1237,150.16,0,0,Benign
BENIGN_00165,512.52,4.326,6,1,1,0,0,0,0,0.66,3.9382,0,0.1412,115.58,0,0,Benign
BENIGN_01524,1684.13,6.0262,5,1,1,0,56,0,0,0.04,4.4188,0,0.0744,200.5,0,0,Benign
BENIGN_00452,1767.87,6.8,5,1,1,0,56,0,0,0.03,3.556,0,0.1746,223.41,0,0,Benign
MALWARE_00039,524.21,7.5536,7,0,2,0,0,1,1,49.62,7.8018,14,0.8379,23.69,1,1,REvil
MALWARE_01638,1128.4,7.5929,5,0,4,0,0,1,1,26.39,7.6972,17,0.8469,68.23,2,1,REvil
MALWARE_02276,419.94,7.7894,7,0,4,0,28,1,1,85.01,7.9682,16,0.7125,82.91,2,1,Cerber
BENIGN_01312,1298.65,5.4853,5,0,0,0,56,0,0,0.37,4.3164,0,0.2416,147.45,0,0,Benign
MALWARE_00650,653.02,7.6417,5,1,7,0,0,1,1,60.67,7.99,15,0.9008,24.59,3,1,LockBit
BENIGN_01112,3441.9,4.5771,3,1,0,0,0,0,0,0.19,4.4118,0,0.1244,59.7,0,0,Benign
MALWARE_02048,364.84,7.6891,2,0,4,0,0,1,1,38.91,7.6714,29,0.9752,23.74,1,1,Cerber
MALWARE_01586,241.15,7.6824,2,0,4,0,0,1,1,62.02,7.99,17,0.8687,64.08,2,1,WannaCry
MALWARE_00990,27.73,7.99,9,0,4,0,0,1,1,22.9,7.8412,21,0.9311,27.74,3,1,Cerber
BENIGN_01288,2211.23,5.644,5,1,0,0,56,0,0,0.0,3.9995,0,0.1648,46.87,0,0,Benign
MALWARE_01678,1087.83,7.5655,5,0,4,0,0,1,1,60.81,7.7518,14,0.7894,58.5,3,1,REvil
MALWARE_02146,10.0,7.5071,5,0,5,0,0,1,1,21.98,7.6985,18,0.8962,8.0,2,1,REvil
MALWARE_01181,357.26,7.99,5,1,11,0,0,1,1,32.84,7.9439,18,0.8398,50.83,1,1,Maze
MALWARE_02012,597.07,7.4754,5,0,4,0,0,1,1,30.82,7.2076,15,0.8273,53.22,2,1,Maze
MALWARE_01669,587.0,7.99,5,0,3,0,0,1,1,38.86,7.99,21,1.0,85.23,1,1,LockBit
MALWARE_00801,241.82,7.7465,9,0,6,1,0,1,1,24.84,7.9882,16,0.8319,48.25,3,1,Ryuk
MALWARE_00811,747.56,7.8676,7,0,0,1,0,1,1,68.22,7.6756,22,0.8659,84.16,3,1,Cerber
MALWARE_02057,393.85,7.2582,7,0,6,0,0,0,1,60.96,7.5294,16,0.8892,37.07,1,1,REvil
MALWARE_00626,158.18,7.2649,5,0,0,0,0,0,1,69.47,7.6423,19,1.0,64.87,1,1,WannaCry
BENIGN_00328,1106.01,5.0531,4,1,1,0,56,0,0,0.62,3.6689,0,0.1969,99.38,0,0,Benign
BENIGN_01791,1042.22,3.2565,4,1,0,0,84,0,0,0.02,4.6174,0,0.0886,20.82,0,0,Benign
BENIGN_02491,500.38,5.4976,4,1,1,0,0,0,0,0.31,4.3666,0,0.05,116.18,0,0,Benign
BENIGN_02007,556.59,4.3101,5,1,1,0,0,0,0,0.12,4.522,0,0.2015,161.54,0,0,Benign
BENIGN_02008,1933.83,3.874,5,0,1,0,56,0,0,0.02,4.7294,0,0.3071,175.59,0,0,Benign
BENIGN_01859,741.04,3.4489,6,1,0,0,56,0,0,0.16,4.6929,0,0.05,125.77,0,0,Benign
MALWARE_02186,632.19,7.1268,7,1,7,0,0,0,1,42.47,7.5225,25,0.7746,38.59,2,1,LockBit
BENIGN_00313,876.12,5.6656,4,1,1,0,56,0,0,0.29,3.6085,0,0.1273,179.74,0,0,Benign
BENIGN_00833,2398.74,5.3416,5,1,1,0,56,0,0,0.35,4.1688,0,0.1725,102.75,0,0,Benign
MALWARE_00580,637.06,6.7869,7,0,4,0,0,1,1,54.82,7.7524,20,0.7916,45.98,2,1,LockBit
MALWARE_02218,363.08,7.5654,5,0,4,0,28,1,0,54.89,7.3615,21,0.8666,96.04,1,1,Ryuk
MALWARE_00963,985.53,7.863,7,0,2,0,0,1,1,49.63,7.8355,19,0.7124,47.44,1,1,LockBit
BENIGN_01202,2247.19,4.5965,3,1,0,0,56,0,0,0.31,4.6421,0,0.1286,76.29,0,0,Benign
MALWARE_01892,1035.16,7.99,9,0,7,1,28,1,1,29.52,7.8193,15,0.8129,52.33,1,1,WannaCry
MALWARE_01048,918.11,7.5019,5,0,3,0,28,1,1,58.25,7.6116,19,0.6676,30.26,1,1,Maze
MALWARE_02423,757.67,6.7099,5,0,7,0,0,1,1,59.73,7.521,17,1.0,105.75,1,1,WannaCry
BENIGN_02135,2837.34,5.3066,5,1,0,0,84,0,0,0.04,3.6882,0,0.2387,150.3,0,0,Benign
MALWARE_00952,583.76,7.7072,5,0,3,1,0,1,1,46.88,7.9036,17,0.9613,86.18,1,1,Ryuk
BENIGN_02210,3002.43,3.9425,6,0,2,0,0,0,0,0.72,4.7895,0,0.1013,185.81,0,0,Benign
BENIGN_01902,2310.82,2.8324,6,1,0,0,56,0,0,0.52,3.8154,0,0.1214,152.23,0,0,Benign
BENIGN_01482,1209.11,3.3205,5,0,0,0,0,0,0,0.01,4.01,0,0.1567,102.55,0,0,Benign
BENIGN_00778,2032.7,6.2891,4,0,0,0,56,0,0,0.22,4.3655,0,0.149,108.02,0,0,Benign
BENIGN_00800,1033.44,4.4603,3,1,0,0,56,0,0,0.27,4.4386,0,0.112,53.0,0,0,Benign
MALWARE_01215,421.32,7.8326,2,0,3,1,0,1,1,74.45,7.7251,11,0.8943,35.59,2,1,Cerber
MALWARE_01443,110.66,7.3166,2,0,4,1,0,1,1,53.14,7.7319,17,0.8944,44.11,2,1,LockBit
BENIGN_00055,1723.97,3.8996,5,1,0,0,112,0,0,0.24,4.3301,0,0.1854,132.51,0,0,Benign
MALWARE_00473,314.04,7.2072,7,0,3,1,0,1,1,54.98,7.4552,16,0.8243,38.53,2,1,WannaCry
MALWARE_00836,1113.76,7.2527,2,0,3,0,0,1,0,16.61,7.5549,21,0.9046,47.89,1,1,Maze
BENIGN_01921,1005.78,3.8464,4,1,1,0,84,0,0,0.18,4.7743,0,0.0769,140.08,0,0,Benign
MALWARE_01216,351.24,7.7572,5,0,4,2,28,1,1,44.03,7.4625,12,0.8379,63.33,1,1,REvil
MALWARE_02147,920.05,7.99,7,0,8,0,0,1,1,31.61,7.6828,22,0.8686,58.07,2,1,WannaCry
BENIGN_00947,2255.37,4.9561,4,1,1,0,56,0,0,0.01,3.8432,0,0.1162,54.38,0,0,Benign
BENIGN_01702,370.19,4.231,4,0,0,0,56,0,0,0.02,5.6614,0,0.1403,83.12,0,0,Benign
MALWARE_00794,395.39,7.6247,5,0,4,1,0,1,1,60.21,7.8057,20,0.8759,35.16,2,1,Maze
BENIGN_02162,2521.36,4.7298,5,1,0,0,56,0,0,0.04,5.0669,0,0.0668,122.0,0,0,Benign
BENIGN_01137,1054.83,5.2138,5,1,0,0,56,0,0,0.11,4.2273,0,0.2256,83.55,1,0,Benign
BENIGN_00988,533.36,5.8617,6,1,0,0,0,0,0,0.05,2.5916,0,0.1189,161.28,0,0,Benign
MALWARE_00050,908.74,7.0842,5,0,7,1,0,1,1,70.77,7.4318,18,0.6846,37.37,1,1,Ryuk
BENIGN_00194,1620.32,3.3068,5,1,0,0,56,0,0,0.04,4.8045,0,0.05,121.63,0,0,Benign
MALWARE_00558,913.83,6.9263,9,0,2,1,0,1,0,51.01,7.5049,21,0.8197,33.47,2,1,Maze
MALWARE_00747,775.42,7.9389,5,0,3,0,0,1,1,40.2,7.6559,9,0.8123,18.32,2,1,Cerber
BENIGN_01395,857.18,6.8,3,1,0,0,56,0,0,0.02,4.2328,0,0.1018,143.98,0,0,Benign
MALWARE_00138,292.17,7.7137,5,0,7,0,28,1,1,40.27,7.7384,19,1.0,49.53,1,1,LockBit
BENIGN_00769,2057.45,6.117,4,1,1,0,56,0,0,0.22,3.9999,0,0.05,131.09,0,0,Benign
MALWARE_02203,807.32,7.8214,9,0,7,0,0,1,0,66.02,7.5362,23,0.9154,65.81,1,1,Ryuk
MALWARE_00591,882.29,7.5607,2,0,9,1,0,1,1,44.54,7.73,23,1.0,50.42,4,1,REvil
MALWARE_00996,506.11,7.4944,5,0,0,1,0,1,0,62.69,7.7857,14,0.7616,25.72,4,1,Cerber
MALWARE_00716,650.79,7.2957,2,0,3,0,0,1,1,54.27,7.99,26,0.8543,33.21,4,1,Maze
BENIGN_00286,2311.72,6.1411,5,1,0,0,0,0,0,0.24,3.6327,0,0.2329,160.99,0,0,Benign
MALWARE_02439,862.83,7.5257,9,1,7,0,28,1,1,43.83,7.2594,17,0.8809,42.68,1,1,Ryuk
BENIGN_00429,1761.48,3.6886,5,1,1,0,56,0,0,0.08,3.8066,0,0.1311,73.03,0,0,Benign
MALWARE_01949,988.59,7.714,2,1,5,0,0,0,1,48.13,7.4636,13,0.6536,55.43,1,1,Ryuk
BENIGN_02333,1693.4,4.6516,4,1,0,0,0,0,0,0.39,4.648,0,0.18,114.66,0,0,Benign
MALWARE_00218,595.72,7.7321,2,0,4,0,0,1,0,59.8,7.7811,10,0.942,34.88,1,1,Cerber
BENIGN_02080,2698.05,3.904,5,1,0,0,56,0,0,0.41,4.3627,0,0.2945,94.88,0,0,Benign
MALWARE_00890,559.61,7.6243,2,0,2,0,0,1,1,49.73,7.7907,20,0.6688,20.28,1,1,Ryuk
BENIGN_00723,2294.3,5.1608,5,1,0,0,84,0,0,0.09,4.4375,0,0.1406,198.71,0,0,Benign
BENIGN_00952,1846.38,4.2928,4,1,0,0,56,0,0,0.11,3.984,0,0.1497,162.97,0,0,Benign
MALWARE_01884,349.69,7.1657,9,0,5,0,0,1,1,55.43,7.6902,19,0.9733,52.13,2,1,Cerber
MALWARE_01867,194.09,7.7268,2,0,6,0,0,1,0,63.29,7.7367,20,0.8514,60.47,2,1,Ryuk
BENIGN_02263,841.87,4.9256,4,1,1,0,56,0,0,0.05,5.1567,0,0.2304,196.07,0,0,Benign
BENIGN_00990,1850.0,4.768,5,1,0,0,0,0,0,0.35,2.6435,0,0.057,111.92,1,0,Benign
MALWARE_00713,1019.89,7.9762,2,0,5,1,0,0,0,9.71,7.4335,20,0.7917,15.23,2,1,REvil
BENIGN_01760,1982.56,5.2575,4,1,0,1,84,0,0,0.15,3.4669,0,0.2168,111.86,0,0,Benign
MALWARE_02080,436.39,7.0537,7,0,2,1,0,1,1,31.88,7.7304,27,0.7075,33.49,2,1,LockBit
BENIGN_00327,35.08,3.8172,5,0,0,0,0,0,0,0.01,3.5662,0,0.0653,73.97,0,0,Benign
MALWARE_00109,250.8,7.7322,2,0,4,1,0,1,1,44.41,7.2194,20,0.9533,52.84,3,1,WannaCry
BENIGN_01384,1090.85,5.7321,5,1,0,0,84,0,0,0.11,4.0284,0,0.1615,159.49,0,0,Benign
BENIGN_01725,1314.76,6.5335,5,0,0,0,56,0,0,0.09,5.1227,0,0.0547,149.01,0,0,Benign
BENIGN_01087,1380.48,3.5848,3,1,0,0,56,0,0,0.92,4.3319,0,0.05,216.46,0,0,Benign
MALWARE_00024,986.61,7.6789,9,0,8,0,0,1,1,43.92,7.8404,25,0.9183,33.94,1,1,WannaCry
BENIGN_00342,1842.55,3.8335,5,1,0,0,0,0,0,0.08,4.0491,0,0.2393,129.32,0,0,Benign
MALWARE_01202,156.07,7.3678,5,0,4,0,28,1,0,42.7,7.6824,20,0.9117,61.29,1,1,Ryuk
BENIGN_00148,20.0,5.7737,4,1,0,1,56,0,0,0.23,5.1128,0,0.2456,63.93,0,0,Benign
BENIGN_00689,1568.41,3.4274,4,1,0,0,84,0,0,0.02,3.7209,0,0.1677,142.96,0,0,Benign
MALWARE_00933,903.11,7.7327,7,0,6,0,0,1,1,53.68,7.2411,12,0.8593,38.56,1,1,LockBit
BENIGN_01108,1685.38,4.6476,4,1,1,0,56,0,0,0.53,4.3748,0,0.1685,123.62,0,0,Benign
BENIGN_00849,1179.9,5.2033,3,1,0,0,0,0,0,0.31,3.8584,0,0.1973,77.11,0,0,Benign
BENIGN_00967,2040.39,5.262,5,1,0,0,112,0,0,0.01,4.0289,0,0.2266,96.25,0,0,Benign
MALWARE_02228,809.5,7.2092,2,0,4,1,0,1,0,42.46,7.9718,28,0.8219,44.34,4,1,Ryuk
BENIGN_01493,1613.1,5.4934,5,0,1,0,56,0,0,0.32,4.5241,0,0.1442,166.35,0,0,Benign
MALWARE_01454,550.45,7.5513,7,1,8,0,0,1,1,66.88,7.2926,23,0.8398,60.42,2,1,REvil
BENIGN_02204,2501.82,6.1115,5,1,1,0,0,0,0,0.15,3.7888,0,0.0866,120.53,0,0,Benign
MALWARE_00214,406.34,7.6715,2,0,6,0,0,1,1,37.42,7.8385,18,0.8882,55.85,1,1,Cerber
BENIGN_00662,760.61,3.9762,3,1,0,0,0,0,0,0.06,3.9096,0,0.1413,42.7,0,0,Benign
BENIGN_01003,1366.81,4.023,4,1,0,1,0,0,0,0.15,2.7727,0,0.2677,124.76,0,0,Benign
BENIGN_00063,506.8,4.147,4,1,0,0,56,0,0,0.11,4.3266,0,0.1423,92.75,0,0,Benign
BENIGN_00285,250.81,6.0027,4,1,0,0,0,0,1,0.12,4.8414,0,0.1573,91.9,0,0,Benign
BENIGN_02225,20.0,4.9112,5,0,0,0,0,0,0,0.22,4.263,0,0.1958,192.06,0,0,Benign
MALWARE_02207,10.0,7.8498,5,0,5,1,28,0,1,16.92,7.5156,23,0.6346,48.62,3,1,REvil
BENIGN_01880,1200.72,4.6148,5,1,2,0,56,0,0,0.24,4.2406,0,0.1118,122.41,0,0,Benign
MALWARE_01073,236.32,7.8297,5,0,3,2,0,1,1,64.52,7.7657,13,0.8815,29.82,2,1,REvil
MALWARE_02358,1037.11,7.7616,9,0,9,1,0,1,1,24.22,7.6805,21,0.8256,28.82,2,1,Maze
BENIGN_01204,563.47,5.4667,4,1,1,0,0,0,0,0.16,4.336,0,0.117,239.05,0,0,Benign
BENIGN_01991,2287.43,5.1013,4,1,0,0,56,0,0,0.01,4.5347,0,0.05,120.33,0,0,Benign
BENIGN_00025,2653.02,3.6513,5,0,0,0,0,0,0,0.01,4.5883,0,0.1601,25.13,0,0,Benign
MALWARE_02353,812.26,6.9836,7,0,7,1,0,1,0,38.38,7.51,25,0.8426,67.14,1,1,WannaCry
MALWARE_01603,442.59,7.8563,5,0,8,0,0,1,1,52.99,7.6072,18,0.9666,42.97,1,1,REvil
MALWARE_01668,350.26,7.2424,7,0,2,1,0,1,1,63.01,7.5541,14,0.8215,75.57,1,1,REvil
BENIGN_00763,690.58,4.5375,5,1,0,0,0,0,0,0.22,3.2009,0,0.05,112.48,0,0,Benign
BENIGN_00876,1900.87,4.2714,4,1,0,0,84,0,0,0.02,4.8917,0,0.1438,147.48,0,0,Benign
MALWARE_02243,718.69,7.7358,2,1,5,0,0,1,1,47.69,7.6469,22,0.8591,50.62,2,1,REvil
BENIGN_00939,1476.16,5.2197,5,1,0,0,0,0,0,0.33,4.3984,0,0.0533,77.22,0,0,Benign
MALWARE_00188,586.47,6.931,2,0,5,0,0,1,1,5.0,7.7565,25,0.979,70.99,1,1,Ryuk
MALWARE_01101,45.61,7.4824,7,1,3,0,56,1,1,39.41,7.4714,14,0.7583,58.0,1,1,WannaCry
BENIGN_02395,1163.71,4.8813,5,1,0,0,56,0,0,0.46,3.9118,0,0.0525,137.97,0,0,Benign
MALWARE_02068,301.85,7.2724,7,1,9,1,0,1,0,35.16,7.5098,27,0.984,52.14,2,1,LockBit
MALWARE_02481,294.38,7.666,7,0,1,1,0,1,1,40.18,7.99,20,0.7335,48.16,4,1,Cerber
MALWARE_01625,796.35,7.8233,9,0,9,1,0,1,1,50.76,7.99,19,0.9746,35.99,3,1,Ryuk
MALWARE_02065,416.67,7.6619,7,0,2,0,0,1,1,39.05,7.4322,14,1.0,65.91,4,1,REvil
BENIGN_00386,856.19,4.886,4,1,1,0,84,0,0,0.36,4.4324,0,0.1131,157.83,0,0,Benign
MALWARE_01378,734.29,7.9159,5,0,4,0,0,1,1,18.79,7.5207,20,0.9599,38.22,2,1,Maze
MALWARE_01871,340.13,7.5741,5,0,7,1,28,1,1,44.32,7.9175,14,0.8997,44.11,1,1,Ryuk
MALWARE_02070,276.01,7.3121,5,0,6,0,28,0,1,40.59,7.2225,19,0.7881,63.81,1,1,WannaCry
BENIGN_00537,3227.79,3.3108,5,1,1,0,56,0,0,0.03,5.0529,0,0.1513,96.85,0,0,Benign
BENIGN_02292,2264.71,3.5925,4,1,0,0,56,0,0,0.19,4.2139,0,0.2896,116.39,0,0,Benign
MALWARE_02166,742.58,7.3905,9,0,6,2,56,1,1,38.84,7.6863,29,0.8348,58.95,1,1,WannaCry
MALWARE_01375,1252.17,7.3846,5,0,6,0,0,0,0,42.77,7.6059,21,0.9746,52.5,3,1,LockBit
BENIGN_00937,930.94,5.2761,5,1,1,0,112,0,0,0.17,4.6003,0,0.2287,53.06,0,0,Benign
MALWARE_01238,767.35,7.5984,7,0,4,1,28,1,1,41.83,7.6318,18,0.9566,85.48,1,1,Maze
MALWARE_02229,482.72,7.3362,7,1,2,1,0,1,1,30.0,7.1574,15,0.8921,60.89,1,1,WannaCry
BENIGN_02361,1547.57,3.0271,6,1,0,0,0,0,1,0.26,4.8862,0,0.1191,174.12,0,0,Benign
MALWARE_01008,1416.84,7.5653,5,0,3,0,0,1,1,39.31,7.9385,23,0.7842,22.33,1,1,REvil
BENIGN_00202,1932.02,5.1516,5,1,1,0,0,0,0,0.27,4.6674,0,0.1265,116.42,0,0,Benign
MALWARE_00709,414.62,7.5221,7,0,3,1,0,1,1,35.26,7.7563,23,0.7511,62.82,1,1,REvil
BENIGN_01333,1739.05,5.749,4,1,0,0,0,0,0,0.23,4.8618,0,0.1375,115.67,1,0,Benign
MALWARE_00517,654.63,7.8047,7,0,10,0,28,1,0,32.71,7.6062,24,0.8016,61.32,3,1,Ryuk
MALWARE_01003,1026.23,7.2386,5,0,3,2,0,1,1,50.68,7.6014,26,1.0,45.22,1,1,Cerber
MALWARE_00209,507.12,7.0418,7,0,7,2,0,1,1,58.77,7.2441,19,0.8616,24.67,1,1,Cerber
MALWARE_01522,10.0,7.283,2,0,4,1,0,1,1,51.51,7.3772,17,1.0,50.59,2,1,WannaCry
BENIGN_01855,2161.03,4.7797,5,1,0,0,0,0,0,0.07,5.2896,0,0.1793,83.29,0,0,Benign
MALWARE_01970,848.81,7.6649,2,0,4,0,0,1,0,35.75,7.559,17,0.8321,49.08,2,1,WannaCry
MALWARE_00373,577.33,7.2403,5,0,6,0,0,1,1,48.85,7.766,20,0.8354,45.43,1,1,Ryuk
MALWARE_00531,963.88,6.7957,9,0,3,1,0,1,1,37.68,7.4938,20,0.8532,51.25,1,1,Cerber
BENIGN_01206,1393.35,4.3247,4,1,0,0,56,0,0,0.08,3.9744,0,0.2092,194.26,0,0,Benign
BENIGN_01646,1466.71,3.8827,3,1,0,0,0,0,0,0.65,4.7945,0,0.0897,175.21,1,0,Benign
MALWARE_00918,863.61,7.556,5,0,3,1,0,1,1,43.44,7.4694,22,0.8234,9.39,1,1,Ryuk
MALWARE_00977,128.17,7.2278,9,0,3,0,0,1,1,58.27,7.6593,19,0.8515,51.65,2,1,REvil
MALWARE_00362,685.93,7.99,5,0,3,1,56,1,1,5.78,7.838,15,0.7162,26.6,3,1,LockBit
BENIGN_01793,3304.84,4.9718,5,1,0,0,56,0,0,0.44,5.0352,0,0.2164,205.11,0,0,Benign
MALWARE_01298,414.58,6.9204,5,0,3,0,0,1,1,14.6,7.2226,13,0.8014,73.75,1,1,WannaCry
MALWARE_00869,634.27,7.7856,2,0,3,0,0,1,1,51.36,7.9822,21,0.8529,35.87,2,1,Ryuk
MALWARE_00868,10.0,7.5672,5,0,5,1,0,1,1,46.61,7.6667,24,0.8092,14.64,3,1,WannaCry
MALWARE_01034,824.73,7.1154,7,0,6,0,0,1,1,50.06,7.6714,18,0.7085,66.12,1,1,REvil
MALWARE_00950,1213.72,7.8507,5,0,5,0,0,1,1,35.01,7.6903,20,0.8761,19.76,1,1,Cerber
BENIGN_00604,962.62,5.1285,4,1,0,0,56,0,0,0.24,3.373,0,0.0995,105.11,0,0,Benign
MALWARE_00557,664.54,7.6908,7,0,5,1,0,0,0,53.29,7.7461,18,0.7364,55.66,2,1,Maze
MALWARE_02032,1093.93,7.99,5,0,1,1,0,1,0,35.17,7.4924,32,1.0,15.83,2,1,REvil
BENIGN_00127,1745.93,5.4526,4,1,2,0,84,0,0,0.37,4.7332,0,0.2088,68.06,0,0,Benign
MALWARE_01377,492.93,7.6322,5,0,4,0,0,1,0,49.36,7.6005,16,0.7218,17.64,1,1,Ryuk
MALWARE_00436,513.6,7.1829,7,0,2,0,28,0,1,34.33,7.4691,15,0.8228,48.24,2,1,Cerber
MALWARE_01032,432.35,7.5384,5,0,5,1,0,1,1,59.49,7.5452,13,0.9165,61.31,3,1,LockBit
MALWARE_00231,990.46,7.2966,7,1,4,0,0,0,1,42.7,7.8983,24,0.8386,57.64,2,1,REvil
BENIGN_00828,1754.44,3.1527,4,0,0,1,56,0,0,0.01,4.6791,0,0.1216,243.04,0,0,Benign
BENIGN_01640,1461.92,4.3566,4,1,0,0,56,0,0,0.49,4.4004,0,0.05,106.89,0,0,Benign
BENIGN_00985,988.81,3.9358,5,1,0,0,84,0,0,0.29,3.0042,0,0.0934,200.92,1,0,Benign
MALWARE_00782,704.7,7.6525,7,0,4,2,28,1,1,44.53,7.4342,23,0.9688,46.87,1,1,WannaCry
MALWARE_02472,125.4,7.2116,5,0,7,0,0,1,1,57.26,7.5887,21,0.831,64.61,1,1,WannaCry
BENIGN_02189,2710.16,6.0076,5,1,1,0,56,0,0,0.14,3.8814,0,0.1848,138.89,0,0,Benign
MALWARE_02113,454.79,7.8039,2,1,3,1,0,1,1,33.9,7.896,18,0.9029,46.52,1,1,WannaCry
BENIGN_02444,20.0,5.8116,6,1,1,0,0,0,0,0.08,3.8335,0,0.0791,93.38,0,0,Benign
BENIGN_00363,20.0,5.2569,4,0,0,0,0,0,0,0.1,3.7237,0,0.1619,109.74,0,0,Benign
BENIGN_02350,998.77,5.2506,4,1,0,0,0,0,0,0.33,3.707,0,0.2976,169.8,0,0,Benign
BENIGN_00346,1522.77,4.7762,4,0,0,0,84,0,0,0.02,3.8723,0,0.1514,143.63,0,0,Benign
BENIGN_00815,945.75,4.4519,3,1,0,0,56,0,0,0.04,3.971,0,0.2092,111.32,0,0,Benign
MALWARE_00706,660.63,7.8243,5,0,2,1,28,1,1,45.55,7.99,23,0.7999,45.64,1,1,REvil
MALWARE_01661,386.83,7.7156,5,0,3,0,28,1,1,62.06,7.6003,14,0.7349,47.68,1,1,Ryuk
MALWARE_02296,74.22,7.6337,7,0,5,0,0,1,1,62.36,7.2762,15,0.7444,8.0,3,1,LockBit
MALWARE_00826,619.23,7.145,7,0,4,0,0,0,1,31.31,7.5987,14,0.8614,34.09,2,1,Maze
MALWARE_01607,504.77,7.115,9,0,4,0,0,1,1,50.2,7.8268,15,0.983,46.71,3,1,WannaCry
BENIGN_02117,1458.3,3.7277,4,1,1,0,0,0,0,0.29,4.8857,0,0.1226,123.41,0,0,Benign
BENIGN_01835,2345.46,5.051,3,1,0,0,56,0,0,0.05,3.6373,0,0.0947,220.31,0,0,Benign
BENIGN_00794,1153.15,5.7705,5,1,0,0,56,0,0,0.08,4.5197,0,0.1171,92.61,1,0,Benign
MALWARE_02447,1056.66,7.3995,7,1,7,0,0,1,1,36.76,7.6815,19,0.6279,38.34,3,1,Maze
MALWARE_00175,327.68,7.541,7,0,1,1,0,1,1,42.37,7.5852,20,0.7931,26.97,1,1,Maze
BENIGN_00095,464.25,5.7287,5,1,1,0,0,0,0,0.15,4.7978,0,0.1105,42.17,0,0,Benign
MALWARE_01257,544.61,7.99,5,0,4,0,0,1,1,55.45,7.6332,15,0.7387,29.0,1,1,LockBit
MALWARE_00392,204.21,7.6349,9,0,7,0,0,1,0,72.62,7.382,26,0.7833,17.15,1,1,Cerber
BENIGN_02372,2855.17,3.9862,5,1,0,0,112,0,1,0.61,3.6847,0,0.2274,162.86,0,0,Benign
MALWARE_01650,1053.37,6.9484,7,0,3,1,0,1,0,59.99,7.9366,15,1.0,40.2,1,1,Maze
MALWARE_01933,168.83,7.5326,5,0,7,0,0,1,1,15.26,7.99,21,0.9115,47.16,1,1,Ryuk
MALWARE_00729,416.85,7.7832,7,0,5,0,0,1,1,50.88,7.4443,20,0.7641,38.18,2,1,Cerber
MALWARE_00354,709.18,7.7541,5,0,4,0,0,1,1,61.21,7.8479,15,0.9051,69.97,3,1,WannaCry
MALWARE_00413,522.58,7.7382,7,0,3,0,0,1,1,46.43,7.5194,13,0.7997,52.71,4,1,WannaCry
BENIGN_01866,2488.99,4.5453,3,1,0,0,56,0,0,0.09,4.6364,0,0.05,58.59,1,0,Benign
BENIGN_01858,3219.85,5.5734,4,1,0,0,84,0,0,0.07,5.1038,0,0.1334,117.56,1,0,Benign
MALWARE_00146,629.33,7.5628,2,0,9,1,0,1,1,60.72,7.6913,20,0.9028,49.34,1,1,Maze
BENIGN_02244,1202.99,6.8,4,1,0,0,0,0,0,0.19,3.4747,0,0.098,39.58,0,0,Benign
BENIGN_02337,2108.75,5.0832,5,1,0,0,84,0,0,0.16,4.8993,0,0.2421,172.11,0,0,Benign
BENIGN_00951,1631.65,4.9798,4,1,0,0,0,0,0,0.37,3.6731,0,0.0712,114.31,0,0,Benign
MALWARE_00569,392.34,7.4856,9,0,5,0,0,1,1,33.61,7.644,22,0.8991,89.36,1,1,Maze
BENIGN_01121,1372.64,5.6104,5,1,1,0,112,0,0,0.02,4.5061,0,0.1042,128.32,0,0,Benign
MALWARE_00098,326.95,7.5551,7,0,4,0,0,1,1,37.18,7.721,18,0.9115,37.33,1,1,REvil
BENIGN_02205,1765.65,4.9884,5,1,0,0,0,0,0,0.22,4.015,0,0.1493,136.71,0,0,Benign
BENIGN_00420,1714.97,4.2504,4,1,0,1,0,0,0,0.01,3.3897,0,0.1073,127.55,0,0,Benign
BENIGN_00923,20.0,5.7967,4,1,0,1,84,0,0,0.01,4.2277,0,0.2099,194.71,0,0,Benign
BENIGN_01255,1448.48,2.1364,4,1,0,0,56,0,0,0.17,4.0363,0,0.0828,125.51,0,0,Benign
BENIGN_00478,2189.92,5.6949,4,1,0,0,56,0,0,0.64,4.2078,0,0.1869,185.05,0,0,Benign
BENIGN_02036,1369.45,4.6629,4,1,0,1,56,0,0,0.03,4.0554,0,0.0605,159.27,0,0,Benign
BENIGN_01203,1822.13,4.7436,5,1,1,0,84,0,0,0.15,3.6378,0,0.05,55.43,0,0,Benign
MALWARE_00127,267.85,7.6307,2,0,4,1,0,1,1,44.41,7.4317,28,0.937,49.98,2,1,LockBit
MALWARE_02319,279.36,7.4113,7,0,2,0,0,1,1,44.27,7.5557,14,0.8147,42.75,1,1,WannaCry
BENIGN_01971,3201.15,4.7038,4,1,2,0,56,0,0,0.17,3.3304,0,0.1634,140.46,0,0,Benign
MALWARE_00611,735.08,7.4675,2,0,5,1,28,0,1,44.03,7.6238,27,0.9791,67.34,1,1,Maze
MALWARE_01519,950.07,7.6279,9,0,5,0,0,1,1,53.44,7.6589,22,0.9167,41.5,3,1,LockBit
BENIGN_02152,311.41,4.1889,4,1,1,0,0,0,0,0.05,4.3654,0,0.154,72.27,1,0,Benign
MALWARE_01188,524.01,7.9738,9,0,4,0,0,1,1,43.35,7.5211,29,0.6642,51.5,1,1,REvil
BENIGN_01998,1335.62,6.3771,4,1,0,0,56,0,0,0.05,5.2,0,0.3107,228.67,0,0,Benign
MALWARE_01534,885.06,6.9811,7,0,6,0,28,1,0,56.58,7.6188,21,0.8042,62.51,2,1,LockBit
MALWARE_00555,774.56,7.7456,5,1,3,0,0,1,1,33.68,7.4617,18,0.7731,39.25,2,1,Maze
BENIGN_01249,1368.86,5.1218,4,1,0,0,56,0,0,0.05,5.2489,0,0.2266,94.86,0,0,Benign
BENIGN_02193,1464.18,4.9503,5,1,2,0,0,0,0,0.12,3.1842,0,0.1475,72.2,0,0,Benign
MALWARE_00213,447.19,7.4147,2,0,4,0,28,1,0,17.1,7.6531,23,0.7691,28.0,4,1,REvil
BENIGN_00993,1217.24,4.6304,4,1,1,0,56,0,0,0.1,4.4833,0,0.2228,137.06,0,0,Benign
BENIGN_02191,1789.41,4.6919,5,1,0,0,84,0,0,1.02,4.2799,0,0.2889,151.0,0,0,Benign
MALWARE_01263,451.73,7.2911,5,0,7,1,0,1,1,39.19,7.3706,24,0.7166,77.64,3,1,Maze
MALWARE_01098,176.14,7.7541,9,0,4,1,28,1,1,66.58,7.9511,21,0.7062,28.27,3,1,Maze
BENIGN_01319,1297.59,4.314,4,1,1,0,84,0,0,0.14,3.494,0,0.1727,84.82,0,0,Benign
BENIGN_01864,2427.07,5.0856,3,1,0,0,84,0,0,0.02,3.3819,0,0.1415,105.39,0,0,Benign
BENIGN_02344,328.44,5.1149,5,1,1,0,0,0,0,0.64,4.5506,0,0.2154,128.03,0,0,Benign
BENIGN_02450,1844.29,4.7549,4,1,1,0,112,0,0,0.16,4.2772,0,0.2632,120.59,0,0,Benign
BENIGN_02137,1484.58,6.4398,5,1,0,0,0,0,0,0.66,4.5049,0,0.1614,168.11,0,0,Benign
BENIGN_01066,150.5,5.5767,3,1,1,0,112,0,0,0.05,3.8736,0,0.1763,218.41,0,0,Benign
MALWARE_02461,827.48,7.6379,7,0,7,0,0,1,1,31.63,7.6919,15,0.7203,53.16,4,1,Maze
MALWARE_00122,1247.35,7.3568,9,0,7,0,0,1,0,45.05,7.8177,19,0.7143,41.26,2,1,Maze
BENIGN_00078,1583.79,3.6965,5,1,0,0,56,0,0,0.38,3.7614,0,0.05,76.49,0,0,Benign
MALWARE_00399,320.75,7.688,5,0,7,1,28,0,0,37.36,7.6289,21,0.9707,22.42,1,1,LockBit
BENIGN_01315,2710.55,4.9518,5,1,1,0,112,0,0,0.41,4.1134,0,0.2303,15.0,0,0,Benign
MALWARE_01873,462.02,7.99,5,0,5,0,0,1,1,28.58,7.6124,19,1.0,76.88,2,1,WannaCry
BENIGN_00873,1759.48,3.9709,6,1,1,0,0,0,0,0.04,3.484,0,0.05,170.9,1,0,Benign
MALWARE_01351,643.33,7.5885,5,0,7,1,0,1,1,28.51,7.6352,17,0.8331,67.42,2,1,Cerber
MALWARE_02288,516.96,7.6447,9,0,4,1,0,1,1,63.32,7.6941,23,0.8728,55.26,2,1,REvil
MALWARE_00466,259.66,7.4645,7,0,10,0,28,0,1,35.6,7.99,27,0.7698,44.13,1,1,Cerber
MALWARE_00892,786.45,7.4186,5,0,4,0,0,1,1,33.09,7.8243,20,0.669,32.33,1,1,WannaCry
MALWARE_00061,917.72,7.4714,5,1,4,0,0,1,1,34.72,7.65,15,0.9316,59.32,2,1,Ryuk
MALWARE_02397,986.34,7.7952,5,0,8,0,0,0,1,20.59,7.4795,14,0.8624,49.43,1,1,LockBit
MALWARE_00136,913.38,7.775,7,0,6,0,0,1,1,75.14,7.733,15,0.6858,69.87,2,1,REvil
MALWARE_01031,35.82,7.3914,2,0,2,0,0,1,1,42.78,7.566,15,0.8857,76.63,1,1,WannaCry
BENIGN_00376,424.72,4.6007,4,0,1,0,84,0,0,0.29,3.1963,0,0.1746,78.77,0,0,Benign
BENIGN_01909,20.0,3.7084,4,1,1,0,112,0,0,0.1,4.3342,0,0.1404,176.62,0,0,Benign
MALWARE_01833,1240.23,7.6995,7,0,3,0,0,1,1,39.18,7.591,14,0.7301,32.06,1,1,Maze
MALWARE_01880,614.32,7.8945,5,0,7,0,0,1,1,64.61,7.99,23,0.9463,77.1,1,1,Ryuk
MALWARE_01528,10.0,7.107,5,0,6,0,0,1,1,45.88,7.328,24,0.8987,31.07,2,1,Ryuk
BENIGN_01605,1395.18,3.8561,5,0,0,1,56,0,0,0.04,4.1109,0,0.0596,117.77,1,0,Benign
BENIGN_01119,20.0,3.8849,5,0,0,1,56,0,0,0.04,3.2334,0,0.0764,112.59,0,0,Benign
MALWARE_01178,819.74,7.7094,5,0,8,1,28,0,1,46.02,7.9122,13,0.9335,37.36,1,1,Maze
MALWARE_00991,978.46,7.7174,5,1,6,1,0,1,0,50.88,7.194,14,0.9248,34.3,1,1,Maze
MALWARE_02365,1110.42,7.4181,5,0,5,0,0,1,1,60.42,7.8708,16,0.8914,49.2,1,1,LockBit
MALWARE_00459,291.91,7.6144,7,1,3,2,0,1,0,51.39,7.5687,21,0.7113,11.57,2,1,WannaCry
BENIGN_01995,1428.8,4.3537,3,1,1,0,0,0,0,0.07,4.5936,0,0.0516,182.29,1,0,Benign
MALWARE_02456,384.21,7.52,5,0,2,2,28,1,0,40.5,7.4911,20,0.883,36.77,2,1,Cerber
MALWARE_01856,327.04,7.1726,7,0,2,0,0,1,0,25.97,7.9168,18,0.8844,60.81,1,1,Maze
BENIGN_02377,20.0,5.8087,5,1,0,0,0,0,0,0.34,3.8894,0,0.2919,116.26,0,0,Benign
BENIGN_01343,740.9,6.8,3,1,1,0,84,0,0,0.59,4.1848,0,0.0872,46.83,0,0,Benign
BENIGN_00321,1839.25,4.8316,4,1,0,0,56,0,0,0.14,3.5174,0,0.152,130.74,0,0,Benign
BENIGN_01620,625.25,4.4041,5,1,0,1,0,0,0,0.35,4.7784,0,0.2184,186.69,0,0,Benign
MALWARE_01214,1098.71,7.6119,7,0,7,1,28,1,1,21.41,7.8515,28,0.8279,18.17,1,1,REvil
BENIGN_02061,1114.67,4.1478,4,1,0,0,56,0,0,0.02,3.986,0,0.2952,33.72,0,0,Benign
BENIGN_02220,791.4,4.1899,5,1,0,0,56,0,0,0.2,4.1028,0,0.05,45.29,0,0,Benign
BENIGN_01674,1437.46,4.7798,6,1,0,0,56,0,0,0.13,4.1152,0,0.2027,41.95,0,0,Benign
BENIGN_00261,20.0,4.5371,4,1,0,0,0,0,0,0.13,3.9293,0,0.1941,180.01,0,0,Benign
MALWARE_01918,34.56,7.2525,5,0,6,0,0,1,1,43.68,7.0921,21,0.7783,34.41,2,1,Cerber
BENIGN_02040,2755.71,4.2274,4,1,0,1,56,0,1,0.08,4.8533,0,0.0827,116.46,0,0,Benign
BENIGN_00902,2426.78,5.2921,6,1,2,0,56,0,0,0.18,5.186,0,0.0705,177.65,0,0,Benign
MALWARE_01245,947.61,7.9446,2,0,5,1,0,1,1,20.0,7.822,23,0.9487,16.77,4,1,Cerber
BENIGN_02027,1801.68,5.2114,5,1,0,0,0,0,0,0.14,3.7415,0,0.05,73.67,0,0,Benign
BENIGN_01918,2519.16,4.6442,4,0,1,0,56,0,0,0.04,3.8028,0,0.148,133.01,0,0,Benign
BENIGN_01829,1697.51,4.4006,5,1,0,0,0,0,0,0.03,3.8238,0,0.205,138.81,0,0,Benign
BENIGN_01574,1267.6,4.9559,5,1,0,0,84,0,0,0.06,3.7818,0,0.1079,50.14,0,0,Benign
MALWARE_01895,271.44,7.6148,5,1,2,0,0,1,1,61.38,7.7826,26,0.8273,74.0,1,1,Maze
MALWARE_01709,424.0,7.3892,5,1,7,0,56,1,1,42.97,7.8671,18,0.8762,59.39,1,1,Maze
BENIGN_00225,1264.18,5.8769,6,1,0,0,56,0,0,0.01,3.8372,0,0.05,164.85,0,0,Benign
BENIGN_00724,1223.27,5.1958,5,1,1,0,84,0,0,0.98,3.2316,0,0.1855,129.11,0,0,Benign
MALWARE_01986,840.0,7.3913,7,0,11,0,0,1,1,60.83,7.7097,18,0.8867,41.98,1,1,LockBit
BENIGN_01142,51.67,4.4212,5,1,0,0,0,0,0,0.14,4.091,0,0.1626,81.92,0,0,Benign
MALWARE_00263,309.11,7.9484,5,0,5,0,0,1,1,37.4,7.99,17,0.9713,59.61,1,1,Maze
BENIGN_00847,1041.58,5.5282,4,1,0,0,0,0,0,0.29,3.5887,0,0.0848,97.23,0,0,Benign
MALWARE_00052,907.25,7.7582,5,0,2,0,0,1,1,78.06,7.5565,16,0.9084,63.15,2,1,Ryuk
MALWARE_00429,719.6,7.7476,7,0,4,0,0,1,1,44.27,7.3365,14,1.0,18.68,3,1,LockBit
BENIGN_00118,1230.33,4.3491,4,1,0,0,0,0,0,1.14,3.9534,0,0.185,179.53,0,0,Benign
BENIGN_00646,1217.39,4.5118,4,1,0,0,84,0,0,0.2,4.5735,0,0.1289,81.29,0,0,Benign
BENIGN_00004,1811.48,4.9671,5,1,3,0,112,0,0,0.04,3.0242,0,0.1407,104.94,0,0,Benign
MALWARE_01671,962.08,7.6594,7,0,3,1,0,1,1,41.49,7.6912,24,0.9536,16.31,2,1,Ryuk
BENIGN_00468,1182.14,4.8032,3,1,0,0,56,0,0,0.04,4.5555,0,0.0889,163.81,0,0,Benign
BENIGN_00006,2245.02,4.6343,4,0,0,0,0,0,0,0.08,3.8259,0,0.215,187.81,0,0,Benign
BENIGN_00920,1207.45,5.6822,5,1,0,0,112,0,0,0.1,4.3067,0,0.1201,26.41,0,0,Benign
MALWARE_00096,1239.11,7.2436,9,0,5,1,0,1,0,30.69,7.5594,19,0.839,60.59,1,1,LockBit
BENIGN_01064,1237.89,5.4052,4,1,0,0,112,0,0,0.09,3.7647,0,0.0982,103.5,0,0,Benign
MALWARE_00091,733.58,7.3596,5,1,9,0,0,1,1,16.92,7.4028,22,0.8378,85.43,1,1,Cerber
BENIGN_00243,2403.58,5.3454,5,1,0,0,112,0,0,0.09,4.1707,0,0.05,117.38,0,0,Benign
BENIGN_01161,839.37,5.4076,4,1,2,0,0,0,0,0.26,4.3389,0,0.1831,146.6,0,0,Benign
MALWARE_00371,649.37,7.4932,7,0,5,1,0,1,1,53.05,7.7829,12,1.0,48.14,1,1,Cerber
MALWARE_01236,407.07,7.6043,2,0,3,0,0,1,1,57.12,7.99,15,0.7575,46.47,1,1,REvil
BENIGN_02398,568.55,4.6913,5,1,0,0,0,0,0,0.04,3.9909,0,0.2305,154.25,0,0,Benign
MALWARE_01018,425.86,7.7867,2,0,1,0,0,1,1,43.94,7.5421,12,0.8872,41.72,2,1,Cerber
MALWARE_00922,589.0,6.8575,5,0,4,1,0,0,0,46.29,7.7634,24,0.8456,54.49,3,1,Ryuk
MALWARE_00064,1239.6,7.99,9,0,4,0,28,1,0,21.88,7.7159,10,0.838,31.29,2,1,Ryuk
BENIGN_01606,1189.0,5.7239,4,1,0,0,0,0,0,0.18,4.6537,0,0.2528,122.73,0,0,Benign
MALWARE_02329,898.71,7.5973,2,0,5,0,0,1,0,27.92,7.6549,26,0.8424,23.52,1,1,Ryuk
BENIGN_02325,1524.17,3.908,4,0,0,0,56,0,1,0.2,3.3265,0,0.144,170.95,0,0,Benign
MALWARE_00210,277.76,7.392,7,0,3,0,0,1,1,31.55,7.5255,19,0.8732,89.89,1,1,LockBit
MALWARE_01899,764.3,7.8041,5,0,4,0,0,1,1,48.6,7.718,21,0.8902,23.41,2,1,REvil
BENIGN_01313,1928.52,3.9183,4,1,2,0,0,0,0,0.34,4.4885,0,0.2059,104.74,0,0,Benign
MALWARE_00949,624.21,7.6004,7,0,1,0,28,1,1,57.19,7.99,19,0.8536,52.15,1,1,Cerber
MALWARE_01313,318.39,7.4131,9,0,3,0,0,1,1,61.72,7.666,18,0.9624,42.13,2,1,Cerber
MALWARE_02156,867.24,7.7554,5,0,6,1,0,1,1,57.82,7.9434,21,0.771,30.61,4,1,Ryuk
BENIGN_02363,1640.82,5.5935,4,1,0,0,56,0,0,0.28,4.8688,0,0.0725,100.6,0,0,Benign
BENIGN_01976,1188.07,5.3918,5,1,0,0,84,0,0,0.08,2.8921,0,0.2455,113.92,1,0,Benign
MALWARE_01015,919.22,7.5767,5,0,4,0,0,1,1,54.63,7.8979,27,0.9163,25.78,2,1,Cerber
BENIGN_01762,2911.98,5.3771,4,1,0,1,84,0,0,0.44,5.5361,0,0.186,133.15,0,0,Benign
MALWARE_00240,676.16,7.7395,2,0,5,0,0,1,1,51.87,7.9346,21,0.8743,36.11,2,1,Cerber
MALWARE_02345,474.21,7.2053,2,0,5,0,0,0,1,50.42,7.6099,22,0.5543,56.06,1,1,Ryuk
BENIGN_02473,1923.9,6.0046,3,1,0,0,0,0,0,0.04,4.458,0,0.1989,99.49,0,0,Benign
MALWARE_01508,578.54,7.3446,7,0,4,1,0,1,1,49.73,7.7838,15,0.8775,8.0,1,1,REvil
BENIGN_01494,807.94,5.9318,4,1,0,0,84,0,0,0.01,4.1607,0,0.2855,162.83,1,0,Benign
MALWARE_01707,824.19,7.2151,5,1,4,2,0,1,1,48.63,7.6691,15,0.8389,48.93,3,1,WannaCry
BENIGN_02159,802.13,4.3553,4,0,1,0,84,0,0,0.12,3.1546,0,0.0543,240.23,0,0,Benign
BENIGN_01170,2136.55,3.8989,4,1,1,0,56,0,0,0.14,4.5887,0,0.1984,146.51,1,0,Benign
MALWARE_02017,653.03,7.6379,7,0,7,2,0,1,1,26.3,7.6006,25,0.9148,8.0,3,1,Ryuk
BENIGN_00233,2365.41,3.7502,4,1,1,0,0,0,0,0.19,5.4074,0,0.2319,132.47,0,0,Benign
BENIGN_00067,719.3,5.6429,5,1,0,0,84,0,0,0.01,4.5645,0,0.05,119.73,0,0,Benign
BENIGN_01604,356.91,5.1777,5,1,0,0,56,0,0,0.67,4.4712,0,0.3202,82.76,0,0,Benign
MALWARE_00784,10.0,7.7689,9,0,5,2,0,1,1,30.19,7.8212,25,0.65,8.0,3,1,WannaCry
MALWARE_01097,522.7,6.7,9,0,6,0,28,1,1,31.96,7.6859,19,0.8608,36.23,1,1,WannaCry
BENIGN_00126,1974.74,4.508,6,1,0,0,56,0,0,0.57,3.6965,0,0.1113,103.43,0,0,Benign
BENIGN_01297,1744.14,4.1868,6,1,0,0,56,0,0,0.09,4.208,0,0.3385,158.01,0,0,Benign
BENIGN_01977,2072.38,4.7017,4,1,1,0,56,0,0,0.35,4.3233,0,0.236,121.52,0,0,Benign
MALWARE_02018,610.42,7.8805,7,0,2,2,0,1,1,37.11,7.99,13,0.6987,29.85,2,1,Maze
MALWARE_01982,1000.5,7.8064,7,1,3,0,0,1,1,27.43,7.7817,21,0.8308,63.51,1,1,REvil
BENIGN_02076,1485.71,6.1804,5,1,0,0,0,0,0,0.33,4.1855,0,0.1025,31.96,1,0,Benign
MALWARE_00587,188.66,7.99,7,0,4,0,0,1,1,47.1,7.99,19,0.7959,76.47,2,1,LockBit
MALWARE_01846,72.06,7.8463,7,0,4,1,0,1,1,45.28,7.7686,14,0.7158,19.46,2,1,LockBit
MALWARE_00846,10.0,7.3246,7,0,6,0,0,1,1,32.44,7.99,21,0.8434,14.34,1,1,REvil
MALWARE_01965,796.63,7.4163,9,0,3,0,0,1,1,30.46,7.478,29,0.687,56.11,1,1,Maze
MALWARE_00298,376.7,7.6945,5,0,3,1,0,1,0,36.14,7.5424,13,0.897,65.47,1,1,Ryuk
BENIGN_00919,1387.05,6.8,6,1,1,0,56,0,0,0.06,3.8374,0,0.05,93.58,0,0,Benign
BENIGN_01647,989.75,6.4681,4,1,0,0,56,0,0,0.29,5.0162,0,0.0791,145.19,0,0,Benign
BENIGN_00365,2985.32,4.4146,5,0,0,0,56,0,0,0.04,5.7069,0,0.1468,132.21,0,0,Benign
MALWARE_00788,336.42,7.7685,7,0,4,1,0,1,1,36.92,7.8311,22,0.905,38.39,1,1,WannaCry
BENIGN_02126,2226.44,3.8128,4,1,0,0,84,0,0,0.13,3.1405,0,0.2136,186.69,0,0,Benign
MALWARE_01624,451.46,7.4976,9,0,6,1,0,0,0,66.14,7.3533,27,0.7246,56.23,2,1,WannaCry
BENIGN_00526,974.23,5.0114,5,0,0,0,112,0,0,0.02,4.1758,0,0.2063,113.88,0,0,Benign
BENIGN_00056,588.2,6.0745,6,0,0,0,112,0,0,0.03,3.8933,0,0.3531,146.2,0,0,Benign
BENIGN_00639,2287.14,4.6106,4,1,0,0,56,0,0,0.42,4.0638,0,0.182,234.44,1,0,Benign
BENIGN_00303,2152.4,4.7615,3,1,0,0,112,0,0,0.41,3.9024,0,0.1977,43.64,1,0,Benign
MALWARE_00267,317.42,7.2404,7,0,5,0,0,1,1,58.0,7.8172,19,0.9187,81.91,4,1,LockBit
BENIGN_01277,1475.53,4.9797,5,1,2,0,56,0,0,0.41,4.2064,0,0.1838,106.6,0,0,Benign
BENIGN_02056,1460.32,6.3932,4,1,0,0,56,0,0,0.14,3.7876,0,0.1012,51.33,0,0,Benign
MALWARE_01145,636.05,7.8822,7,1,4,1,0,1,1,34.91,7.869,23,0.8542,45.3,2,1,LockBit
MALWARE_01644,224.66,7.99,2,0,3,1,0,1,0,49.87,7.7464,20,1.0,8.0,1,1,Cerber
MALWARE_00379,410.81,7.8662,2,0,3,0,0,1,1,42.65,7.6974,18,0.7228,64.19,1,1,LockBit
MALWARE_01703,884.78,7.6139,2,0,4,2,0,1,1,44.92,7.6702,11,0.9407,34.63,3,1,WannaCry
BENIGN_02287,1550.32,5.6962,4,1,0,0,84,0,0,0.3,4.1987,0,0.1089,58.24,0,0,Benign
BENIGN_02262,3256.01,4.8334,6,0,0,0,56,0,0,0.23,3.5156,0,0.2166,117.64,0,0,Benign
BENIGN_02297,629.96,4.5087,4,1,1,1,56,0,0,0.05,4.4141,0,0.0961,46.59,0,0,Benign
BENIGN_01754,1786.7,5.3175,4,1,0,0,56,0,0,0.53,5.4828,0,0.126,68.06,0,0,Benign
BENIGN_01969,1620.55,4.242,5,0,0,0,0,0,0,0.3,4.0212,0,0.1456,143.96,1,0,Benign
MALWARE_01852,1145.33,7.532,7,0,3,1,0,1,0,40.43,7.6701,18,0.7998,100.56,4,1,REvil
MALWARE_00618,1176.91,7.6411,7,1,8,1,0,1,1,64.99,7.7614,20,0.9009,13.61,2,1,Ryuk
BENIGN_02394,293.98,4.888,6,0,0,0,56,0,0,0.62,3.7381,0,0.183,161.91,0,0,Benign
BENIGN_00524,3410.37,5.4093,4,1,1,0,0,0,0,0.55,4.6956,0,0.0832,206.85,0,0,Benign
MALWARE_01401,934.7,7.3732,9,0,3,0,0,1,1,63.6,7.6376,17,0.8278,44.67,1,1,LockBit
MALWARE_00623,422.77,7.3028,2,0,7,1,0,1,1,38.29,7.6976,24,0.8104,44.64,1,1,LockBit
MALWARE_01657,478.79,7.6877,5,0,3,1,0,1,1,56.04,7.7689,21,0.8596,83.34,3,1,WannaCry
BENIGN_01970,341.24,5.6207,4,1,0,0,0,0,0,0.08,4.9427,0,0.1594,51.89,0,0,Benign
BENIGN_00672,1674.89,4.8912,4,1,1,0,84,0,0,0.0,3.7239,0,0.05,104.01,1,0,Benign
MALWARE_01689,1037.13,7.9753,5,0,5,0,0,1,1,43.7,7.6061,18,0.9966,53.12,1,1,Ryuk
BENIGN_00667,262.98,5.8593,4,1,1,0,0,0,0,0.14,3.9932,0,0.151,125.16,0,0,Benign
MALWARE_01839,553.04,7.9801,5,0,2,0,0,1,1,50.91,7.7254,24,0.6532,8.0,1,1,Ryuk
BENIGN_01888,1296.7,4.3527,4,1,0,0,0,0,0,0.29,3.3612,0,0.1693,133.67,0,0,Benign
MALWARE_00767,319.72,7.4183,5,0,6,0,0,1,1,80.71,7.7322,23,0.8351,49.94,2,1,Ryuk
BENIGN_00281,2797.75,6.3609,5,1,0,0,56,0,0,0.1,4.4648,0,0.0913,131.45,0,0,Benign
BENIGN_01720,1682.36,4.6055,4,1,0,0,0,0,0,0.13,4.0773,0,0.2898,147.79,0,0,Benign
MALWARE_00448,543.7,7.99,5,0,3,0,0,1,1,22.66,7.8667,17,0.9353,25.57,1,1,Maze
BENIGN_00900,972.54,5.7939,3,1,1,0,112,0,0,0.05,4.046,0,0.2344,167.2,0,0,Benign
MALWARE_02351,261.97,7.1633,2,0,6,1,0,1,0,64.6,7.4261,21,0.7582,44.2,4,1,LockBit
BENIGN_00761,2910.9,5.4905,6,1,0,0,56,0,0,0.03,4.5098,0,0.0504,100.86,0,0,Benign
BENIGN_01907,1336.97,4.3964,3,0,0,0,0,0,0,0.05,4.0175,0,0.1678,96.26,0,0,Benign
MALWARE_01543,10.0,7.5951,7,0,1,1,0,0,1,26.43,7.6785,18,0.9273,25.62,1,1,Ryuk
MALWARE_01324,857.45,7.1101,9,0,6,0,0,1,1,43.27,7.5769,15,0.8773,77.13,3,1,Ryuk
MALWARE_01639,971.24,7.6852,7,0,5,0,0,1,1,39.68,7.5666,18,0.8989,54.78,2,1,WannaCry
MALWARE_01319,520.3,7.2976,2,0,6,0,0,1,1,32.84,7.8143,18,0.8263,33.43,2,1,Cerber
MALWARE_01801,317.33,7.0877,2,0,2,0,0,1,1,63.46,7.9414,26,0.9357,39.55,2,1,WannaCry
MALWARE_00094,354.78,7.0937,7,0,2,1,0,1,1,39.2,7.4677,24,0.7643,16.42,4,1,Cerber
MALWARE_01665,69.38,7.9091,5,0,6,1,0,1,1,44.22,7.8535,22,0.8667,55.96,1,1,LockBit
MALWARE_00532,496.71,7.5191,9,1,2,0,0,1,1,47.27,7.881,23,0.6759,75.88,1,1,Ryuk
MALWARE_01080,159.67,7.4717,2,0,0,2,0,1,1,53.42,7.3162,22,0.7979,64.26,1,1,Cerber
MALWARE_00333,583.39,7.2427,7,0,2,0,0,1,1,30.14,7.7865,20,0.9369,19.17,1,1,LockBit
MALWARE_00973,512.0,7.8918,5,0,5,1,0,1,1,56.56,7.7205,15,0.6964,15.6,2,1,WannaCry
BENIGN_00138,678.69,4.8536,6,1,0,0,84,0,1,0.06,4.5096,0,0.0612,148.35,0,0,Benign
BENIGN_02181,2529.05,3.9633,5,1,1,0,112,0,0,0.05,3.8172,0,0.1967,159.6,1,0,Benign
BENIGN_02129,520.87,4.0518,5,1,2,0,84,0,0,0.07,3.6926,0,0.2102,123.67,0,0,Benign
MALWARE_00678,465.72,7.4425,2,0,3,0,0,1,1,66.59,7.9122,15,0.9927,12.51,1,1,LockBit
MALWARE_01868,1156.22,7.4655,2,0,7,0,0,1,1,53.14,7.6712,21,0.839,57.53,1,1,Ryuk
MALWARE_01762,155.1,7.3732,5,0,3,0,0,1,1,25.26,7.754,17,0.9549,71.0,1,1,LockBit
MALWARE_01845,1188.48,7.6821,5,1,3,1,0,1,0,38.83,7.5115,22,0.8679,24.96,1,1,WannaCry
BENIGN_01332,2207.19,3.7724,4,1,0,0,84,0,0,0.13,4.4228,0,0.1713,125.58,0,0,Benign
BENIGN_02018,2160.9,3.7284,5,1,1,0,112,0,0,0.27,5.2088,0,0.1607,112.85,0,0,Benign
BENIGN_02483,1402.24,3.8233,4,1,0,1,0,0,0,0.61,4.8735,0,0.1441,109.07,0,0,Benign
BENIGN_01359,1256.91,4.6259,5,1,1,0,84,0,0,0.05,4.5853,0,0.0892,68.81,0,0,Benign
BENIGN_01330,2167.99,4.3353,3,1,0,0,0,0,0,0.07,4.2766,0,0.197,149.25,0,0,Benign
BENIGN_02151,1835.81,4.1307,4,1,1,0,56,0,0,0.23,4.4625,0,0.1188,85.88,0,0,Benign
BENIGN_02123,2497.53,5.6588,5,1,1,0,0,0,0,0.16,4.3533,0,0.05,145.01,1,0,Benign
MALWARE_01482,878.93,7.219,5,0,2,1,0,1,1,47.07,7.5777,27,0.7946,14.4,3,1,REvil
BENIGN_01253,735.93,4.5396,6,1,0,0,84,0,0,0.09,3.6142,0,0.3265,100.75,0,0,Benign
MALWARE_00779,744.39,7.0998,7,0,5,0,0,1,1,32.44,7.4544,22,0.7834,54.98,1,1,Ryuk
MALWARE_00875,200.65,7.501,9,0,3,0,0,1,1,43.66,7.8281,19,0.9448,17.08,3,1,Maze
MALWARE_00315,248.81,7.5826,7,0,2,0,0,1,1,36.73,7.7329,18,0.9427,33.91,1,1,LockBit
BENIGN_01849,1418.99,4.671,4,0,0,0,56,0,0,0.1,4.4019,0,0.1087,36.72,0,0,Benign
MALWARE_00538,367.14,7.7576,5,0,0,1,28,1,1,33.73,7.6674,21,0.9611,55.11,1,1,Maze
BENIGN_00389,1751.43,4.6501,4,0,0,0,112,0,0,0.69,4.5947,0,0.1444,60.65,0,0,Benign
BENIGN_00236,1111.76,3.8352,5,1,0,0,0,0,0,0.3,4.4241,0,0.2743,162.7,0,0,Benign
BENIGN_01078,1594.01,3.7719,3,1,0,0,112,0,0,0.0,3.4997,0,0.1503,93.76,0,0,Benign
BENIGN_01985,1051.5,4.7177,4,1,0,0,0,0,0,0.05,4.0924,0,0.084,146.58,0,0,Benign
MALWARE_01864,482.8,7.3331,9,0,3,0,0,1,1,32.28,7.4238,22,0.8944,39.97,2,1,REvil
MALWARE_01463,499.86,7.0128,9,0,4,0,0,1,1,53.78,7.4675,12,1.0,37.3,1,1,Ryuk
BENIGN_00771,2632.16,6.2735,4,1,1,0,0,0,0,0.01,4.0806,0,0.1648,136.64,0,0,Benign
BENIGN_02166,1427.66,6.3618,4,1,1,0,56,0,0,0.08,4.7313,0,0.05,64.73,0,0,Benign
BENIGN_00674,20.0,5.3769,5,1,0,0,0,0,0,0.25,4.3917,0,0.1105,134.19,0,0,Benign
BENIGN_00250,1501.48,3.1327,5,1,0,0,0,0,0,0.26,5.2348,0,0.1699,75.33,0,0,Benign
BENIGN_01575,2549.28,4.1233,5,1,0,0,112,0,0,0.26,3.6744,0,0.2081,118.99,0,0,Benign
MALWARE_00920,792.15,7.5421,9,0,4,1,0,1,1,50.27,7.99,21,0.7439,56.47,1,1,Cerber
BENIGN_02082,1997.56,4.0977,3,1,0,0,0,0,0,0.05,4.1096,0,0.05,100.24,0,0,Benign
BENIGN_01824,1882.73,4.9208,5,1,0,0,84,0,0,0.18,3.7499,0,0.2451,203.12,0,0,Benign
BENIGN_00717,987.07,4.5879,5,1,0,0,84,0,0,0.47,4.5307,0,0.1412,99.45,0,0,Benign
MALWARE_02169,1017.05,7.8518,5,0,1,0,28,1,1,35.77,7.6197,19,0.8658,49.61,4,1,Ryuk
BENIGN_02049,903.61,4.2188,4,1,0,1,0,0,0,0.65,3.8704,0,0.2241,15.0,0,0,Benign
MALWARE_01679,350.86,7.5743,2,0,5,0,28,1,1,52.0,7.5558,16,0.9676,87.49,1,1,Cerber
MALWARE_00225,926.39,6.9193,7,0,5,1,28,1,1,42.91,7.4619,13,0.9482,29.62,3,1,Maze
MALWARE_02022,10.0,7.2901,5,0,4,1,28,1,1,46.19,7.7633,22,0.7818,25.87,3,1,LockBit
BENIGN_01461,1058.78,4.8424,4,1,1,0,0,0,0,0.37,4.7257,0,0.1959,217.91,0,0,Benign
BENIGN_01669,1026.69,4.7942,4,1,1,0,84,0,0,0.24,4.0047,0,0.1817,113.48,0,0,Benign
MALWARE_00257,217.9,7.1503,5,0,5,1,0,1,1,64.13,7.99,15,0.8076,31.6,3,1,Ryuk
BENIGN_02001,2182.14,3.8797,5,1,1,0,56,0,0,0.13,3.6429,0,0.1156,192.02,0,0,Benign
BENIGN_00405,960.53,4.2049,4,1,0,0,84,0,0,0.08,4.7708,0,0.1922,110.46,0,0,Benign
BENIGN_00385,2375.74,3.4331,4,1,1,0,84,0,0,0.05,3.6784,0,0.1226,139.15,0,0,Benign
MALWARE_02036,378.36,7.2205,5,0,3,2,0,1,0,38.34,7.5126,21,0.9454,86.81,3,1,LockBit
BENIGN_02153,1465.38,4.3853,4,1,0,0,0,0,0,0.06,3.4385,0,0.05,91.03,0,0,Benign
BENIGN_01634,1952.53,4.4092,5,1,0,0,56,0,0,0.24,3.673,0,0.1533,116.23,0,0,Benign
MALWARE_02087,363.41,7.8854,5,0,7,0,0,1,1,46.14,7.5716,20,0.7879,23.64,3,1,REvil
MALWARE_01426,25.1,7.6851,7,0,6,1,28,1,1,41.44,7.646,24,0.7369,60.83,1,1,REvil
MALWARE_01659,911.5,7.7513,2,0,5,1,0,1,0,42.32,7.7092,22,0.8539,48.26,1,1,Cerber
BENIGN_00224,1337.62,4.7279,3,1,2,0,84,0,0,0.16,4.814,0,0.1015,130.56,0,0,Benign
BENIGN_02194,2242.25,4.4341,5,1,0,0,56,0,0,0.4,3.5337,0,0.2194,124.85,0,0,Benign
MALWARE_00637,963.47,7.5356,2,0,7,0,0,1,0,7.6,7.9524,16,0.9145,34.68,4,1,Maze
BENIGN_01825,757.28,5.064,4,1,0,0,56,0,0,0.18,3.1872,0,0.1692,164.01,0,0,Benign
MALWARE_02101,521.63,7.6906,7,0,4,1,0,0,1,13.4,7.6912,19,0.7327,52.41,2,1,WannaCry
BENIGN_00798,1366.59,4.1313,4,0,0,0,56,0,0,0.04,3.5425,0,0.1049,138.52,0,0,Benign
MALWARE_00372,548.63,7.6451,7,0,5,0,0,1,1,48.03,7.6564,21,0.752,37.12,3,1,Cerber
BENIGN_00010,1163.48,5.1623,4,1,1,1,112,0,0,0.14,4.1004,0,0.0642,70.37,0,0,Benign
BENIGN_01945,2260.22,5.0576,5,1,1,0,56,0,0,0.02,4.9353,0,0.3255,198.02,1,0,Benign
BENIGN_01839,2116.09,4.2189,4,1,2,0,84,0,0,0.15,3.089,0,0.1063,113.27,0,0,Benign
BENIGN_00256,606.07,5.5458,5,0,0,0,0,0,0,0.04,4.0581,0,0.0831,25.76,0,0,Benign
MALWARE_02009,777.13,7.99,5,0,4,1,0,1,1,62.23,7.7446,15,0.9312,57.15,2,1,WannaCry
BENIGN_01582,1692.18,6.5939,3,1,0,0,0,0,0,0.69,4.0635,0,0.0857,211.52,1,0,Benign
MALWARE_00457,242.12,7.6732,2,0,6,0,0,1,1,33.23,7.7484,23,0.8214,61.41,2,1,WannaCry
BENIGN_00925,1406.07,5.6263,4,1,0,0,112,0,0,0.04,3.6094,0,0.05,195.42,0,0,Benign
MALWARE_01930,670.16,7.99,2,0,5,1,0,1,1,68.52,7.5778,21,0.7874,42.76,3,1,Maze
MALWARE_00009,425.7,7.0015,5,0,8,0,0,0,1,43.83,7.4445,24,0.9229,67.26,2,1,Maze
MALWARE_01276,545.68,7.6315,9,0,4,0,0,1,0,25.57,7.7597,12,0.8232,35.72,1,1,WannaCry
MALWARE_01637,660.55,7.5518,5,0,8,0,0,1,1,33.41,7.99,23,0.9478,76.04,3,1,WannaCry
MALWARE_00280,256.16,7.3335,5,0,3,0,0,0,1,59.78,7.6016,21,0.8589,82.74,1,1,WannaCry
BENIGN_00540,1949.94,4.3161,5,1,0,0,0,0,0,0.14,4.4987,0,0.05,174.66,0,0,Benign
MALWARE_00246,975.37,7.99,7,0,6,1,0,1,0,19.91,7.5791,21,0.9337,40.12,2,1,WannaCry
MALWARE_01999,856.13,7.6613,5,0,1,0,28,1,1,27.51,7.6296,13,0.9047,35.13,1,1,Cerber
MALWARE_02072,735.36,7.99,2,0,5,0,0,1,1,48.35,7.9059,14,0.711,29.28,3,1,LockBit
BENIGN_01146,2463.57,6.6664,3,1,0,0,56,0,0,0.27,4.4424,0,0.2309,236.71,0,0,Benign
BENIGN_00668,115.6,4.968,4,0,1,0,56,0,0,0.31,4.5691,0,0.2084,189.6,1,0,Benign
MALWARE_00520,462.47,7.99,5,0,4,0,0,1,1,57.99,7.7788,24,0.995,61.51,1,1,Ryuk
BENIGN_00358,1578.8,4.7553,5,0,1,0,84,0,0,0.13,4.4028,0,0.1811,115.26,0,0,Benign
MALWARE_00332,51.69,7.99,5,0,3,2,28,1,1,46.34,7.5821,28,0.8314,43.27,2,1,LockBit
MALWARE_00284,590.65,7.8408,7,0,6,0,28,1,1,37.0,7.4835,17,0.929,36.08,1,1,WannaCry
BENIGN_01354,1922.77,5.1464,4,1,0,0,56,0,0,0.04,4.3879,0,0.1672,101.35,0,0,Benign
BENIGN_00471,2104.53,4.6225,5,1,1,0,56,0,0,0.01,5.2228,0,0.0614,168.8,0,0,Benign
MALWARE_00204,799.85,7.6608,5,0,4,0,0,1,1,27.26,7.8431,16,0.8175,45.51,2,1,WannaCry
MALWARE_00831,712.02,7.7302,2,0,2,1,0,1,1,45.64,7.8301,22,0.9103,39.09,2,1,Cerber
MALWARE_01138,914.52,7.5015,7,0,3,2,0,1,0,34.98,7.3672,20,0.8612,60.13,1,1,Cerber
BENIGN_01397,2158.6,5.2438,4,1,0,0,84,0,0,0.09,4.2292,0,0.2414,176.43,0,0,Benign
MALWARE_01085,595.37,7.5938,2,0,4,2,0,1,0,67.13,7.5613,21,0.9001,41.43,2,1,WannaCry
MALWARE_01987,10.0,7.6352,5,1,6,0,0,1,1,14.48,7.1812,22,0.773,24.73,2,1,WannaCry
MALWARE_00877,441.94,7.9658,5,0,4,0,0,1,1,56.57,7.6669,17,0.6981,72.98,3,1,Ryuk
BENIGN_01257,1039.61,4.0532,5,1,1,0,56,0,0,0.44,3.5773,0,0.2681,88.89,0,0,Benign
MALWARE_01013,892.11,7.7464,7,0,4,0,28,1,1,39.67,7.6454,22,0.9499,94.06,2,1,REvil
BENIGN_01251,308.05,3.7889,5,1,1,1,56,0,0,0.01,4.9097,0,0.05,146.01,1,0,Benign
MALWARE_02308,85.82,7.3997,2,0,5,1,0,0,1,52.26,7.5851,19,1.0,37.13,1,1,Ryuk
MALWARE_01799,457.3,7.8696,2,0,2,0,0,1,0,50.73,7.7583,15,0.8349,58.66,1,1,WannaCry
MALWARE_00785,956.4,7.656,9,0,7,1,0,1,1,51.14,7.5246,21,0.7494,58.92,1,1,WannaCry
MALWARE_00434,700.91,7.6599,5,0,2,0,0,1,1,49.51,7.8532,17,0.7928,63.11,2,1,Maze
MALWARE_01676,943.71,7.2763,5,0,1,0,28,1,1,27.48,7.7403,18,0.8169,49.69,1,1,Cerber
BENIGN_01853,1687.66,5.2809,4,1,0,0,84,0,0,0.24,4.2004,0,0.05,100.7,1,0,Benign
MALWARE_02370,437.33,7.6373,2,0,2,0,28,1,1,43.71,7.7062,19,1.0,8.0,2,1,REvil
BENIGN_02106,2027.82,4.2165,5,1,0,0,84,0,0,0.09,3.5055,0,0.2076,131.45,0,0,Benign
BENIGN_00134,1402.6,4.9519,4,1,1,0,84,0,0,0.17,4.5461,0,0.05,137.43,0,0,Benign
BENIGN_00929,1077.11,6.3218,4,1,0,0,112,0,0,0.1,3.7553,0,0.2146,199.02,0,0,Benign
BENIGN_00824,2234.35,5.9269,5,1,0,0,56,0,0,0.08,4.1246,0,0.1353,136.85,1,0,Benign
MALWARE_02044,898.32,7.99,5,0,3,0,0,1,1,36.95,7.87,18,0.8814,103.37,2,1,Ryuk
BENIGN_01532,500.16,6.2831,5,1,0,0,56,0,0,0.08,2.5461,0,0.05,95.96,1,0,Benign
BENIGN_01215,1433.0,5.9114,5,1,0,0,56,0,0,0.29,5.0156,0,0.0684,128.03,0,0,Benign
BENIGN_00505,2076.8,4.3639,4,1,0,0,0,0,0,0.04,3.6559,0,0.2758,74.95,0,0,Benign
MALWARE_01786,384.43,7.5304,7,0,6,1,0,1,1,34.09,7.4884,15,0.8598,45.83,1,1,REvil
BENIGN_01997,1810.55,2.7293,3,1,2,0,0,0,1,0.06,4.155,0,0.1494,90.8,0,0,Benign
MALWARE_00573,747.53,7.383,9,0,3,0,0,1,0,51.78,7.99,22,0.7387,68.51,1,1,Maze
BENIGN_01959,3244.65,4.8381,3,1,1,0,0,0,0,0.04,4.5098,0,0.2266,162.61,0,0,Benign
BENIGN_01385,363.6,4.4588,5,1,0,0,0,0,0,0.59,4.0064,0,0.2066,183.36,0,0,Benign
BENIGN_00895,1594.77,3.8945,5,1,0,0,0,0,0,0.04,5.2869,0,0.1963,15.0,0,0,Benign
BENIGN_00456,211.06,3.8402,5,1,1,0,56,0,0,0.02,4.6194,0,0.0987,152.95,0,0,Benign
MALWARE_02380,511.71,7.3523,7,0,4,1,0,1,1,40.37,7.6513,18,0.7194,30.29,1,1,REvil
MALWARE_01210,479.4,7.7942,5,0,7,0,0,1,1,32.54,7.5571,22,0.7167,29.62,1,1,Cerber
MALWARE_02119,285.21,7.1253,7,0,4,1,28,1,1,15.32,7.64,16,0.7585,38.08,1,1,Cerber
MALWARE_01769,263.74,7.343,5,0,3,0,28,1,1,51.35,7.8371,15,0.8797,38.2,3,1,REvil
MALWARE_01023,535.9,7.951,5,0,4,1,28,1,1,38.74,7.7115,26,0.7349,24.52,2,1,LockBit
MALWARE_01635,764.31,7.338,5,0,7,2,0,0,0,61.53,7.7977,13,0.8697,91.73,2,1,WannaCry
MALWARE_01103,98.38,7.3817,5,0,7,0,0,1,1,35.6,7.8816,19,0.8925,50.91,3,1,REvil
BENIGN_00714,1969.68,4.3743,5,1,0,0,0,0,0,0.01,3.9669,0,0.2322,88.46,0,0,Benign
MALWARE_01687,969.27,7.7145,5,0,2,0,0,1,0,48.76,7.7738,17,0.9203,23.23,1,1,Maze
BENIGN_02215,2666.83,5.6705,5,1,0,0,56,0,0,0.12,2.2411,0,0.054,100.6,1,0,Benign
MALWARE_00424,506.81,7.6692,5,0,4,1,0,1,1,34.28,7.8197,18,0.7483,31.06,2,1,Cerber
BENIGN_01811,1463.29,6.5783,4,1,0,1,84,0,0,0.01,4.0418,0,0.1583,92.77,0,0,Benign
MALWARE_00987,274.29,7.1935,5,0,2,0,28,0,1,62.33,7.8143,10,0.9271,50.51,2,1,REvil
MALWARE_00642,261.98,7.3178,7,0,4,0,0,1,1,40.28,7.5713,17,0.8429,8.0,2,1,LockBit
BENIGN_01828,1941.72,4.0536,5,1,0,0,0,0,0,0.39,3.574,0,0.1542,100.83,0,0,Benign
BENIGN_01156,654.2,5.4779,5,1,0,0,56,0,0,0.38,3.9371,0,0.2518,116.85,0,0,Benign
BENIGN_01325,992.38,5.3161,4,0,0,0,56,0,0,0.07,3.6478,0,0.1634,142.49,0,0,Benign
MALWARE_01813,761.91,7.4333,9,0,6,1,0,1,1,57.37,7.6576,24,0.7955,75.61,3,1,Cerber
BENIGN_00511,1312.06,4.0852,4,1,1,0,84,0,0,0.22,4.9514,0,0.1629,152.21,0,0,Benign
BENIGN_01681,640.01,4.7981,5,1,0,0,112,0,0,0.07,3.8914,0,0.1213,159.91,0,0,Benign
BENIGN_00500,1541.11,4.7144,5,1,0,0,84,0,0,0.08,5.3653,0,0.1496,90.31,0,0,Benign
MALWARE_02037,1203.51,7.7117,7,0,2,1,0,0,0,34.97,7.4767,21,0.8075,57.05,3,1,LockBit
BENIGN_01857,2026.95,3.5129,4,1,0,0,0,0,0,0.37,4.8634,0,0.1174,126.55,0,0,Benign
BENIGN_01389,1226.58,4.3681,5,1,0,0,0,0,0,0.01,5.0057,0,0.1284,208.55,0,0,Benign
MALWARE_01220,315.94,7.588,5,0,6,1,0,1,0,69.34,7.6696,21,0.8263,48.47,2,1,Cerber
BENIGN_02387,2029.15,3.519,5,1,0,0,56,0,0,0.09,4.6079,0,0.216,64.78,0,0,Benign
MALWARE_00737,893.97,7.2886,9,0,3,0,0,1,1,33.43,7.99,11,0.7752,34.36,1,1,WannaCry
BENIGN_01541,1003.57,4.2,4,1,2,0,0,0,0,0.02,5.0326,0,0.05,183.72,0,0,Benign
BENIGN_01218,1221.26,4.8745,5,1,1,0,56,0,0,0.28,4.6053,0,0.365,151.96,0,0,Benign
MALWARE_00182,829.87,7.6553,2,0,4,0,0,1,0,42.07,7.858,23,0.7246,14.61,1,1,Ryuk
MALWARE_00494,490.64,7.8373,5,0,2,0,0,1,1,53.25,7.6913,27,0.9383,28.77,2,1,REvil
BENIGN_01192,1168.95,4.8915,5,1,0,0,56,0,0,0.46,4.4241,0,0.2033,153.69,1,0,Benign
BENIGN_01543,501.13,4.9655,3,0,1,0,56,0,0,0.11,4.0181,0,0.1868,37.48,0,0,Benign
MALWARE_00802,591.91,7.9251,9,0,5,0,28,1,1,53.26,7.8059,19,1.0,37.78,1,1,LockBit
MALWARE_00825,625.65,7.5327,5,0,5,1,0,1,0,12.23,7.99,11,0.7028,33.01,3,1,WannaCry
MALWARE_00040,527.08,7.3862,5,0,7,0,0,1,1,63.95,7.2606,14,0.6423,35.72,1,1,Ryuk
BENIGN_00954,904.02,5.047,4,1,0,0,56,0,0,0.0,3.9966,0,0.2517,103.65,0,0,Benign
MALWARE_01831,969.18,7.99,7,1,5,0,0,0,1,35.55,7.8613,16,0.8967,62.22,3,1,Ryuk
BENIGN_00733,1026.31,6.2168,4,1,0,0,84,0,0,0.05,4.2018,0,0.1968,131.89,0,0,Benign
BENIGN_01157,1733.07,6.8,5,1,1,0,56,0,0,0.15,4.3293,0,0.064,120.72,0,0,Benign
MALWARE_00795,968.28,7.2142,7,0,4,1,0,1,1,43.44,7.7789,22,0.8381,35.6,1,1,WannaCry
MALWARE_00483,599.72,7.3687,2,0,3,1,0,1,0,28.44,7.7813,20,0.7989,65.99,3,1,Cerber
BENIGN_02157,1775.15,3.9372,3,1,1,0,56,0,0,0.59,3.8094,0,0.1725,147.31,0,0,Benign
BENIGN_01063,1207.38,4.7427,5,1,1,0,56,0,0,0.07,4.4935,0,0.1877,100.83,0,0,Benign
MALWARE_00117,549.37,7.99,2,1,7,0,28,1,1,55.03,7.5461,20,0.9675,43.29,2,1,Ryuk
BENIGN_01168,756.12,6.1487,5,1,0,0,0,0,0,0.1,4.0658,0,0.05,181.61,0,0,Benign
MALWARE_00723,571.19,7.6348,9,0,6,0,0,1,1,35.7,7.5469,19,0.8503,39.96,2,1,Ryuk
MALWARE_01137,761.68,7.7461,5,0,3,0,0,1,1,63.52,7.4814,25,0.7757,35.68,2,1,REvil
MALWARE_00439,829.68,7.8931,7,0,5,0,0,1,1,45.72,7.53,13,0.9728,21.11,3,1,WannaCry
MALWARE_01992,723.21,7.9685,9,0,8,0,0,1,1,41.91,7.99,12,1.0,66.44,1,1,Maze
MALWARE_00641,643.35,7.1476,5,0,5,1,0,1,1,37.78,7.587,17,0.8467,41.57,1,1,REvil
BENIGN_00144,1346.54,5.1878,5,1,2,1,0,0,0,0.04,3.6922,0,0.1738,158.05,0,0,Benign
MALWARE_01078,838.34,7.9329,9,0,9,0,28,1,0,66.29,7.84,23,0.896,42.21,2,1,Ryuk
MALWARE_00283,388.38,7.5057,7,0,2,1,0,1,1,28.8,7.4464,11,0.887,58.57,1,1,Maze
BENIGN_00718,2090.56,3.1918,5,1,1,0,84,0,0,0.71,3.4056,0,0.1372,107.83,0,0,Benign
BENIGN_01820,826.61,4.5842,4,0,0,0,84,0,1,0.11,3.2172,0,0.1435,55.14,0,0,Benign
MALWARE_00003,685.46,7.7941,5,0,2,0,0,1,1,60.36,7.8359,20,0.8573,46.82,1,1,WannaCry
MALWARE_01861,243.36,7.8635,7,0,3,1,0,1,1,50.08,7.2344,20,0.8966,37.07,1,1,LockBit
MALWARE_01672,719.55,7.2621,5,0,5,1,0,1,1,35.82,7.5583,19,0.8077,67.14,1,1,Cerber
BENIGN_00396,2956.44,4.5291,3,1,0,0,56,0,0,0.12,4.0967,0,0.2317,165.95,0,0,Benign
MALWARE_02337,588.77,7.9005,7,0,10,0,0,0,1,40.16,7.9554,12,0.9398,27.86,1,1,Cerber
MALWARE_01993,268.33,7.2334,7,0,1,0,0,0,1,10.86,7.7914,20,0.609,52.95,3,1,Cerber
BENIGN_01366,1359.56,4.2237,5,1,1,0,56,0,0,0.18,3.8668,0,0.2322,119.16,0,0,Benign
MALWARE_02059,612.77,7.4909,7,0,3,0,0,1,1,17.44,7.7953,18,0.7603,53.68,3,1,LockBit
BENIGN_00596,1512.9,3.8044,4,1,2,0,0,0,0,0.0,4.4699,0,0.1721,222.11,0,0,Benign
MALWARE_01453,164.46,7.5944,7,0,5,0,28,1,1,36.3,7.5573,20,0.6629,9.13,1,1,Maze
MALWARE_00415,788.33,7.6893,9,0,5,0,0,0,1,56.92,7.8111,17,0.7048,39.03,3,1,Cerber
BENIGN_02327,1520.89,5.6519,5,1,0,0,0,0,0,0.42,3.9293,0,0.2379,147.9,0,0,Benign
MALWARE_01267,299.9,7.3192,9,0,4,0,0,1,1,43.95,7.699,9,0.8664,50.04,1,1,Ryuk
MALWARE_00941,851.72,7.99,7,0,4,0,28,1,1,40.9,7.7751,18,0.8345,28.34,1,1,Maze
MALWARE_01352,736.71,7.3615,5,0,5,1,0,1,0,45.94,7.6752,13,0.8271,39.35,1,1,Ryuk
MALWARE_01633,845.96,7.7278,9,0,9,1,0,1,1,47.76,7.99,22,0.8404,68.66,2,1,REvil
MALWARE_02092,1354.47,7.1858,2,0,7,0,0,1,1,56.35,7.8318,16,0.6837,51.89,2,1,WannaCry
BENIGN_02144,1622.43,5.2821,4,0,0,1,56,0,0,0.33,4.2048,0,0.2125,192.77,0,0,Benign
BENIGN_01572,2396.05,4.8199,4,1,0,0,56,0,0,0.25,4.9121,0,0.2153,132.65,0,0,Benign
MALWARE_01580,341.99,7.4603,5,0,8,1,0,1,1,32.23,7.884,18,0.7229,25.46,2,1,Maze
BENIGN_01123,2758.83,4.5596,5,1,0,1,0,0,0,0.02,3.9762,0,0.0632,112.35,0,0,Benign
MALWARE_00287,623.49,7.2962,5,0,1,0,0,1,0,47.11,7.6656,20,0.875,36.55,1,1,Maze
MALWARE_00468,547.46,7.473,9,0,3,0,0,1,1,50.96,7.8105,21,0.9197,33.36,1,1,REvil
MALWARE_00005,1244.24,7.5248,2,0,8,0,56,1,1,43.51,7.6495,18,1.0,71.05,2,1,Ryuk
MALWARE_00966,674.39,7.4484,7,0,7,1,28,1,1,39.06,7.6133,20,0.8452,58.66,1,1,WannaCry
BENIGN_00676,840.28,3.4553,5,1,0,0,0,0,0,1.52,3.9001,0,0.0979,103.67,0,0,Benign
MALWARE_00309,540.02,7.4048,5,0,0,0,0,1,1,31.27,7.7092,16,0.8299,20.16,1,1,WannaCry
MALWARE_00849,478.79,7.7702,7,0,3,0,0,1,1,28.41,7.633,17,0.7496,42.51,1,1,REvil
BENIGN_00729,791.43,4.3001,3,1,1,0,84,0,0,0.1,3.7498,0,0.05,142.92,0,0,Benign
BENIGN_00413,1723.27,5.0333,4,1,0,0,0,0,0,0.13,3.76,0,0.1252,75.77,0,0,Benign
MALWARE_00647,86.25,7.5786,7,0,3,0,28,1,1,47.28,7.7898,21,0.7476,77.47,3,1,WannaCry
BENIGN_01517,2125.01,5.7153,4,1,0,0,56,0,0,0.5,4.8619,0,0.1474,134.53,0,0,Benign
BENIGN_00826,2356.82,4.0108,4,1,0,0,0,0,0,0.11,4.5101,0,0.0592,118.03,0,0,Benign
MALWARE_00768,10.0,7.3247,9,0,8,1,0,1,1,35.99,7.6425,26,0.9401,53.65,2,1,Ryuk
MALWARE_01475,589.72,7.3999,5,0,4,1,56,1,1,50.3,7.3644,19,0.9547,44.93,1,1,Maze
BENIGN_00617,1077.6,5.8825,5,1,0,0,0,0,0,0.44,3.9184,0,0.2725,15.0,0,0,Benign
BENIGN_00115,1954.75,5.2797,4,1,0,0,56,0,0,0.74,4.8515,0,0.188,118.75,0,0,Benign
BENIGN_00418,340.68,4.1549,3,1,0,0,56,0,0,0.13,4.2454,0,0.085,105.65,0,0,Benign
MALWARE_00570,679.52,7.267,9,0,4,1,0,1,1,56.97,7.2147,22,0.8797,29.83,2,1,Ryuk
BENIGN_01626,89.75,4.0133,5,0,0,0,0,0,0,0.16,3.6286,0,0.2056,169.87,1,0,Benign
MALWARE_02451,922.08,7.8057,2,1,8,0,28,1,1,65.3,7.5809,20,0.6717,57.95,2,1,REvil
MALWARE_01686,557.3,7.8476,9,0,5,0,28,0,0,45.71,7.7293,15,0.6935,34.77,2,1,Cerber
MALWARE_00397,622.81,7.7103,7,0,3,1,28,1,1,37.8,7.3283,15,1.0,34.64,1,1,Cerber
MALWARE_02172,680.65,7.5513,7,0,4,1,0,1,1,39.9,7.5062,20,0.7228,58.19,1,1,Maze
BENIGN_02083,1901.18,5.5399,6,1,0,0,0,0,0,0.17,4.1516,0,0.1241,149.96,1,0,Benign
BENIGN_00754,314.08,5.4496,5,1,0,1,84,0,0,0.08,4.0701,0,0.05,104.48,0,0,Benign
MALWARE_00047,637.05,7.7707,5,0,3,2,0,1,1,37.43,7.99,21,0.9993,32.22,1,1,REvil
MALWARE_01470,341.75,7.5255,2,0,6,1,0,1,1,73.19,7.99,14,0.7616,60.18,2,1,REvil
MALWARE_00874,674.0,7.463,5,0,6,2,0,1,1,40.53,7.4782,18,0.902,55.31,1,1,Cerber
MALWARE_01608,626.25,7.99,7,0,2,1,0,1,1,5.0,7.4663,22,0.6529,18.2,1,1,Maze
BENIGN_02445,1890.46,4.7314,5,1,0,1,56,0,0,0.54,4.656,0,0.0645,17.98,0,0,Benign
MALWARE_01881,696.78,7.1155,9,1,5,0,0,0,1,46.76,7.8604,12,0.9405,76.61,1,1,WannaCry
BENIGN_01067,1638.56,3.3395,5,1,0,0,0,0,0,0.11,3.0488,0,0.05,125.22,0,0,Benign
MALWARE_01414,905.92,7.9402,9,0,4,2,0,0,1,42.9,7.9047,13,0.8403,31.05,1,1,WannaCry
MALWARE_00999,1559.16,7.99,2,1,5,1,0,1,1,31.03,7.9652,14,0.8264,84.61,2,1,LockBit
MALWARE_00239,236.31,7.6359,7,0,9,0,28,1,0,28.95,7.6407,23,0.8744,64.19,1,1,WannaCry
MALWARE_01501,646.27,7.9373,5,0,5,0,0,1,1,55.97,7.4868,17,0.8884,75.15,3,1,Maze
BENIGN_01569,811.41,5.8834,4,1,3,0,56,0,0,0.21,3.8097,0,0.25,94.91,0,0,Benign
BENIGN_02428,1778.08,5.1078,5,0,0,0,0,0,0,0.18,3.7597,0,0.0627,125.18,0,0,Benign
MALWARE_01247,631.37,7.9504,7,0,4,2,0,1,1,37.44,7.7327,14,0.8451,54.26,3,1,WannaCry
MALWARE_02140,295.77,7.9005,9,0,5,0,0,1,1,30.09,7.6619,23,0.7883,65.16,3,1,Cerber
BENIGN_01688,1158.31,5.3927,4,1,1,0,0,0,0,0.41,4.8031,0,0.225,100.77,0,0,Benign
BENIGN_00852,2870.17,4.6571,3,1,0,0,56,0,0,0.08,4.2202,0,0.1705,64.04,0,0,Benign
MALWARE_01047,179.65,7.99,7,0,6,1,0,1,1,16.41,7.9382,22,0.9785,80.94,1,1,WannaCry
BENIGN_00896,2473.38,4.444,5,1,0,0,56,0,0,0.01,4.5251,0,0.1449,116.07,0,0,Benign
MALWARE_02093,409.61,7.4405,2,0,4,0,0,1,1,15.99,7.4289,18,0.9055,47.27,2,1,Ryuk
BENIGN_00336,1391.26,5.56,3,1,0,0,84,0,0,0.11,4.3458,0,0.1738,114.91,0,0,Benign
MALWARE_00340,440.52,7.4465,7,0,3,0,0,1,1,30.56,7.8,20,0.9122,44.4,1,1,WannaCry
MALWARE_00588,682.71,7.3031,5,0,5,0,0,1,1,64.86,7.5356,20,0.8934,34.67,1,1,Cerber
BENIGN_01349,2123.22,5.5161,4,1,0,1,84,0,0,0.38,3.8278,0,0.1735,136.33,0,0,Benign
BENIGN_01016,1873.67,4.7278,4,1,0,0,112,0,0,0.12,5.1653,0,0.05,97.94,0,0,Benign
MALWARE_00317,504.52,7.0677,5,0,3,0,0,1,1,34.6,7.6736,21,0.7343,30.43,1,1,WannaCry
BENIGN_01632,1068.81,4.1871,4,1,1,0,56,0,0,0.02,3.8345,0,0.1304,64.9,0,0,Benign
BENIGN_02490,699.45,5.1371,4,1,0,0,84,0,0,0.27,3.685,0,0.1076,68.01,0,0,Benign
MALWARE_01231,619.51,7.57,7,0,2,0,28,1,1,32.26,7.5528,13,1.0,56.23,2,1,WannaCry
MALWARE_00752,550.91,7.2048,7,0,1,2,0,1,1,64.02,7.6972,18,0.8813,17.86,1,1,Cerber
MALWARE_02135,1102.96,7.433,2,0,3,1,28,1,1,17.5,7.3664,18,0.8375,8.0,1,1,WannaCry
BENIGN_02071,1435.95,3.92,5,0,0,0,56,0,0,0.01,4.3632,0,0.1731,249.37,0,0,Benign
MALWARE_01953,860.68,7.3503,5,0,3,1,0,1,1,49.5,7.7558,19,0.851,46.85,2,1,Maze
MALWARE_02383,631.21,7.6902,9,0,1,1,28,1,1,46.42,7.6601,24,0.8257,8.0,1,1,WannaCry
BENIGN_01636,1037.67,4.3605,5,1,1,0,56,0,0,0.02,3.7563,0,0.1709,99.27,0,0,Benign
BENIGN_02480,1559.45,4.8856,5,1,1,0,0,0,0,0.28,2.8181,0,0.2168,141.76,0,0,Benign
BENIGN_02266,1841.15,5.8705,5,1,0,0,84,0,0,0.07,4.7217,0,0.05,65.57,0,0,Benign
MALWARE_00460,453.82,7.5176,7,0,6,1,0,1,1,46.42,7.9121,17,0.9391,61.29,1,1,Maze
MALWARE_02232,418.47,7.3537,5,0,6,0,0,1,1,38.77,7.6776,19,0.7087,16.62,3,1,Maze
MALWARE_00560,524.39,7.518,7,0,8,1,0,1,1,51.92,7.99,16,0.8118,8.0,1,1,Ryuk
BENIGN_02142,195.59,5.1722,6,1,0,0,84,0,0,0.04,3.4618,0,0.1715,84.38,0,0,Benign
MALWARE_00619,575.55,7.8432,7,0,1,0,0,1,1,38.05,7.99,20,0.8797,79.34,4,1,WannaCry
MALWARE_02226,791.19,7.4497,9,0,6,1,0,1,0,37.87,7.8395,17,0.7104,43.05,3,1,Cerber
MALWARE_01546,468.87,7.49,5,0,3,1,0,1,0,27.34,7.8146,20,0.8665,34.76,1,1,Ryuk
MALWARE_00857,399.84,7.4784,9,0,11,1,0,1,1,46.15,7.5012,18,0.4919,55.03,2,1,Ryuk
MALWARE_00245,1187.07,7.2411,2,0,4,0,0,0,0,59.52,7.7299,23,0.7973,27.5,1,1,WannaCry
MALWARE_01007,570.97,7.1005,7,0,5,1,0,1,1,54.41,7.6775,16,0.6446,50.19,2,1,Cerber
BENIGN_01680,1371.85,4.5983,4,1,0,0,112,0,0,0.23,4.2132,0,0.1602,54.41,0,0,Benign
MALWARE_01750,773.77,7.6723,2,0,6,0,28,1,1,41.1,7.6674,18,0.9761,63.48,1,1,REvil
MALWARE_00648,481.52,7.3452,2,0,4,0,56,1,1,29.5,7.9411,21,0.6197,53.51,2,1,REvil
BENIGN_02295,893.43,4.8448,5,1,0,0,56,0,0,0.23,4.1495,0,0.1415,58.52,0,0,Benign
BENIGN_00581,835.59,4.4783,5,1,1,0,84,0,0,0.1,5.0474,0,0.1551,50.91,0,0,Benign
BENIGN_01471,1088.46,3.9663,4,0,0,0,112,0,0,0.07,3.467,0,0.1106,120.89,0,0,Benign
MALWARE_01571,272.86,7.1726,9,0,4,1,0,1,1,47.72,7.582,22,0.908,79.97,2,1,Cerber
MALWARE_00844,665.08,7.7619,2,0,6,1,56,1,1,47.8,7.9218,18,0.8426,37.44,1,1,REvil
MALWARE_02084,633.58,7.963,7,0,3,0,56,1,1,31.84,7.6078,11,1.0,58.98,1,1,Maze
MALWARE_01173,415.13,7.8353,7,0,4,0,0,0,1,49.76,7.6012,21,1.0,61.34,2,1,WannaCry
BENIGN_00560,3498.74,5.9258,5,1,0,0,84,0,0,0.03,4.0631,0,0.2298,179.09,0,0,Benign
MALWARE_00350,989.26,7.1421,5,0,2,1,0,1,1,53.03,7.5798,15,0.7712,44.45,1,1,WannaCry
BENIGN_00513,1582.33,2.9488,5,1,0,0,56,0,0,0.2,3.9901,0,0.1338,105.4,0,0,Benign
BENIGN_01082,1493.83,4.4842,4,0,0,0,0,0,0,0.04,4.1322,0,0.1927,102.5,0,0,Benign
BENIGN_01665,2632.73,5.6009,4,0,0,0,112,0,0,0.02,4.4071,0,0.1729,28.99,0,0,Benign
BENIGN_01013,519.57,4.9078,3,1,0,0,0,0,0,0.25,4.0751,0,0.2584,94.03,0,0,Benign
BENIGN_01932,1617.98,6.2119,4,1,0,0,56,0,0,0.02,4.1609,0,0.1569,101.06,0,0,Benign
BENIGN_01151,1786.71,4.7055,3,1,2,0,0,0,0,0.49,5.0281,0,0.1947,161.35,0,0,Benign
MALWARE_00339,436.07,7.9797,5,0,5,0,0,1,1,50.78,7.6111,13,0.9908,73.96,1,1,Cerber
BENIGN_00117,58.07,4.2828,5,1,0,0,0,0,0,0.21,4.0719,0,0.2693,127.43,1,0,Benign
BENIGN_00741,3048.69,4.9087,3,1,1,0,0,0,0,0.09,3.5589,0,0.1776,100.79,0,0,Benign
MALWARE_02307,1045.5,7.3725,5,0,6,1,0,1,1,76.8,7.99,21,0.7719,53.63,1,1,Cerber
MALWARE_01176,739.19,7.4281,7,0,4,0,0,1,1,50.71,7.6084,11,0.9269,19.37,1,1,REvil
BENIGN_00831,1647.97,6.7213,6,0,0,0,56,0,0,0.02,3.8709,0,0.1323,194.84,0,0,Benign
BENIGN_00120,1360.55,4.363,5,1,0,0,112,0,0,0.64,4.4351,0,0.0705,118.45,0,0,Benign
MALWARE_02354,330.88,7.8454,7,0,6,0,0,1,1,56.47,7.5353,23,0.8055,35.96,2,1,WannaCry
MALWARE_02239,578.27,7.99,2,1,2,0,0,1,1,46.79,7.8342,15,0.8143,50.0,4,1,LockBit
BENIGN_00636,2111.37,4.1714,4,1,1,0,56,0,0,0.37,5.0991,0,0.18,165.06,0,0,Benign
MALWARE_01966,854.92,7.9183,2,0,6,0,0,0,1,19.65,7.8656,15,0.671,28.98,3,1,Maze
MALWARE_01865,10.0,7.5349,9,0,5,1,0,1,1,44.94,7.7052,11,1.0,73.55,2,1,REvil
MALWARE_01643,491.48,7.6828,9,0,1,0,0,1,1,31.73,7.4597,14,0.7682,76.61,2,1,LockBit
BENIGN_00992,287.58,2.8938,5,1,1,0,0,0,0,1.05,3.5392,0,0.1681,184.9,0,0,Benign
BENIGN_00877,1944.36,6.3888,4,1,1,0,0,0,0,0.08,4.3449,0,0.1419,152.17,0,0,Benign
BENIGN_00005,2118.96,4.3695,4,1,0,0,84,0,0,0.87,3.7938,0,0.1989,171.55,0,0,Benign
MALWARE_00552,1038.66,7.5654,7,0,5,1,0,1,1,76.92,7.7095,23,0.8364,62.52,3,1,Cerber
MALWARE_00625,1038.18,7.99,2,0,6,0,0,1,1,39.02,7.7694,16,0.7709,54.85,1,1,LockBit
MALWARE_00161,632.27,7.3704,9,0,9,0,28,1,1,12.51,7.5394,18,0.8577,45.92,1,1,Maze
BENIGN_02492,794.98,4.3493,5,1,0,0,0,0,0,0.41,3.467,0,0.157,134.94,0,0,Benign
MALWARE_01355,645.46,6.9574,5,0,2,2,0,1,1,29.45,7.5857,23,0.8165,65.06,2,1,Maze
BENIGN_01716,1397.5,5.344,4,1,0,0,0,0,0,0.04,5.6555,0,0.1771,70.47,0,0,Benign
BENIGN_01149,20.0,4.238,4,0,1,0,84,0,0,0.11,4.0925,0,0.1424,145.49,0,0,Benign
MALWARE_00762,733.98,7.66,2,0,3,1,0,0,1,21.94,7.296,19,1.0,13.05,1,1,Ryuk
BENIGN_00575,506.26,4.5401,5,1,1,0,56,0,0,0.24,4.591,0,0.1432,138.85,0,0,Benign
MALWARE_01270,655.71,7.6702,9,0,5,0,0,1,1,41.72,7.6697,19,0.7623,43.76,2,1,REvil
MALWARE_01237,578.91,7.4324,9,0,2,2,0,1,1,32.21,7.8683,19,0.7256,43.6,2,1,REvil
MALWARE_01647,1002.4,7.99,5,0,1,0,0,1,1,38.57,7.7125,23,1.0,58.4,1,1,Cerber
BENIGN_00854,1795.94,4.4708,5,1,0,0,56,0,0,0.18,3.7714,0,0.0926,159.79,0,0,Benign
BENIGN_01983,1565.59,5.559,4,1,0,0,56,0,0,0.03,3.4645,0,0.2876,190.18,0,0,Benign
MALWARE_00275,439.97,7.9447,9,0,3,0,28,1,1,30.22,7.6979,18,0.8374,56.23,1,1,Ryuk
BENIGN_01167,566.54,4.6865,4,1,0,0,84,0,0,0.26,3.0962,0,0.05,122.76,0,0,Benign
BENIGN_00972,3069.3,4.2252,5,1,0,0,84,0,0,0.34,4.6701,0,0.15,110.51,0,0,Benign
MALWARE_00202,760.52,7.6871,7,0,7,1,0,1,1,49.27,7.9392,18,1.0,22.52,1,1,LockBit
MALWARE_01996,509.27,7.1238,5,0,3,1,0,1,0,66.21,7.5121,17,0.7859,37.52,1,1,Ryuk
MALWARE_01348,622.3,7.6159,5,0,9,0,0,1,1,63.64,7.6126,15,0.7807,51.36,1,1,WannaCry
BENIGN_02369,2163.07,4.3947,5,1,1,0,56,0,0,0.09,3.8281,0,0.2068,235.65,0,0,Benign
MALWARE_01616,473.83,7.1763,9,1,7,0,0,1,1,46.4,7.487,23,0.699,23.74,1,1,REvil
MALWARE_01632,665.51,7.8415,7,0,1,0,28,0,1,28.73,7.83,13,0.7765,83.05,1,1,Maze
MALWARE_00451,658.66,7.7187,5,0,4,0,0,1,0,52.39,7.8406,16,1.0,26.58,1,1,Maze
BENIGN_00525,477.32,4.0837,6,1,0,0,0,0,0,0.16,4.3352,0,0.2763,55.16,0,0,Benign
BENIGN_02456,371.89,6.1311,4,1,1,0,112,0,0,0.3,4.4433,0,0.1115,157.94,0,0,Benign
BENIGN_01842,1733.71,5.6619,4,1,0,0,56,0,0,0.15,4.9292,0,0.1835,126.17,0,0,Benign
BENIGN_00538,20.0,4.7303,4,0,0,0,0,0,0,0.01,5.3279,0,0.1135,184.22,0,0,Benign
MALWARE_00307,237.94,7.2378,2,0,9,0,0,0,1,30.57,7.6553,15,0.8013,55.37,2,1,Cerber
MALWARE_01842,991.25,7.3371,5,0,3,0,56,0,1,34.99,7.8248,17,0.7818,55.24,1,1,Cerber
MALWARE_00676,452.04,7.0673,5,0,4,2,28,1,1,47.27,7.7852,16,0.724,57.48,1,1,REvil
BENIGN_00785,1595.35,4.2168,5,1,1,0,112,0,0,0.46,4.0345,0,0.0729,248.85,0,0,Benign
MALWARE_01558,571.55,7.2756,7,0,4,0,28,1,1,41.95,7.5436,11,0.7602,13.34,1,1,REvil
BENIGN_01410,1785.73,4.9962,4,1,1,0,84,0,0,0.45,3.698,0,0.2144,174.21,0,0,Benign
MALWARE_00038,719.15,7.8551,9,0,5,0,0,1,1,76.98,7.7829,22,0.9608,51.12,1,1,Maze
BENIGN_00155,2789.82,5.8519,5,1,0,0,0,0,0,0.13,4.4545,0,0.1615,193.95,0,0,Benign
MALWARE_00510,851.73,7.1452,5,0,2,2,0,1,1,30.24,7.5465,20,0.6068,48.89,2,1,LockBit
BENIGN_01687,102.16,3.9243,4,1,0,0,56,0,0,0.01,4.2023,0,0.1695,121.85,0,0,Benign
MALWARE_00402,177.85,7.4767,2,0,3,0,0,1,1,45.12,7.6051,19,0.8794,36.04,2,1,LockBit
MALWARE_02450,576.69,7.487,9,0,8,2,28,0,1,64.52,7.9543,17,0.9211,63.27,1,1,REvil
MALWARE_01364,525.2,7.5504,2,0,2,0,0,1,0,51.1,7.8209,17,0.7363,14.82,1,1,Maze
MALWARE_00234,594.15,7.6051,9,0,4,2,0,1,1,45.84,7.7201,21,0.9265,22.78,2,1,WannaCry
BENIGN_01896,1813.82,5.4732,4,0,0,0,56,0,0,0.07,4.4717,0,0.05,113.66,0,0,Benign
BENIGN_00570,1715.34,3.1726,5,1,0,0,0,0,0,0.11,3.4547,0,0.05,122.92,0,0,Benign
BENIGN_01817,637.32,6.008,5,1,1,0,56,0,0,0.42,3.7892,0,0.129,98.53,0,0,Benign
BENIGN_02066,2457.92,4.9645,3,1,1,0,0,0,0,0.17,4.5229,0,0.0757,86.55,0,0,Benign
BENIGN_00128,1902.32,5.1198,5,1,0,0,84,0,0,0.18,3.8092,0,0.05,123.92,0,0,Benign
MALWARE_00895,129.3,7.8306,2,0,5,0,0,1,1,58.69,7.5672,21,0.8988,55.53,4,1,WannaCry
MALWARE_00828,484.58,7.7396,5,0,9,0,0,1,0,65.83,7.8679,16,0.7147,55.25,4,1,Maze
MALWARE_02487,832.12,7.2881,2,0,7,0,56,1,1,47.66,7.3989,14,0.9024,28.11,1,1,Maze
MALWARE_00476,1128.14,7.6151,5,0,3,2,0,1,1,33.29,7.5224,21,0.868,33.83,2,1,Maze
BENIGN_00981,1306.46,4.1509,5,1,0,0,0,0,1,0.46,4.064,0,0.2019,97.34,0,0,Benign
BENIGN_02301,1636.4,5.8052,4,1,1,0,56,0,0,0.48,4.4964,0,0.082,100.9,0,0,Benign
BENIGN_00191,1938.97,4.3351,6,0,1,1,84,0,0,0.13,3.6231,0,0.2165,189.62,0,0,Benign
BENIGN_01140,2417.34,4.3759,6,1,0,0,0,0,0,0.01,4.2581,0,0.1574,165.88,0,0,Benign
BENIGN_00700,2155.01,4.4407,4,1,0,0,84,0,0,0.02,4.8377,0,0.0789,112.01,0,0,Benign
MALWARE_02281,801.5,7.4607,2,0,0,0,28,1,1,54.23,7.9442,17,0.9622,51.76,1,1,Ryuk
BENIGN_00607,1585.99,4.4553,5,1,0,0,0,0,0,0.78,3.3815,0,0.1074,145.05,0,0,Benign
MALWARE_01777,255.47,7.534,9,0,5,0,28,1,1,45.06,7.8994,20,0.7086,37.25,4,1,LockBit
BENIGN_00302,1241.25,3.9915,3,0,0,0,56,0,0,0.05,3.8909,0,0.1997,172.01,0,0,Benign
MALWARE_00921,1193.22,7.5898,7,0,2,0,0,1,1,50.07,7.8125,18,0.7442,33.26,2,1,Cerber
MALWARE_02321,707.7,7.3078,7,0,5,1,0,1,1,49.26,7.99,18,0.7964,30.63,1,1,Ryuk
BENIGN_01061,2045.59,5.6334,5,1,0,0,0,0,0,0.41,4.473,0,0.05,24.73,0,0,Benign
MALWARE_00066,140.29,7.6813,5,0,3,0,0,1,1,33.7,7.7233,28,1.0,34.08,1,1,LockBit
MALWARE_02495,939.2,7.99,7,0,5,1,0,0,1,40.06,7.5464,18,0.8057,36.59,1,1,Ryuk
BENIGN_01070,2478.26,5.8273,4,1,2,0,0,0,0,0.02,4.0979,0,0.1857,30.57,0,0,Benign
MALWARE_00025,99.51,7.3811,5,1,5,2,0,1,1,57.03,7.5896,19,0.6937,67.9,1,1,Cerber
BENIGN_02206,977.82,4.4769,3,1,0,0,56,0,0,0.22,4.6701,0,0.262,76.1,0,0,Benign
BENIGN_01244,20.0,4.4176,6,1,1,0,0,0,0,0.11,4.3038,0,0.1546,228.29,0,0,Benign
BENIGN_00017,2467.51,5.2304,5,1,0,0,84,0,0,0.0,3.5575,0,0.1886,108.83,0,0,Benign
MALWARE_00621,820.63,7.5628,5,0,6,0,56,1,1,56.3,7.5673,19,0.8018,61.37,1,1,Maze
MALWARE_02143,745.47,7.6916,5,0,7,0,0,0,1,55.4,7.7486,20,0.9524,52.26,1,1,Cerber
BENIGN_00816,1832.64,4.6986,5,1,1,0,56,0,0,0.64,4.0761,0,0.2102,103.33,0,0,Benign
MALWARE_00568,824.6,7.4686,2,0,5,0,0,1,1,43.65,7.99,24,0.8393,82.84,2,1,WannaCry
MALWARE_02285,909.66,7.3598,5,0,6,0,0,1,1,38.1,7.6936,27,0.8188,20.66,1,1,LockBit
BENIGN_00960,943.04,3.539,5,1,1,0,56,0,0,0.08,4.4369,0,0.107,110.85,1,0,Benign
BENIGN_00226,2519.9,4.6328,3,1,1,0,84,0,0,0.3,5.4661,0,0.2101,151.2,0,0,Benign
MALWARE_00855,440.84,7.0804,5,0,2,0,28,0,1,45.07,7.6718,23,0.7246,40.33,1,1,Cerber
BENIGN_02486,1523.01,3.8765,4,0,0,0,56,0,0,0.08,4.7175,0,0.1863,92.69,0,0,Benign
BENIGN_00563,1972.0,6.8,5,1,0,0,0,0,0,0.75,3.9788,0,0.2146,175.98,0,0,Benign
MALWARE_00937,911.22,7.3836,7,0,2,1,28,1,0,48.6,7.7673,25,0.9406,61.53,1,1,Ryuk
BENIGN_01694,1779.7,4.1472,4,1,1,0,0,0,0,0.03,4.7369,0,0.1596,58.33,1,0,Benign
BENIGN_01046,2053.79,5.5564,4,1,0,0,112,0,0,0.09,4.1524,0,0.161,190.29,0,0,Benign
MALWARE_00947,651.52,7.5127,2,0,2,0,28,1,1,41.21,7.5018,18,0.9284,24.63,4,1,Ryuk
MALWARE_02066,198.14,7.4078,9,1,6,1,0,1,1,50.15,7.57,25,0.7168,54.83,2,1,Cerber
BENIGN_00955,1855.84,3.579,5,1,0,0,0,0,0,0.03,3.8068,0,0.1656,92.35,0,0,Benign
MALWARE_02486,980.12,7.6521,2,0,4,0,0,1,1,32.0,7.61,18,0.8586,79.45,1,1,Cerber
MALWARE_00236,896.54,7.7323,7,0,3,1,0,0,0,61.97,7.7735,19,0.8283,46.35,3,1,LockBit
MALWARE_02404,913.3,7.7287,7,0,4,1,0,1,1,29.82,7.7792,17,0.9499,32.88,1,1,Cerber
MALWARE_02236,362.22,7.895,5,0,4,0,0,1,1,21.22,7.9242,15,0.9646,8.0,2,1,Cerber
MALWARE_02324,518.62,7.4777,9,0,3,0,0,1,0,45.22,7.7493,19,0.8408,77.33,1,1,Maze
BENIGN_01219,1850.4,5.216,5,1,2,0,56,0,0,0.1,3.7215,0,0.05,32.4,0,0,Benign
BENIGN_01528,1066.09,4.6541,5,1,0,0,0,0,0,0.57,4.2639,0,0.272,195.9,0,0,Benign
MALWARE_01488,365.65,7.1107,7,0,4,1,0,0,0,29.43,7.3283,16,0.8433,22.27,2,1,Ryuk
BENIGN_01301,1219.46,4.4099,5,1,0,0,84,0,0,0.0,3.811,0,0.136,153.61,1,0,Benign
MALWARE_02392,424.43,7.143,2,0,7,0,0,1,1,44.19,7.4655,24,0.9744,41.56,2,1,Ryuk
BENIGN_00161,1665.38,5.4072,5,1,0,0,0,0,0,0.03,4.1801,0,0.1334,113.57,0,0,Benign
MALWARE_01568,936.91,7.9323,9,0,2,1,0,1,1,32.2,7.624,26,0.8871,60.31,4,1,WannaCry
BENIGN_00957,1892.8,5.0639,6,1,1,0,0,0,0,0.54,4.4225,0,0.0707,71.71,0,0,Benign
MALWARE_01292,137.97,7.78,2,0,6,0,0,1,1,72.04,7.4774,11,0.7443,60.35,1,1,LockBit
MALWARE_00735,912.77,7.2651,5,0,7,0,28,0,1,56.11,7.9824,16,0.7826,51.0,1,1,REvil
MALWARE_00370,378.78,7.9694,9,0,6,2,0,1,1,43.94,7.815,19,0.7504,24.44,2,1,Cerber
MALWARE_01278,466.31,7.5234,2,0,3,0,0,1,1,45.88,7.4552,23,0.7573,42.13,3,1,WannaCry
MALWARE_01934,588.03,7.9292,7,0,3,0,0,1,0,49.91,7.8249,17,0.7544,38.9,3,1,WannaCry
MALWARE_00462,400.35,7.643,9,0,5,0,0,1,0,33.92,7.8392,18,0.9528,39.52,1,1,Cerber
BENIGN_02201,2290.0,5.1531,4,1,0,0,0,0,0,0.07,4.4154,0,0.1562,177.25,1,0,Benign
BENIGN_00099,1347.45,4.9739,5,1,1,0,56,0,0,0.17,4.8633,0,0.245,151.94,0,0,Benign
MALWARE_00058,593.21,7.8188,5,0,7,0,0,1,1,49.71,7.5014,13,0.9352,48.72,2,1,REvil
MALWARE_00684,691.26,7.1763,2,0,2,1,0,1,1,56.21,7.909,14,0.7713,56.61,1,1,LockBit
BENIGN_00254,860.52,5.5973,6,1,0,0,0,0,0,0.04,3.9201,0,0.0624,134.92,1,0,Benign
MALWARE_01424,1066.16,7.5087,7,1,7,0,0,1,1,35.2,7.4401,20,0.9731,65.72,1,1,Ryuk
MALWARE_01700,616.57,7.457,5,0,6,1,0,1,1,45.96,7.3287,18,0.7145,53.82,1,1,Cerber
BENIGN_01446,388.57,5.0357,6,0,0,0,56,0,0,0.05,5.3339,0,0.1511,226.07,0,0,Benign
BENIGN_01649,585.32,5.0501,4,1,0,0,0,0,0,0.28,3.4576,0,0.1379,84.27,0,0,Benign
MALWARE_02183,10.0,7.7264,7,0,4,1,0,1,1,24.99,7.7529,23,0.8133,49.71,1,1,Ryuk
MALWARE_02224,367.44,7.6388,7,0,8,0,0,1,1,42.95,7.6021,15,0.8667,50.75,1,1,Cerber
MALWARE_01492,542.3,7.1798,7,0,3,0,56,1,1,53.57,7.5515,21,0.7356,42.02,2,1,LockBit
BENIGN_01697,1582.57,4.2302,5,1,0,0,56,0,0,0.08,4.5278,0,0.2127,173.98,1,0,Benign
MALWARE_00692,586.95,7.8403,7,0,2,1,0,1,1,50.59,7.4201,22,0.9543,43.95,2,1,Ryuk
MALWARE_02000,328.7,7.5102,7,0,7,0,0,1,0,46.93,7.2694,18,1.0,48.07,2,1,REvil
BENIGN_01155,1794.27,4.9479,5,1,0,0,112,0,0,0.02,4.8149,0,0.2227,70.15,0,0,Benign
BENIGN_02256,890.94,4.1454,6,1,0,0,0,0,0,0.17,5.1046,0,0.104,148.89,0,0,Benign
BENIGN_01683,992.16,3.5095,5,0,0,0,56,0,1,0.07,4.2045,0,0.1311,173.41,0,0,Benign
MALWARE_00671,595.66,7.6745,5,0,2,0,0,0,1,23.53,7.6845,22,0.7164,69.56,2,1,Cerber
BENIGN_02057,1346.32,5.4764,6,1,1,0,0,0,0,0.07,4.9794,0,0.1316,79.07,0,0,Benign
MALWARE_01591,597.64,7.7918,7,0,2,0,0,1,1,34.24,7.8028,20,1.0,50.74,2,1,LockBit
MALWARE_00609,601.45,7.5518,9,0,7,0,28,1,1,38.27,7.8253,18,0.8888,57.62,1,1,Maze
MALWARE_02049,614.31,7.5992,7,0,3,0,0,0,0,45.05,7.9557,23,0.6992,40.47,4,1,WannaCry
MALWARE_01224,413.94,7.6698,5,0,6,0,0,1,1,44.52,7.5638,23,0.785,56.2,4,1,LockBit
BENIGN_02050,1448.59,3.9128,5,1,0,0,84,0,0,0.02,3.8164,0,0.05,202.53,0,0,Benign
MALWARE_01144,1324.27,7.359,9,0,7,0,0,1,1,50.36,7.4361,16,0.8436,43.12,2,1,WannaCry
MALWARE_02428,371.6,7.3865,5,0,2,2,0,1,1,44.87,7.3826,19,0.7975,30.32,2,1,LockBit
BENIGN_00624,1459.36,6.1114,4,0,0,0,56,0,0,0.34,4.8472,0,0.1294,133.88,0,0,Benign
BENIGN_00263,1628.46,4.8426,5,1,0,0,0,0,0,0.56,3.8481,0,0.1679,155.73,0,0,Benign
MALWARE_00870,418.26,7.4816,9,0,1,0,0,0,0,39.48,7.9675,17,1.0,29.07,4,1,REvil
MALWARE_01562,862.82,7.3295,5,0,5,0,0,1,1,47.1,7.7858,17,0.7521,24.52,1,1,Cerber
BENIGN_01803,1752.59,2.8642,4,0,1,0,84,0,0,0.0,4.3029,0,0.1161,167.15,0,0,Benign
MALWARE_02237,306.17,7.99,7,0,4,0,0,1,1,63.04,7.8431,13,0.8953,61.95,1,1,Maze
MALWARE_02493,654.85,7.109,5,0,6,0,28,1,1,37.91,7.6909,17,0.9071,51.86,2,1,REvil
BENIGN_02386,1870.48,5.3106,5,1,1,0,56,0,0,0.0,4.4604,0,0.0962,83.64,0,0,Benign
BENIGN_01960,1453.05,5.3751,5,1,0,0,0,0,0,0.21,3.492,0,0.05,59.74,0,0,Benign
MALWARE_00477,771.73,7.3587,9,0,3,2,0,1,1,36.32,7.7189,15,0.9589,58.91,1,1,LockBit
BENIGN_00489,2308.22,4.7645,4,1,0,0,112,0,0,0.05,3.2478,0,0.1507,189.27,0,0,Benign
BENIGN_01844,2349.12,4.9066,4,1,0,0,0,0,0,0.28,5.1249,0,0.1759,126.52,0,0,Benign
BENIGN_01735,4382.27,4.8333,5,1,0,0,0,0,0,0.06,4.273,0,0.1657,39.4,0,0,Benign
MALWARE_00412,516.62,7.3946,5,0,1,1,28,1,1,18.86,7.7703,22,0.8319,29.6,1,1,Cerber
MALWARE_00720,553.16,7.1503,7,0,4,0,0,1,1,43.43,7.99,16,1.0,65.22,2,1,REvil
BENIGN_00147,2553.69,4.7055,4,1,0,0,56,0,0,0.25,3.8608,0,0.1171,86.86,0,0,Benign
BENIGN_01987,544.3,4.8023,5,1,0,0,56,0,0,0.01,3.3682,0,0.2659,73.28,0,0,Benign
BENIGN_01370,2450.45,4.9218,4,1,1,0,56,0,0,0.4,5.0309,0,0.2242,84.64,0,0,Benign
MALWARE_00312,295.6,7.5207,5,0,4,0,0,1,1,25.13,7.8356,13,0.8769,32.76,3,1,REvil
BENIGN_00660,603.04,3.1453,5,1,0,0,56,0,0,0.07,4.2536,0,0.08,44.45,0,0,Benign
BENIGN_01795,1734.08,4.7403,4,1,0,0,0,0,0,0.42,4.9239,0,0.183,243.29,0,0,Benign
MALWARE_00012,268.33,7.3472,9,0,3,0,0,1,1,33.17,7.2933,20,0.7211,60.98,3,1,Maze
MALWARE_00898,10.0,7.6176,5,0,4,0,28,1,0,55.81,7.2531,23,0.7832,20.77,1,1,REvil
MALWARE_01783,691.69,7.4239,2,0,5,0,0,1,1,55.85,7.7789,13,0.8126,65.25,1,1,REvil
BENIGN_01148,1354.58,4.1754,4,1,1,0,0,0,0,0.01,3.907,0,0.1605,138.12,1,0,Benign
MALWARE_00773,1391.76,7.7189,7,0,4,1,0,1,1,37.65,7.4621,17,0.9644,33.49,1,1,WannaCry
BENIGN_00609,196.21,5.245,5,1,0,0,56,0,0,0.38,4.83,0,0.176,127.15,0,0,Benign
MALWARE_01083,992.87,7.2356,5,0,3,0,0,0,1,57.12,7.5444,21,0.9496,39.96,1,1,WannaCry
BENIGN_01931,1116.88,3.5405,5,1,1,0,56,0,0,0.33,4.4784,0,0.2245,143.39,0,0,Benign
BENIGN_00198,1110.22,5.3522,3,0,0,0,56,0,0,0.0,2.665,0,0.2043,62.56,0,0,Benign
MALWARE_00432,338.56,7.7227,5,0,5,0,0,0,0,25.34,7.5976,26,0.7819,97.41,2,1,LockBit
BENIGN_02328,699.93,4.1479,5,1,0,0,56,0,0,0.02,4.11,0,0.1212,23.28,0,0,Benign
MALWARE_01890,115.45,7.4565,7,0,4,0,0,0,1,27.79,7.5423,15,0.947,79.06,2,1,Cerber
BENIGN_00767,601.44,6.4365,5,0,1,0,0,0,0,0.02,3.614,0,0.1628,98.81,0,0,Benign
MALWARE_01997,606.17,7.765,5,0,6,0,0,1,1,21.42,7.6392,19,0.9003,46.06,2,1,Cerber
MALWARE_01719,1114.91,7.7013,2,0,4,0,0,1,1,59.44,7.8181,14,0.9919,23.3,1,1,Maze
MALWARE_00756,520.72,7.9824,7,0,4,0,0,1,0,45.45,7.8361,25,0.8425,67.69,2,1,Maze
BENIGN_00203,1451.77,5.1638,4,1,1,1,0,0,0,0.25,4.0572,0,0.1715,132.18,0,0,Benign
MALWARE_01011,658.49,7.99,7,0,5,0,0,1,1,43.36,7.1544,22,1.0,61.45,1,1,Ryuk
BENIGN_01734,975.06,5.0381,4,1,0,0,56,0,0,0.17,4.0721,0,0.2416,178.14,0,0,Benign
MALWARE_00278,730.51,7.1789,9,0,2,2,0,1,1,45.95,7.6232,24,0.9669,52.84,1,1,REvil
BENIGN_01708,997.64,6.386,5,0,0,0,84,0,0,0.53,5.6354,0,0.0778,207.95,0,0,Benign
MALWARE_00975,724.12,7.4604,7,0,4,0,0,0,1,59.98,7.5966,31,0.7983,34.3,1,1,Cerber
BENIGN_00855,1315.07,5.4509,5,1,0,0,0,0,0,0.33,3.1686,0,0.2338,122.33,0,0,Benign
MALWARE_02238,752.93,7.6457,5,0,1,0,0,1,1,46.59,7.3318,22,0.7958,41.6,1,1,REvil
MALWARE_01598,836.76,7.6216,9,0,4,0,0,1,1,35.88,7.3194,17,0.7288,58.56,2,1,Ryuk
BENIGN_02161,2268.45,4.374,4,1,1,0,56,0,0,0.23,3.8838,0,0.0882,185.23,0,0,Benign
BENIGN_00699,1699.07,4.3438,5,1,2,0,56,0,0,0.12,3.5056,0,0.05,118.08,0,0,Benign
MALWARE_02448,1028.59,7.5229,7,0,6,0,0,0,1,33.26,7.6115,21,0.7466,36.44,2,1,WannaCry
MALWARE_00500,10.0,7.4355,9,0,3,2,0,1,1,39.48,7.772,19,0.8438,73.09,1,1,Maze
MALWARE_01197,427.03,7.6921,5,0,4,0,0,1,1,48.65,7.7462,13,0.9109,52.77,1,1,Maze
BENIGN_01637,790.26,5.3141,4,1,0,0,84,0,0,0.53,3.6721,0,0.086,196.51,0,0,Benign
MALWARE_00958,640.32,7.2498,2,0,4,1,0,1,1,43.91,7.6875,21,1.0,63.15,1,1,LockBit
MALWARE_01082,451.19,7.5858,5,0,2,1,28,1,1,32.45,7.7363,28,0.8168,29.51,1,1,REvil
BENIGN_01292,2215.67,5.8492,4,1,0,0,112,0,0,0.52,3.5152,0,0.0512,60.4,0,0,Benign
MALWARE_02160,792.73,7.4969,7,0,6,2,0,1,1,37.46,7.8901,19,0.7155,51.75,1,1,Maze
BENIGN_01854,1784.59,4.8486,6,0,0,0,84,0,0,0.13,3.7395,0,0.1726,189.49,0,0,Benign
MALWARE_01264,722.18,7.1595,7,0,3,1,0,1,1,54.7,7.8889,18,0.6751,23.62,1,1,REvil
MALWARE_00805,528.24,7.4158,7,0,2,0,0,1,1,43.0,7.7405,24,0.9364,87.22,2,1,Maze
MALWARE_02413,647.52,7.1777,5,0,11,0,0,1,1,26.87,7.3211,16,0.9073,70.65,1,1,LockBit
MALWARE_01244,575.65,7.99,9,0,3,0,28,1,1,53.52,7.5872,20,0.883,69.88,4,1,Cerber
MALWARE_00946,1188.84,7.6182,2,0,8,0,0,1,1,29.97,7.6439,24,0.876,34.1,2,1,REvil
BENIGN_01999,1419.33,4.3199,4,1,0,1,0,0,0,0.05,4.3197,0,0.1945,130.04,0,0,Benign
BENIGN_00664,1343.13,4.6383,5,1,0,0,0,0,0,0.2,5.1916,0,0.1856,162.54,0,0,Benign
MALWARE_02280,370.93,7.6287,9,1,5,0,56,1,1,61.56,7.6637,16,0.9037,75.11,1,1,Ryuk
MALWARE_01249,413.11,7.6343,9,0,5,1,0,1,1,47.8,7.5339,23,0.6683,79.59,2,1,WannaCry
MALWARE_01914,642.65,7.99,9,0,3,0,28,1,1,53.48,7.5047,18,0.9837,49.25,1,1,REvil
MALWARE_02245,176.11,7.2294,7,0,6,0,0,1,0,27.29,7.7371,15,0.7204,31.7,3,1,Maze
BENIGN_00710,1859.55,4.5958,3,1,0,0,56,0,0,0.14,4.349,0,0.05,91.05,0,0,Benign
BENIGN_01283,1908.05,5.4343,4,1,1,0,56,0,0,0.16,4.8232,0,0.0509,169.82,0,0,Benign
MALWARE_00176,762.48,7.4015,5,0,3,1,0,1,1,51.83,7.99,22,0.8188,32.54,2,1,Ryuk
MALWARE_01530,397.24,7.5881,9,0,5,0,0,1,1,57.16,7.99,13,0.884,23.63,1,1,Cerber
BENIGN_01307,2496.49,5.1731,4,1,0,0,56,0,0,0.01,4.0313,0,0.1293,179.87,0,0,Benign
BENIGN_02238,167.35,4.9527,5,1,0,0,84,0,0,0.21,4.1308,0,0.2626,209.52,0,0,Benign
MALWARE_00803,268.58,7.1752,7,0,5,0,0,1,1,24.95,7.6977,14,0.8547,62.87,3,1,Cerber
BENIGN_02039,841.12,5.9474,5,1,0,0,0,0,0,0.11,5.2925,0,0.0922,112.83,0,0,Benign
BENIGN_01530,2785.92,6.073,5,1,1,0,56,0,0,0.34,3.9313,0,0.2297,126.15,0,0,Benign
BENIGN_01664,2590.64,4.7129,4,1,2,0,0,0,0,0.18,4.3008,0,0.1241,101.72,0,0,Benign
MALWARE_02435,691.18,7.7108,7,0,0,2,0,1,1,57.43,7.99,14,0.8105,32.93,2,1,Maze
MALWARE_02454,445.12,7.6163,7,0,7,1,0,1,1,47.65,7.6602,21,0.9889,47.9,3,1,LockBit
MALWARE_01128,649.82,7.9793,5,0,1,1,0,1,1,39.06,7.6021,19,0.8793,24.11,3,1,REvil
MALWARE_00194,1063.59,7.273,7,0,7,0,0,1,1,50.08,7.4338,16,0.8746,67.33,3,1,Ryuk
MALWARE_00561,252.3,7.4469,5,0,2,0,0,1,1,59.76,7.7612,20,0.93,31.14,2,1,REvil
BENIGN_01598,2983.73,4.1829,6,1,0,0,56,0,0,0.64,3.7428,0,0.1374,166.84,0,0,Benign
MALWARE_00230,129.58,7.4993,5,0,2,2,0,1,1,53.51,7.4821,24,1.0,53.8,1,1,Ryuk
MALWARE_00126,358.53,7.99,7,0,2,1,28,1,1,5.0,7.9485,17,0.9429,66.17,1,1,LockBit
MALWARE_00658,815.0,7.3647,7,0,4,0,0,0,0,64.08,7.5445,11,0.9805,52.67,1,1,REvil
MALWARE_00815,1060.32,7.5918,7,0,1,0,0,1,1,53.26,7.8643,21,0.9924,26.42,4,1,Maze
BENIGN_01723,1600.11,4.0647,4,1,0,0,56,0,0,0.27,4.7754,0,0.05,132.29,0,0,Benign
BENIGN_01060,2781.59,4.1736,4,1,1,0,56,0,0,0.18,4.3954,0,0.0989,160.83,0,0,Benign
MALWARE_02137,1044.18,7.9892,7,0,4,0,0,1,0,51.61,7.7235,25,0.7173,46.26,4,1,Ryuk
MALWARE_00743,662.46,7.5004,5,0,6,0,0,1,1,64.88,7.9341,17,0.8482,75.55,3,1,Maze
BENIGN_01679,2120.15,5.763,4,1,1,0,56,0,0,0.16,3.774,0,0.05,118.05,0,0,Benign
BENIGN_01758,2025.11,5.5115,3,1,0,0,56,0,0,0.11,4.9476,0,0.2839,130.82,0,0,Benign
MALWARE_01692,710.6,7.4152,2,0,5,0,0,1,1,43.67,7.6744,19,0.912,18.07,2,1,Ryuk
BENIGN_00564,1726.44,5.2009,5,1,0,0,84,0,0,0.21,4.2067,0,0.0951,161.01,0,0,Benign
MALWARE_00291,976.29,7.4653,2,0,4,1,0,1,1,66.06,7.5919,16,0.5612,69.57,1,1,LockBit
BENIGN_00864,1983.28,5.2733,5,1,2,0,0,0,0,0.26,4.7017,0,0.1903,92.94,0,0,Benign
BENIGN_01485,1663.2,5.3417,4,1,0,0,84,0,0,0.61,4.442,0,0.222,106.15,0,0,Benign
BENIGN_00207,437.35,4.862,6,1,0,0,84,0,0,0.09,3.3021,0,0.098,115.83,0,0,Benign
MALWARE_01989,499.25,7.6637,5,0,4,0,0,1,1,80.36,7.99,14,0.9382,34.29,2,1,WannaCry
BENIGN_00871,1438.51,5.8508,5,1,0,0,56,0,0,0.34,3.8805,0,0.2026,109.27,0,0,Benign
MALWARE_01994,451.97,7.522,7,0,1,1,0,1,1,37.65,7.9258,20,0.9337,31.22,1,1,WannaCry
BENIGN_00503,1526.98,5.0149,5,1,0,1,0,0,0,0.21,3.1413,0,0.1733,135.68,0,0,Benign
BENIGN_01029,1512.64,4.3661,5,1,0,0,56,0,0,0.08,3.9744,0,0.1709,159.59,0,0,Benign
MALWARE_01341,1002.25,7.2721,2,0,3,0,28,1,1,62.48,7.8374,16,0.7615,64.78,2,1,Maze
MALWARE_00191,624.81,7.0151,9,1,2,1,0,1,1,46.38,7.6989,17,0.7702,42.43,2,1,Cerber
BENIGN_01571,1279.9,5.1672,4,1,2,0,56,0,0,0.19,4.0423,0,0.2679,15.0,0,0,Benign
MALWARE_00274,740.98,7.5842,5,0,9,0,0,1,1,37.19,7.6705,21,0.7541,45.67,3,1,REvil
MALWARE_00232,807.7,7.2938,7,0,3,0,0,1,1,33.87,7.4559,22,0.9357,21.31,1,1,Cerber
BENIGN_00805,1453.96,4.3412,5,1,1,0,56,0,0,0.02,4.7574,0,0.168,91.43,1,0,Benign
MALWARE_01146,342.36,7.7485,2,0,6,1,0,0,1,5.0,7.6198,12,0.8864,36.56,4,1,Cerber
BENIGN_02455,2514.23,5.0148,3,1,0,0,56,0,1,0.26,4.6968,0,0.05,150.85,0,0,Benign
MALWARE_02099,931.94,6.9591,7,0,6,1,0,1,1,19.58,7.5376,17,0.9206,49.71,2,1,Cerber
MALWARE_00605,10.0,7.5019,2,0,4,0,0,1,0,15.23,7.99,18,0.8356,38.1,1,1,Maze
MALWARE_02376,415.67,7.2863,2,1,5,1,0,1,1,49.36,7.6874,11,0.8525,39.54,2,1,Maze
BENIGN_00201,20.0,4.9256,6,1,1,0,112,0,0,0.26,3.9464,0,0.2041,93.2,0,0,Benign
MALWARE_00600,696.58,7.6281,7,0,5,2,0,1,1,19.19,7.6291,22,0.7635,57.56,1,1,Maze
BENIGN_02279,643.68,5.1261,5,1,0,0,0,0,0,0.19,4.2837,0,0.145,52.9,0,0,Benign
MALWARE_01062,654.91,6.9979,2,0,6,1,56,1,1,9.39,7.4597,23,0.8649,97.67,2,1,LockBit
MALWARE_01975,371.62,7.7678,7,0,7,1,0,1,1,36.99,7.6783,15,0.7927,38.93,1,1,Ryuk
MALWARE_02015,820.97,7.751,2,0,7,0,0,1,1,38.67,7.8443,18,0.7762,21.47,3,1,REvil
BENIGN_00392,989.93,4.9017,4,1,0,0,56,0,0,0.55,4.2522,0,0.1796,149.22,0,0,Benign
BENIGN_01496,1340.66,4.3062,4,0,0,0,0,0,0,0.11,4.6191,0,0.0639,236.76,0,0,Benign
MALWARE_00196,317.14,7.5969,2,0,8,2,0,0,0,31.51,7.737,20,0.9309,43.71,4,1,WannaCry
BENIGN_02028,1293.05,4.6424,4,1,1,0,0,0,0,0.05,4.1348,0,0.152,114.89,0,0,Benign
MALWARE_00069,106.95,7.6789,7,0,0,0,0,1,1,30.26,7.7877,25,0.7646,38.18,1,1,WannaCry
BENIGN_00065,469.24,4.8807,4,1,1,0,0,0,0,0.21,3.9185,0,0.1922,201.03,0,0,Benign
MALWARE_01385,514.99,7.7737,7,1,9,0,28,1,1,46.95,7.4791,17,1.0,38.26,1,1,Maze
BENIGN_02063,1702.85,4.7925,4,1,1,0,0,0,0,0.03,3.6966,0,0.129,150.8,0,0,Benign
BENIGN_00493,1027.34,4.74,5,1,0,0,84,0,0,0.11,4.2522,0,0.0671,162.84,0,0,Benign
BENIGN_00380,1909.06,5.1898,5,1,0,1,112,0,0,0.01,4.8432,0,0.2365,97.18,0,0,Benign
MALWARE_02360,305.59,7.6834,2,0,4,1,28,1,1,57.4,7.6953,26,0.6622,54.88,1,1,Cerber
MALWARE_01494,417.99,7.412,5,0,4,1,0,1,1,39.0,7.4254,22,0.8222,17.28,1,1,REvil
MALWARE_02388,932.91,7.6073,7,0,5,1,0,1,1,25.61,7.8022,16,1.0,37.37,1,1,LockBit
BENIGN_01077,737.26,5.1615,6,1,0,0,56,0,0,0.14,3.2846,0,0.1942,80.98,0,0,Benign
BENIGN_00879,1937.51,5.2785,5,1,2,0,56,0,0,0.19,4.206,0,0.0949,104.45,0,0,Benign
BENIGN_00338,1803.71,4.7005,5,1,1,0,0,0,0,0.16,3.8586,0,0.0976,73.47,0,0,Benign
BENIGN_01017,1824.77,4.3996,4,1,1,0,56,0,0,0.14,4.4695,0,0.1756,107.77,0,0,Benign
BENIGN_01276,2044.92,5.3066,5,1,0,0,0,0,0,0.43,3.8014,0,0.0752,139.8,1,0,Benign
MALWARE_01299,207.07,7.7185,5,0,8,0,0,1,1,53.65,7.8405,19,0.8161,32.51,1,1,Ryuk
MALWARE_02052,604.21,7.0282,5,0,2,1,0,1,1,27.45,7.7039,16,1.0,91.82,1,1,LockBit
MALWARE_00843,696.83,7.8402,7,0,2,0,0,1,1,58.52,7.4664,14,0.9769,45.6,2,1,REvil
MALWARE_02412,664.1,7.4511,2,0,5,0,0,1,1,40.66,7.6197,21,1.0,66.89,1,1,LockBit
BENIGN_00996,2595.89,5.4305,5,1,0,0,56,0,0,0.24,3.9944,0,0.2502,115.49,0,0,Benign
BENIGN_01982,382.36,4.2711,5,1,0,0,84,0,0,0.1,4.8443,0,0.0516,140.71,0,0,Benign
MALWARE_01798,827.78,7.0603,7,1,7,1,0,1,1,29.81,7.7121,17,0.6353,10.4,1,1,Ryuk
BENIGN_00162,20.0,3.2325,5,1,1,0,56,0,0,0.07,4.6396,0,0.1287,191.67,0,0,Benign
MALWARE_02299,248.88,7.99,5,0,7,1,0,1,1,55.22,7.5976,11,0.794,30.41,2,1,REvil
BENIGN_01501,1394.06,4.8678,4,0,0,0,84,0,0,0.11,3.3028,0,0.051,69.81,0,0,Benign
MALWARE_01344,506.51,7.9641,7,0,7,0,0,1,1,44.34,7.7933,21,0.9713,46.07,3,1,Ryuk
MALWARE_00114,581.6,7.4888,2,1,4,1,0,1,1,44.47,7.6456,16,1.0,57.57,2,1,LockBit
MALWARE_00962,770.61,7.1914,5,0,3,2,0,1,1,26.27,7.99,17,0.8896,61.25,1,1,Cerber
BENIGN_01022,719.57,4.5648,5,1,0,0,56,0,0,0.59,4.3204,0,0.2486,141.87,0,0,Benign
MALWARE_00574,821.09,7.2029,7,0,1,0,0,1,1,59.25,7.9023,17,0.8313,27.36,3,1,REvil
MALWARE_01444,1269.92,7.3999,5,0,6,0,28,1,1,29.56,7.5918,17,0.7423,53.76,1,1,REvil
BENIGN_01586,967.57,3.3152,5,1,0,0,84,0,0,0.0,4.8551,0,0.1729,186.26,0,0,Benign
BENIGN_01956,693.99,5.7297,4,1,1,0,56,0,0,0.3,5.0194,0,0.1818,132.04,0,0,Benign
MALWARE_00653,780.42,7.8054,9,0,5,0,0,1,0,71.03,7.3083,27,0.8323,76.62,1,1,REvil
BENIGN_00035,20.0,4.3794,5,1,3,0,84,0,0,0.04,3.4079,0,0.2965,178.97,1,0,Benign
MALWARE_01515,1001.39,7.5804,7,0,8,1,56,1,1,35.91,7.393,22,0.8288,50.68,2,1,WannaCry
BENIGN_00776,1480.23,5.7338,5,1,1,0,56,0,0,0.12,5.1531,0,0.1338,169.0,0,0,Benign
MALWARE_00057,276.99,7.4638,2,0,6,0,28,1,1,30.81,7.7858,23,1.0,52.87,2,1,WannaCry
BENIGN_01479,1103.28,4.833,6,1,0,0,56,0,0,0.44,3.9584,0,0.1094,113.21,0,0,Benign
BENIGN_01364,1758.76,5.1819,4,0,1,0,56,0,0,0.08,4.8188,0,0.0851,116.35,0,0,Benign
MALWARE_00113,105.39,7.9172,9,0,1,0,0,1,1,49.35,7.8947,16,0.687,40.56,1,1,WannaCry
MALWARE_00325,790.09,7.5034,7,0,5,0,0,1,1,44.91,7.9636,17,0.727,100.15,3,1,REvil
BENIGN_02042,1009.14,4.2357,5,1,1,0,0,0,0,0.75,4.2592,0,0.2351,99.25,0,0,Benign
BENIGN_00242,3654.43,3.6589,4,1,0,0,84,0,0,0.11,4.6688,0,0.2891,103.94,0,0,Benign
BENIGN_02062,3248.3,5.428,5,1,0,0,56,0,0,0.05,4.2654,0,0.2426,153.01,0,0,Benign
BENIGN_02364,470.33,5.7248,4,1,0,0,56,0,0,0.03,4.4386,0,0.2624,61.6,0,0,Benign
BENIGN_00601,684.85,3.5159,4,1,0,0,56,0,0,0.01,5.8001,0,0.1578,175.83,0,0,Benign
BENIGN_02436,1034.34,5.0659,4,1,0,0,56,0,0,0.4,3.5662,0,0.1758,123.8,0,0,Benign
MALWARE_00389,1137.79,7.8491,7,0,2,0,0,1,1,58.17,7.5581,26,0.9421,58.41,1,1,WannaCry
BENIGN_00647,1401.05,4.5018,4,1,0,0,56,0,0,0.05,5.2354,0,0.1597,157.67,0,0,Benign
MALWARE_01391,174.59,7.6493,5,0,1,1,56,1,1,56.32,7.6733,23,0.8754,63.94,4,1,Cerber
MALWARE_01057,958.89,7.6321,2,1,1,0,0,1,1,23.98,7.888,22,0.8431,67.7,1,1,Cerber
MALWARE_00703,866.69,7.6368,9,0,3,0,0,1,1,48.33,7.4136,13,0.8777,56.43,1,1,LockBit
BENIGN_01529,2492.31,3.9744,6,1,1,0,84,0,0,0.44,4.1505,0,0.205,63.71,0,0,Benign
BENIGN_01268,2629.04,4.7697,4,1,0,0,56,0,0,0.63,4.9689,0,0.2048,153.01,0,0,Benign
BENIGN_01900,1605.38,3.5258,6,1,0,0,56,0,0,0.16,3.6496,0,0.2502,132.73,0,0,Benign
MALWARE_02159,400.94,7.6484,5,0,2,0,0,1,0,13.97,7.7068,21,0.9182,70.4,3,1,Maze
MALWARE_00506,1084.55,7.614,7,0,2,1,0,1,1,25.48,7.9798,22,0.7636,57.37,2,1,LockBit
MALWARE_00235,354.82,7.9635,9,1,4,0,0,1,1,40.87,7.6229,19,0.8656,64.92,1,1,LockBit
BENIGN_00190,514.29,4.4566,6,1,3,0,0,0,0,0.18,4.5531,0,0.1652,86.9,1,0,Benign
BENIGN_01807,2642.96,5.4243,3,1,0,0,56,0,0,0.01,4.4644,0,0.2701,96.2,0,0,Benign
BENIGN_00976,1232.5,4.1209,3,1,1,0,84,0,0,0.31,3.4148,0,0.2225,140.29,0,0,Benign
MALWARE_00248,185.68,7.7458,9,1,2,0,0,0,1,57.18,7.8839,20,0.8433,34.41,2,1,Maze
BENIGN_02048,84.09,5.6315,3,1,0,0,0,0,0,0.04,3.7094,0,0.1941,148.95,0,0,Benign
MALWARE_00059,381.42,7.9892,7,0,5,1,56,1,1,28.63,7.3818,22,0.6338,81.77,3,1,WannaCry
BENIGN_01083,1998.96,3.5367,4,1,0,0,56,0,0,0.3,3.4522,0,0.0586,137.4,0,0,Benign
BENIGN_00475,371.0,4.6906,5,1,0,0,56,0,0,0.35,4.2992,0,0.05,95.82,0,0,Benign
MALWARE_00405,499.34,7.99,2,0,4,0,0,1,1,37.63,7.8193,21,0.9046,66.69,1,1,LockBit
MALWARE_02344,599.72,7.7713,9,0,6,0,0,1,0,56.92,7.4536,27,0.7704,11.79,1,1,WannaCry
MALWARE_01618,702.51,7.439,7,0,5,0,0,0,1,24.43,7.4363,19,0.8535,37.94,1,1,REvil
MALWARE_00886,667.6,7.1956,5,1,7,1,0,1,1,41.09,7.5028,28,0.8737,52.61,1,1,Ryuk
MALWARE_02056,211.47,7.6799,7,1,6,1,0,1,1,62.98,7.8042,18,0.7948,53.11,1,1,LockBit
BENIGN_01185,668.38,4.5375,4,1,0,0,56,0,0,0.0,3.7876,0,0.2379,15.0,0,0,Benign
BENIGN_02434,1984.16,5.0052,5,0,0,0,56,0,0,0.13,4.0285,0,0.2066,128.28,0,0,Benign
BENIGN_02392,295.81,4.8272,5,0,0,0,0,0,0,0.21,4.9581,0,0.0526,148.19,0,0,Benign
BENIGN_00770,393.68,4.5069,4,1,0,1,112,0,0,0.18,4.3061,0,0.05,87.27,1,0,Benign
BENIGN_01686,1953.58,4.1734,5,1,0,0,56,0,0,0.38,3.4206,0,0.05,153.45,0,0,Benign
BENIGN_00131,2077.91,4.5017,6,1,0,0,84,0,0,0.1,5.2087,0,0.0899,178.33,0,0,Benign
MALWARE_00420,562.53,7.6206,2,0,2,0,0,1,1,28.76,7.5271,18,0.9023,34.26,1,1,Ryuk
MALWARE_00672,10.0,7.3836,7,0,4,0,0,1,1,47.93,7.9115,19,0.7374,43.97,3,1,REvil
MALWARE_00945,964.8,7.2565,2,0,3,2,0,1,1,44.97,7.5963,18,0.8029,54.34,1,1,Maze
MALWARE_01927,675.64,7.7583,5,0,1,2,0,1,1,46.63,7.9088,25,0.8681,32.03,1,1,Cerber
BENIGN_00467,2373.68,3.6188,4,0,0,0,112,0,0,0.02,3.0643,0,0.1749,60.61,0,0,Benign
MALWARE_00593,446.68,7.4111,7,0,5,0,0,1,1,11.86,7.7377,16,0.7322,59.13,2,1,WannaCry
MALWARE_01273,10.0,7.4849,9,0,6,1,0,1,1,35.76,7.4828,11,0.9381,67.32,2,1,Maze
BENIGN_00861,1202.83,3.3792,4,1,1,0,84,0,0,0.18,4.9165,0,0.2541,20.08,0,0,Benign
